0.324999, 0.000759909, 0.495184
0.325681, 0.000757419, 0.495544
0.32647, 0.000756562, 0.495948
0.327253, 0.000758961, 0.49635
0.328113, 0.000757092, 0.496809
0.32888, 0.000754844, 0.497229
0.329631, 0.000758197, 0.497645
0.330489, 0.000755501, 0.498119
0.331341, 0.00075659, 0.498579
0.332275, 0.000753866, 0.499101
0.333181, 0.000753092, 0.499625
0.3341, 0.000754109, 0.500158
0.334988, 0.000754309, 0.50067
0.335978, 0.000752683, 0.50125
0.336846, 0.000754283, 0.501773
0.3377, 0.000752585, 0.502298
0.338681, 0.00075229, 0.5029
0.339593, 0.000746553, 0.503464
0.340572, 0.000747416, 0.504069
0.341516, 0.000749511, 0.504666
0.342508, 0.000750399, 0.505298
0.343508, 0.000747588, 0.505948
0.344378, 0.000747801, 0.506529
0.345305, 0.00074528, 0.507141
0.346179, 0.000746895, 0.507721
0.347167, 0.000745597, 0.508385
0.348027, 0.000744925, 0.508979
0.348867, 0.000742432, 0.509553
0.34981, 0.000742949, 0.510209
0.350775, 0.000744018, 0.510885
0.351613, 0.000741949, 0.511484
0.352498, 0.000739635, 0.512119
0.353393, 0.000743956, 0.512769
0.354308, 0.000738427, 0.513445
0.355117, 0.000742176, 0.514039
0.355887, 0.000738712, 0.51461
0.356737, 0.00073991, 0.515254
0.357626, 0.000738304, 0.515928
0.358477, 0.000733545, 0.516586
0.359278, 0.00073367, 0.517213
0.360059, 0.000737683, 0.517823
0.360813, 0.000737114, 0.518413
0.36164, 0.000733751, 0.519065
0.362348, 0.000732264, 0.519641
0.363098, 0.00073494, 0.520255
0.36386, 0.000731627, 0.520879
0.364582, 0.000732852, 0.521464
0.365353, 0.000728165, 0.522103
0.366068, 0.000728499, 0.522713
0.366696, 0.000731441, 0.523258
0.367418, 0.000731226, 0.523872
0.368163, 0.000729016, 0.524492
0.36888, 0.000729976, 0.525099
0.369555, 0.000729335, 0.525695
0.370212, 0.000727377, 0.526282
0.370846, 0.00072678, 0.526842
0.371552, 0.000722905, 0.527469
0.372268, 0.000715775, 0.528138
0.372878, 0.000707026, 0.52872
0.373435, 0.000704856, 0.529276
0.373947, 0.000699353, 0.529796
0.374526, 0.000701257, 0.530365
0.375005, 0.000711795, 0.530849
0.375437, 0.000735557, 0.531288
0.375835, 0.000752328, 0.531678
0.376249, 0.000759053, 0.532051
0.376632, 0.000762033, 0.532371
0.377002, 0.000755959, 0.532655
0.37734, 0.0007587, 0.532881
0.377663, 0.000757113, 0.533063
0.377994, 0.000761089, 0.533199
0.378263, 0.000764695, 0.533238
0.378516, 0.000772346, 0.533209
0.378704, 0.000766261, 0.533116
0.378862, 0.000753356, 0.532946
0.378983, 0.000743342, 0.532705
0.379061, 0.000732231, 0.532389
0.379111, 0.0007344, 0.531961
0.379139, 0.000741594, 0.531469
0.379161, 0.000756838, 0.530963
0.379189, 0.000780711, 0.530339
0.379224, 0.000806345, 0.529724
0.379269, 0.000853541, 0.52899
0.379301, 0.000902583, 0.528278
0.379327, 0.000960058, 0.527459
0.379351, 0.00101401, 0.526572
0.379371, 0.00106127, 0.525714
0.37938, 0.00110444, 0.524743
0.379376, 0.0011489, 0.523728
0.379368, 0.00117041, 0.522721
0.37937, 0.00118898, 0.521704
0.379391, 0.00119575, 0.5207
0.379438, 0.00119382, 0.519801
0.379501, 0.00119831, 0.518875
0.379584, 0.00120163, 0.518051
0.379708, 0.00120688, 0.517183
0.379868, 0.00121514, 0.51636
0.380044, 0.0012179, 0.515636
0.380285, 0.00123338, 0.514877
0.380551, 0.0012542, 0.514208
0.380874, 0.00127711, 0.513593
0.381294, 0.00131934, 0.512978
0.381647, 0.00134612, 0.512576
0.382287, 0.00140079, 0.511976
0.382832, 0.00145006, 0.511561
0.383403, 0.00152237, 0.51119
0.384066, 0.00160503, 0.510864
0.384706, 0.00168795, 0.510607
0.385403, 0.00176851, 0.510418
0.38627, 0.00185794, 0.510292
0.387098, 0.00193769, 0.510235
0.387931, 0.00202445, 0.510232
0.388848, 0.00212601, 0.510294
0.389797, 0.00222875, 0.510424
0.390848, 0.00232652, 0.510615
0.391825, 0.00241941, 0.510804
0.392864, 0.00251063, 0.511031
0.393897, 0.00260348, 0.511296
0.394978, 0.00268573, 0.511605
0.396063, 0.0027595, 0.511939
0.397014, 0.00282108, 0.512219
0.397951, 0.00287395, 0.512509
0.398903, 0.00292364, 0.512857
0.39993, 0.00296853, 0.513286
0.400817, 0.00300235, 0.513656
0.401766, 0.003044, 0.514037
0.402643, 0.00307634, 0.514413
0.403593, 0.00310597, 0.51482
0.404393, 0.00313273, 0.515173
0.405219, 0.00316152, 0.515507
0.405961, 0.00318773, 0.515819
0.406813, 0.00321094, 0.51618
0.40762, 0.00323097, 0.516504
0.40829, 0.00324812, 0.516746
0.408995, 0.00326392, 0.516979
0.409675, 0.00328408, 0.517195
0.410299, 0.00330066, 0.517382
0.410948, 0.00331863, 0.517543
0.411529, 0.0033406, 0.51766
0.411992, 0.00335736, 0.517722
0.412439, 0.00337397, 0.517741
0.412793, 0.00338805, 0.517717
0.413104, 0.0033966, 0.517656
0.41342, 0.00340561, 0.517544
0.41369, 0.00340577, 0.517438
0.413972, 0.00341008, 0.517289
0.414238, 0.00341049, 0.517116
0.414499, 0.00341545, 0.51693
0.414718, 0.00341163, 0.516747
0.414929, 0.00341167, 0.516532
0.415099, 0.00340635, 0.516312
0.415272, 0.00340595, 0.516055
0.415421, 0.00341096, 0.515804
0.415562, 0.00340874, 0.515567
0.415685, 0.00341154, 0.515347
0.415807, 0.00341455, 0.515133
0.415944, 0.00342311, 0.514897
0.416072, 0.0034277, 0.514679
0.416173, 0.00343164, 0.514517
0.416281, 0.00342947, 0.514371
0.416379, 0.00342582, 0.51428
0.416495, 0.00342966, 0.514226
0.416606, 0.00342752, 0.514212
0.416738, 0.00343108, 0.514244
0.416866, 0.00343728, 0.514322
0.417026, 0.00343896, 0.51447
0.417186, 0.00343523, 0.514651
0.417353, 0.00343139, 0.514855
0.417535, 0.00342696, 0.515071
0.41775, 0.00342352, 0.515334
0.417975, 0.00342394, 0.515604
0.418174, 0.0034273, 0.515847
0.418516, 0.00342964, 0.516254
0.41881, 0.00343083, 0.516593
0.419147, 0.00342809, 0.516979
0.419499, 0.00342682, 0.517389
0.419845, 0.00343503, 0.517805
0.42022, 0.003439, 0.518251
0.420515, 0.00344126, 0.518613
0.420905, 0.00344669, 0.51908
0.421253, 0.003449, 0.519494
0.421622, 0.00345399, 0.519926
0.421998, 0.00345263, 0.520358
0.422423, 0.00345474, 0.520864
0.422827, 0.00345607, 0.521351
0.423195, 0.00345907, 0.521803
0.423541, 0.00345582, 0.522235
0.423871, 0.00345154, 0.522646
0.424163, 0.00343983, 0.523005
0.424458, 0.00342991, 0.523363
0.424791, 0.00342001, 0.523779
0.425116, 0.00341592, 0.524192
0.425384, 0.00341303, 0.52454
0.425644, 0.00341946, 0.524876
0.425838, 0.00342236, 0.525134
0.426001, 0.00342232, 0.525359
0.426133, 0.00341738, 0.525537
0.426234, 0.00341481, 0.525658
0.426288, 0.00340857, 0.525721
0.426309, 0.00340882, 0.525739
0.42631, 0.00340827, 0.525729
0.426305, 0.00341193, 0.525702
0.426298, 0.00341864, 0.525671
0.426289, 0.0034163, 0.525638
0.426277, 0.00341448, 0.525607
0.426268, 0.00341175, 0.52558
0.426262, 0.00340697, 0.525551
0.426253, 0.00340793, 0.525524
0.426242, 0.00340672, 0.525491
0.426228, 0.00341157, 0.525468
0.426216, 0.00340965, 0.525443
0.426206, 0.00340991, 0.525426
0.426198, 0.0034067, 0.525406
0.426194, 0.00340163, 0.525391
0.42619, 0.00340123, 0.525382
0.426189, 0.00340523, 0.525384
0.426189, 0.00340343, 0.525386
0.42619, 0.00340246, 0.525384
0.42619, 0.00340444, 0.525385
0.426191, 0.00340429, 0.525381
0.426191, 0.00340269, 0.525369
0.426191, 0.00340206, 0.525366
0.426189, 0.00340456, 0.525351
0.426186, 0.00340001, 0.525339
0.426182, 0.00339808, 0.525331
0.426177, 0.00339649, 0.525317
0.426172, 0.00339781, 0.525304
0.426169, 0.00339905, 0.525292
0.426165, 0.00339863, 0.525293
0.426164, 0.00339863, 0.525286
0.426164, 0.00339367, 0.525281
0.426163, 0.003396, 0.525268
0.426161, 0.00339677, 0.525259
0.426156, 0.00339658, 0.525241
0.426153, 0.00339206, 0.525227
0.426149, 0.0033881, 0.52521
0.426145, 0.00338761, 0.525195
0.426142, 0.00338375, 0.525181
0.426138, 0.0033867, 0.525164
0.426133, 0.00338904, 0.525147
0.426129, 0.00338873, 0.525125
0.426122, 0.00338429, 0.5251
0.426117, 0.00338285, 0.525072
0.426114, 0.00338068, 0.525049
0.426108, 0.0033806, 0.525023
0.426104, 0.00337912, 0.524996
0.426099, 0.00337455, 0.524967
0.426095, 0.0033748, 0.524945
0.42609, 0.00337267, 0.52491
0.426085, 0.00337024, 0.524882
0.426079, 0.00336611, 0.524848
0.426072, 0.003365, 0.524812
0.426064, 0.00336261, 0.524771
0.426054, 0.00336381, 0.52473
0.426044, 0.0033597, 0.524678
0.426034, 0.00335787, 0.524639
0.426028, 0.00335352, 0.524595
0.426019, 0.00335169, 0.524551
0.426011, 0.00334914, 0.524499
0.426003, 0.00334537, 0.524452
0.425995, 0.00334234, 0.5244
0.425987, 0.00334356, 0.524352
0.425978, 0.00333618, 0.524301
0.425969, 0.00333702, 0.524258
0.425961, 0.00332667, 0.524204
0.425952, 0.00332255, 0.524155
0.425942, 0.00331282, 0.524103
0.425932, 0.00329997, 0.524059
0.425924, 0.00329479, 0.524026
0.425914, 0.00327763, 0.523978
0.425907, 0.00327209, 0.523941
0.425902, 0.00326548, 0.523913
0.425898, 0.00325985, 0.523891
0.425896, 0.00325329, 0.523869
0.425895, 0.00324811, 0.523853
0.425892, 0.00324171, 0.523832
0.425889, 0.00324065, 0.523815
0.425883, 0.00323798, 0.523795
0.425879, 0.0032366, 0.523779
0.425875, 0.00323135, 0.523766
0.425873, 0.00322876, 0.523755
0.425872, 0.00322434, 0.523757
0.42587, 0.00321963, 0.523753
0.42587, 0.0032134, 0.523753
0.425869, 0.00320707, 0.523755
0.425868, 0.00320436, 0.523761
0.425867, 0.00320153, 0.52376
0.425866, 0.00319797, 0.523762
0.425867, 0.003197, 0.523762
0.425868, 0.00319201, 0.523757
0.425867, 0.00318962, 0.523754
0.425865, 0.00318611, 0.523751
0.425864, 0.00318744, 0.523753
0.425861, 0.00318304, 0.523756
0.42586, 0.00317801, 0.523758
0.425857, 0.00317174, 0.523768
0.425854, 0.00315862, 0.523775
0.425851, 0.00315103, 0.523785
0.425848, 0.00314233, 0.523792
0.425848, 0.00313598, 0.52379
0.425846, 0.00313512, 0.523786
0.425844, 0.00312835, 0.523788
0.425844, 0.00312838, 0.523794
0.425843, 0.00312197, 0.523795
0.425838, 0.00312407, 0.5238
0.425835, 0.00312378, 0.523811
0.425831, 0.00312407, 0.523817
0.425826, 0.00311819, 0.523827
0.425826, 0.00311525, 0.523834
0.425824, 0.00311543, 0.523839
0.425823, 0.00311205, 0.523838
0.42582, 0.00311262, 0.523841
0.42582, 0.00311453, 0.523845
0.425819, 0.0031106, 0.523845
0.425817, 0.00311172, 0.523849
0.425816, 0.00311377, 0.523853
0.425815, 0.00311176, 0.523855
0.425815, 0.0031149, 0.523859
0.425815, 0.00311278, 0.523857
0.425816, 0.00311301, 0.523854
0.425815, 0.00310724, 0.523852
0.425815, 0.00310857, 0.52385
0.425814, 0.00310914, 0.523853
0.425812, 0.00311358, 0.523857
0.425812, 0.00310995, 0.523862
0.425812, 0.00310969, 0.523863
0.425813, 0.00311249, 0.523858
0.425812, 0.00310831, 0.523858
0.425813, 0.00310753, 0.523851
0.425812, 0.00311073, 0.523856
0.425813, 0.00310894, 0.523861
0.425812, 0.00311202, 0.52386
0.425811, 0.00310758, 0.523864
0.425811, 0.00310741, 0.523864
0.42581, 0.00310593, 0.523871
0.42581, 0.00310505, 0.523873
0.425809, 0.00310554, 0.523879
0.425808, 0.00310853, 0.523882
0.425808, 0.00311116, 0.523883
0.425806, 0.00310948, 0.52388
0.425807, 0.00310994, 0.523882
0.425807, 0.00310973, 0.523878
0.425807, 0.00311165, 0.523876
0.425807, 0.00310825, 0.523874
0.425806, 0.00310961, 0.523876
0.425806, 0.00310652, 0.523883
0.425804, 0.00310615, 0.523886
0.425804, 0.00310718, 0.523887
0.425802, 0.00310752, 0.523884
0.425802, 0.00311178, 0.52389
0.425802, 0.0031083, 0.523889
0.4258, 0.003108, 0.523891
0.425799, 0.0031103, 0.523896
0.425799, 0.00310805, 0.523896
0.425798, 0.0031048, 0.523898
0.425797, 0.00310657, 0.523902
0.425795, 0.00310613, 0.523903
0.425794, 0.00310538, 0.523904
0.425793, 0.00310691, 0.523912
0.425789, 0.0031081, 0.52392
0.425783, 0.00310677, 0.523934
0.425771, 0.00310435, 0.523956
0.425758, 0.00310445, 0.523984
0.425747, 0.00310548, 0.524015
0.425737, 0.00310865, 0.524048
0.425725, 0.00310912, 0.524072
0.425708, 0.00310662, 0.524111
0.425686, 0.00310098, 0.524149
0.425669, 0.00309646, 0.524191
0.425651, 0.0031036, 0.524234
0.425627, 0.0031032, 0.524285
0.425605, 0.00310636, 0.524333
0.425586, 0.00310822, 0.52438
0.425558, 0.00311417, 0.524438
0.425538, 0.00311917, 0.524485
0.42552, 0.00311423, 0.524526
0.4255, 0.00310603, 0.524559
0.425482, 0.00310197, 0.524588
0.425464, 0.00309754, 0.524633
0.425448, 0.00309722, 0.524673
0.425434, 0.00310009, 0.524706
0.425423, 0.00309895, 0.524739
0.425416, 0.0030976, 0.524759
0.425405, 0.00310093, 0.524775
0.425397, 0.00309762, 0.524792
0.425387, 0.00310056, 0.52481
0.425382, 0.00309987, 0.524823
0.425379, 0.00310033, 0.524828
0.425377, 0.00310314, 0.524833
0.425376, 0.00310147, 0.524837
0.425376, 0.0031008, 0.524836
0.425378, 0.0030999, 0.524832
0.425377, 0.00309731, 0.524828
0.425378, 0.0030978, 0.52483
0.425376, 0.00309751, 0.52483
0.425375, 0.00309782, 0.524828
0.425375, 0.0030953, 0.524829
0.425375, 0.00309577, 0.524829
0.425375, 0.00309797, 0.52483
0.425377, 0.00309908, 0.524825
0.425375, 0.00309885, 0.524824
0.425375, 0.00310137, 0.524825
0.425376, 0.00309684, 0.524826
0.425375, 0.00309917, 0.524827
0.425375, 0.00310001, 0.524829
0.425375, 0.00309812, 0.524828
0.425376, 0.00309831, 0.524829
0.425376, 0.00309834, 0.524827
0.425375, 0.00309705, 0.524827
0.425375, 0.00309925, 0.524828
0.425376, 0.00309777, 0.524832
0.425376, 0.00309913, 0.524829
0.425377, 0.00309818, 0.524825
0.425378, 0.00310041, 0.524824
0.425376, 0.0030977, 0.524818
0.425375, 0.00310406, 0.524817
0.425376, 0.00310156, 0.524816
0.425375, 0.00310301, 0.524817
0.425377, 0.00310308, 0.524817
0.425376, 0.00310502, 0.524823
0.425375, 0.00310469, 0.524818
0.425376, 0.0030995, 0.524819
0.425375, 0.00309793, 0.524819
0.425374, 0.00309247, 0.524824
0.425374, 0.00309972, 0.524824
0.425373, 0.00309567, 0.524825
0.425373, 0.0031028, 0.524829
0.425373, 0.00310377, 0.524825
0.425373, 0.00310101, 0.524826
0.425373, 0.00310135, 0.524822
0.425373, 0.00309931, 0.524821
0.425375, 0.0030974, 0.52482
0.425374, 0.00309731, 0.524822
0.425373, 0.00309675, 0.524819
0.425372, 0.00309814, 0.524822
0.425372, 0.00309897, 0.524826
0.42537, 0.00309808, 0.524831
0.425371, 0.00309782, 0.52483
0.425371, 0.00309868, 0.524832
0.425371, 0.00309778, 0.524826
0.425372, 0.00309882, 0.524827
0.425373, 0.00310042, 0.524817
0.425373, 0.00310223, 0.524814
0.425371, 0.00310066, 0.524809
0.425372, 0.0031023, 0.524805
0.425371, 0.00310125, 0.524806
0.425372, 0.00309787, 0.524807
0.425372, 0.0031006, 0.524808
0.425373, 0.00309921, 0.524806
0.425373, 0.00309932, 0.524802
0.425372, 0.00309833, 0.524804
0.425371, 0.00310135, 0.524803
0.42537, 0.00310026, 0.5248
0.42537, 0.00310153, 0.524804
0.425371, 0.00310072, 0.524805
0.425372, 0.00309942, 0.524809
0.425372, 0.00309892, 0.524803
0.425372, 0.00310367, 0.524801
0.425372, 0.00309994, 0.524801
0.425371, 0.00309927, 0.524799
0.425372, 0.00309919, 0.524798
0.425372, 0.00310027, 0.524804
0.425371, 0.00309798, 0.524805
0.425371, 0.00309759, 0.524808
0.42537, 0.00309694, 0.524809
0.42537, 0.00310206, 0.524813
0.425369, 0.00310004, 0.524813
0.425371, 0.00309863, 0.524812
0.425371, 0.00309553, 0.524812
0.425371, 0.00309756, 0.52481
0.42537, 0.00309751, 0.52481
0.42537, 0.00309848, 0.524809
0.42537, 0.00309751, 0.524814
0.42537, 0.00309748, 0.524814
0.42537, 0.00309764, 0.524812
0.425371, 0.00309393, 0.52481
0.425369, 0.00309706, 0.524812
0.425369, 0.00309524, 0.524812
0.425369, 0.00309746, 0.524811
0.425369, 0.0030976, 0.524815
0.425368, 0.00309554, 0.524816
0.425368, 0.00309405, 0.524815
0.425369, 0.00309396, 0.524816
0.425369, 0.00309503, 0.524815
0.425368, 0.00309725, 0.52481
0.425369, 0.0030972, 0.524811
0.425368, 0.00309501, 0.524814
0.425368, 0.00309616, 0.524814
0.425368, 0.00309641, 0.524812
0.425368, 0.00309606, 0.524814
0.425369, 0.00309733, 0.524814
0.425368, 0.00309683, 0.524809
0.42537, 0.00309409, 0.524808
0.425369, 0.00309447, 0.524811
0.425368, 0.00309697, 0.52481
0.425369, 0.00309511, 0.524806
0.425369, 0.0030938, 0.524804
0.425369, 0.00309676, 0.524806
0.425368, 0.0030951, 0.52481
0.425368, 0.00309501, 0.524803
0.425368, 0.00309616, 0.524806
0.425367, 0.0030957, 0.524806
0.425369, 0.00309602, 0.524803
0.425367, 0.00309731, 0.52481
0.425367, 0.00309581, 0.524811
0.425367, 0.00309585, 0.524811
0.425368, 0.00309656, 0.524812
0.425369, 0.00309383, 0.524811
0.425368, 0.00309836, 0.524808
0.425369, 0.0030948, 0.524805
0.425367, 0.00309941, 0.524807
0.425367, 0.00309762, 0.524808
0.425367, 0.00309583, 0.524814
0.425366, 0.00309382, 0.524813
0.425365, 0.00309851, 0.524811
0.425365, 0.00309829, 0.524811
0.425365, 0.00309417, 0.524812
0.425365, 0.0030992, 0.524813
0.425364, 0.00309564, 0.524814
0.425365, 0.00309602, 0.524813
0.425364, 0.00309596, 0.524816
0.425364, 0.00309691, 0.524817
0.425364, 0.00309694, 0.524816
0.425363, 0.00309705, 0.524817
0.425363, 0.00309533, 0.524818
0.425363, 0.00309695, 0.524816
0.425364, 0.00309451, 0.524818
0.425363, 0.00309568, 0.524823
0.425361, 0.00309686, 0.524823
0.425361, 0.00309742, 0.524826
0.425361, 0.00309747, 0.524822
0.425361, 0.00309385, 0.524828
0.425361, 0.00309406, 0.524824
0.42536, 0.00309265, 0.524823
0.42536, 0.00309542, 0.524822
0.42536, 0.00309556, 0.524825
0.425359, 0.00309437, 0.524826
0.42536, 0.00309472, 0.524827
0.425359, 0.00309384, 0.524829
0.425359, 0.00309584, 0.524828
0.425359, 0.00309592, 0.524829
0.425359, 0.00309366, 0.524831
0.425358, 0.00309538, 0.52483
0.425359, 0.00309246, 0.524831
0.425358, 0.00309445, 0.524826
0.425359, 0.00309598, 0.524827
0.425359, 0.00309365, 0.524826
0.425359, 0.00309422, 0.524827
0.42536, 0.00309536, 0.524824
0.425359, 0.00309463, 0.524823
0.425359, 0.0030968, 0.524826
0.425358, 0.00309462, 0.524828
0.425359, 0.00309486, 0.52483
0.425358, 0.00309648, 0.524834
0.425358, 0.00309347, 0.524831
0.425359, 0.0030929, 0.524831
0.425359, 0.00309435, 0.524827
0.42536, 0.00309573, 0.52483
0.42536, 0.00309527, 0.524828
0.425359, 0.00309621, 0.524825
0.425359, 0.00309552, 0.524831
0.425358, 0.00309455, 0.524831
0.425358, 0.0030895, 0.524833
0.425357, 0.00309555, 0.524837
0.425358, 0.00309481, 0.52484
0.425358, 0.00309576, 0.524836
0.425356, 0.00309798, 0.52484
0.425355, 0.00309629, 0.524841
0.425356, 0.00309751, 0.524839
0.425355, 0.00309296, 0.524843
0.425355, 0.00309759, 0.524843
0.425354, 0.00309383, 0.524849
0.425354, 0.00309338, 0.524849
0.425354, 0.00309397, 0.524848
0.425354, 0.00309632, 0.524846
0.425353, 0.00309248, 0.524844
0.425354, 0.00309372, 0.524846
0.425352, 0.00309262, 0.524849
0.425351, 0.00309101, 0.524848
0.42535, 0.00309395, 0.524853
0.42535, 0.00309192, 0.524861
0.425349, 0.00309307, 0.524867
0.42535, 0.00309382, 0.524863
0.42535, 0.0030972, 0.524863
0.42535, 0.00309373, 0.524858
0.425349, 0.00309594, 0.524849
0.425349, 0.00309626, 0.524852
0.425346, 0.00309489, 0.52486
0.425348, 0.00309441, 0.524859
0.425346, 0.00309376, 0.524868
0.425344, 0.00309301, 0.524878
0.425344, 0.00309304, 0.524878
0.425343, 0.00308912, 0.52488
0.425343, 0.00308554, 0.524879
0.425343, 0.00308632, 0.52488
0.425342, 0.00308863, 0.524877
0.425341, 0.00308805, 0.524882
0.425341, 0.00308991, 0.524882
0.425342, 0.0030952, 0.524882
0.42534, 0.00309471, 0.524884
0.425341, 0.00309642, 0.524885
0.425341, 0.00309339, 0.524882
0.425341, 0.00309003, 0.524884
0.425342, 0.00308764, 0.524883
0.425341, 0.00309037, 0.524882
0.425341, 0.00309147, 0.524885
0.425341, 0.0030877, 0.524886
0.425339, 0.003085, 0.524885
0.425339, 0.0030853, 0.524892
0.425337, 0.00308604, 0.524893
0.425337, 0.00308714, 0.524899
0.425336, 0.00308715, 0.524899
0.425336, 0.0030868, 0.524898
0.425335, 0.00308599, 0.5249
0.425333, 0.00308686, 0.524905
0.425334, 0.00309114, 0.524907
0.425332, 0.00308769, 0.524912
0.425331, 0.00308353, 0.52491
0.42533, 0.00308419, 0.524914
0.42533, 0.00308462, 0.524916
0.425329, 0.00308294, 0.524918
0.425328, 0.00308496, 0.524922
0.425328, 0.00308172, 0.524921
0.425327, 0.00308115, 0.524923
0.425328, 0.00307633, 0.524924
0.425327, 0.00307776, 0.524922
0.425325, 0.00307917, 0.524922
0.425324, 0.00307837, 0.524926
0.425325, 0.00308045, 0.52493
0.425324, 0.0030816, 0.524933
0.425324, 0.00308045, 0.52493
0.425323, 0.00308368, 0.524934
0.425322, 0.003082, 0.524934
0.425322, 0.0030814, 0.524938
0.425322, 0.00308012, 0.524934
0.425322, 0.00308096, 0.524934
0.425322, 0.00308035, 0.52493
0.425321, 0.00307697, 0.524928
0.425321, 0.00307636, 0.524932
0.425321, 0.00307674, 0.524935
0.42532, 0.00307694, 0.524936
0.42532, 0.00307659, 0.524933
0.42532, 0.00307734, 0.524935
0.425319, 0.00307781, 0.524937
0.42532, 0.00307886, 0.524941
0.42532, 0.00307662, 0.524938
0.425319, 0.00307905, 0.524947
0.425318, 0.00307776, 0.524943
0.425319, 0.00307998, 0.524941
0.425317, 0.00307779, 0.524945
0.425318, 0.00307604, 0.524944
0.425318, 0.00307596, 0.524951
0.425318, 0.00307762, 0.524948
0.425319, 0.00307498, 0.524949
0.425319, 0.00307748, 0.52495
0.425318, 0.00307471, 0.524952
0.425318, 0.00307446, 0.524954
0.425316, 0.00307718, 0.524957
0.425317, 0.00307506, 0.524958
0.425314, 0.00307675, 0.524959
0.425315, 0.00307845, 0.524964
0.425314, 0.00307763, 0.524962
0.425314, 0.00307539, 0.524963
0.425315, 0.00307792, 0.524966
0.425315, 0.00307741, 0.524967
0.425315, 0.00307531, 0.524966
0.425316, 0.00307633, 0.524964
0.425315, 0.00307745, 0.52497
0.425315, 0.00307675, 0.524969
0.425314, 0.00307645, 0.524969
0.425315, 0.00307713, 0.524975
0.425315, 0.00307745, 0.524973
0.425314, 0.00307651, 0.524976
0.425314, 0.00307728, 0.524977
0.425314, 0.00307989, 0.524977
0.425313, 0.00308065, 0.52498
0.425313, 0.00307757, 0.524983
0.425313, 0.00307739, 0.524983
0.425314, 0.00307495, 0.524987
0.425312, 0.00307742, 0.524988
0.425312, 0.00307694, 0.524992
0.425312, 0.00307608, 0.524993
0.425311, 0.00307715, 0.524995
0.425312, 0.00307897, 0.524996
0.425312, 0.00307643, 0.525002
0.425311, 0.00307841, 0.524996
0.425311, 0.00307847, 0.525003
0.425311, 0.00307953, 0.525006
0.425311, 0.00307848, 0.525008
0.42531, 0.0030827, 0.525006
0.425311, 0.00308168, 0.525008
0.425312, 0.00307822, 0.525005
0.425314, 0.00307945, 0.525005
0.425311, 0.00307478, 0.525007
0.425314, 0.0030763, 0.525003
0.425315, 0.0030781, 0.525006
0.425317, 0.00307971, 0.525011
0.425318, 0.0030793, 0.525015
0.425329, 0.00307887, 0.525034
0.425343, 0.00307943, 0.525052
0.42535, 0.00307939, 0.525062
0.425351, 0.0030801, 0.525058
0.425349, 0.00308093, 0.525042
0.425349, 0.00308387, 0.525046
0.425351, 0.00307832, 0.525052
0.425354, 0.00307535, 0.525044
0.425354, 0.00307742, 0.525035
0.425352, 0.00307757, 0.52503
0.425351, 0.00307994, 0.525031
0.425349, 0.00307678, 0.525037
0.425348, 0.00307139, 0.525051
0.425351, 0.00306809, 0.525068
0.425356, 0.00306716, 0.52506
0.425356, 0.00307, 0.525051
0.425355, 0.00307742, 0.525033
0.425355, 0.00307685, 0.525026
0.425353, 0.00307757, 0.52503
0.425351, 0.00307534, 0.525035
0.425351, 0.00307307, 0.525046
0.42535, 0.00307445, 0.525055
0.425349, 0.00307741, 0.525057
0.425349, 0.00307634, 0.525059
0.425351, 0.00307521, 0.525057
0.425352, 0.00307301, 0.525057
0.425352, 0.00307068, 0.525049
0.425348, 0.00307152, 0.525045
0.425347, 0.00306805, 0.525047
0.425346, 0.00307039, 0.525057
0.425346, 0.00307236, 0.525069
0.425345, 0.00307297, 0.525084
0.425346, 0.00307251, 0.525083
0.425344, 0.00307333, 0.525078
0.425343, 0.00307376, 0.525073
0.425343, 0.00307246, 0.525069
0.425343, 0.00307342, 0.525065
0.425343, 0.00306936, 0.525067
0.425344, 0.0030709, 0.525069
0.425344, 0.00307229, 0.525067
0.425342, 0.00306933, 0.525069
0.42534, 0.00307048, 0.525072
0.425341, 0.00306607, 0.525076
0.425341, 0.0030686, 0.525083
0.425347, 0.00306875, 0.52508
0.425351, 0.003067, 0.52507
0.425353, 0.00306916, 0.525055
0.425353, 0.00306916, 0.525036
0.425353, 0.00307119, 0.525029
0.425354, 0.0030749, 0.525028
0.425354, 0.00306943, 0.525036
0.425354, 0.00307241, 0.52504
0.425355, 0.0030684, 0.525038
0.425353, 0.00306889, 0.525038
0.425354, 0.00307369, 0.525037
0.425352, 0.00307428, 0.525046
0.425353, 0.00307625, 0.525047
0.425354, 0.00307719, 0.525052
0.425359, 0.00308453, 0.525054
0.425363, 0.00308438, 0.525048
0.425377, 0.00309116, 0.525029
0.425403, 0.00309352, 0.524984
0.425437, 0.00311935, 0.524901
0.425467, 0.00315434, 0.52481
0.425494, 0.00321713, 0.524738
0.425519, 0.00330238, 0.524675
0.425543, 0.00342724, 0.524622
0.425562, 0.00358966, 0.524573
0.425574, 0.00378996, 0.524534
0.425578, 0.00403379, 0.524518
0.425576, 0.00432714, 0.52452
0.425574, 0.00462995, 0.524528
0.425575, 0.00495429, 0.524536
0.425574, 0.0053416, 0.52454
0.425569, 0.00577599, 0.524533
0.425567, 0.00618902, 0.524519
0.42556, 0.00668524, 0.524502
0.425554, 0.00718371, 0.5245
0.425544, 0.00770665, 0.524497
0.425535, 0.00824286, 0.524501
0.425527, 0.00878966, 0.524497
0.425521, 0.00931572, 0.524493
0.425517, 0.00977535, 0.524478
0.425511, 0.0102206, 0.524466
0.425509, 0.0106932, 0.524451
0.425506, 0.0111715, 0.524432
0.425505, 0.0115603, 0.524416
0.425505, 0.0119515, 0.524387
0.425511, 0.0123042, 0.52435
0.425519, 0.0126544, 0.524315
0.425526, 0.0129513, 0.524269
0.425539, 0.0131976, 0.524223
0.425556, 0.0133924, 0.524165
0.425575, 0.0135973, 0.524104
0.425597, 0.0137668, 0.524044
0.42562, 0.0139017, 0.523981
0.425648, 0.014009, 0.523911
0.425674, 0.0141355, 0.523848
0.425704, 0.0142278, 0.523775
0.425744, 0.0142473, 0.523682
0.425789, 0.0141714, 0.523588
0.425834, 0.0140943, 0.523493
0.425869, 0.014053, 0.52341
0.425935, 0.014031, 0.523271
0.425994, 0.0139855, 0.523146
0.426058, 0.0138723, 0.523007
0.426124, 0.0137238, 0.522874
0.426201, 0.0135425, 0.522713
0.42627, 0.0134057, 0.522562
0.42635, 0.0132972, 0.522393
0.426428, 0.0131594, 0.522228
0.426514, 0.0129313, 0.522053
0.426618, 0.0126132, 0.521839
0.426711, 0.0123535, 0.521643
0.426802, 0.0121769, 0.521449
0.426903, 0.0119917, 0.521237
0.426997, 0.0117411, 0.521028
0.427114, 0.0113974, 0.52079
0.427231, 0.011112, 0.520544
0.427334, 0.0109114, 0.52032
0.427429, 0.0107378, 0.520108
0.427543, 0.0104785, 0.519857
0.427673, 0.0101389, 0.519587
0.427808, 0.00986482, 0.51931
0.427923, 0.00968721, 0.519062
0.428042, 0.00953367, 0.518788
0.428172, 0.00930405, 0.518488
0.428306, 0.00906178, 0.518196
0.428457, 0.00888555, 0.517873
0.428599, 0.00878133, 0.51756
0.42872, 0.00868149, 0.517271
0.428866, 0.00851141, 0.516925
0.429018, 0.00833546, 0.51658
0.429185, 0.00822942, 0.516209
0.42934, 0.00819798, 0.515845
0.429474, 0.00817944, 0.515521
0.429633, 0.00811047, 0.51514
0.429789, 0.00806095, 0.514779
0.42996, 0.00811152, 0.514396
0.430087, 0.00819076, 0.514099
0.430242, 0.0083001, 0.513703
0.430377, 0.00837461, 0.513364
0.430532, 0.00841208, 0.513004
0.430701, 0.00853424, 0.512625
0.430853, 0.00874731, 0.512264
0.430983, 0.00900374, 0.511925
0.431109, 0.00921404, 0.511606
0.431267, 0.00938904, 0.511227
0.431432, 0.0096565, 0.51085
0.431554, 0.0099822, 0.510541
0.431659, 0.0103316, 0.510264
0.431783, 0.0106167, 0.509942
0.431946, 0.0108304, 0.50957
0.432111, 0.01115, 0.50922
0.432248, 0.0115532, 0.508948
0.432372, 0.0119087, 0.508703
0.432534, 0.0121546, 0.508405
0.432698, 0.0123554, 0.508116
0.432869, 0.0126746, 0.507841
0.43303, 0.0130501, 0.507595
0.433192, 0.0133117, 0.507357
0.433361, 0.0134876, 0.507122
0.433553, 0.0136718, 0.506889
0.433763, 0.0139656, 0.506671
0.433988, 0.0142678, 0.506461
0.434192, 0.0144543, 0.506292
0.434397, 0.0145633, 0.506144
0.434627, 0.0147306, 0.506006
0.434883, 0.0149825, 0.505879
0.435133, 0.0151763, 0.505797
0.435421, 0.0153202, 0.505726
0.435689, 0.0154061, 0.505703
0.43599, 0.015482, 0.505703
0.436375, 0.015611, 0.505717
0.436807, 0.0157466, 0.505755
0.437269, 0.0158499, 0.505846
0.437701, 0.0159041, 0.505983
0.438153, 0.015989, 0.506105
0.438698, 0.0161085, 0.506234
0.439209, 0.016292, 0.506369
0.439759, 0.0164884, 0.506544
0.440271, 0.0166877, 0.506725
0.440762, 0.016907, 0.506892
0.44127, 0.0171097, 0.507016
0.441774, 0.017379, 0.50716
0.442219, 0.0176713, 0.507349
0.442633, 0.0179934, 0.507591
0.443047, 0.0183281, 0.507852
0.443569, 0.0186571, 0.508164
0.444158, 0.0190483, 0.50853
0.444716, 0.0195094, 0.508962
0.445309, 0.020129, 0.509521
0.445828, 0.0206759, 0.510074
0.446363, 0.0211796, 0.510643
0.44694, 0.0217597, 0.511256
0.447448, 0.0223418, 0.511794
0.447928, 0.023038, 0.512311
0.448441, 0.0238556, 0.512884
0.448949, 0.0247232, 0.513476
0.449407, 0.0255494, 0.514036
0.449892, 0.0265468, 0.514648
0.45032, 0.0274726, 0.515162
0.450736, 0.028396, 0.515627
0.451142, 0.0294626, 0.516129
0.451467, 0.0306293, 0.516618
0.45172, 0.0318049, 0.517061
0.451965, 0.0330905, 0.517527
0.452192, 0.0342544, 0.51793
0.452394, 0.0354699, 0.518321
0.452588, 0.0368597, 0.518684
0.452763, 0.0382293, 0.519012
0.452918, 0.0394507, 0.519276
0.453085, 0.0407969, 0.519548
0.453235, 0.0422387, 0.519796
0.453388, 0.0436945, 0.520001
0.453557, 0.0451147, 0.520206
0.453666, 0.0461736, 0.520343
0.453839, 0.0480377, 0.520531
0.453936, 0.0495429, 0.520613
0.454014, 0.0509685, 0.520611
0.454066, 0.0523724, 0.520547
0.454072, 0.0537922, 0.520451
0.454028, 0.055248, 0.52033
0.453975, 0.0565451, 0.520168
0.45392, 0.0579494, 0.519944
0.453848, 0.0593719, 0.519695
0.453763, 0.0606651, 0.519461
0.453663, 0.0621055, 0.519212
0.453596, 0.0634854, 0.518979
0.453559, 0.0646847, 0.518774
0.453538, 0.0659315, 0.518597
0.453522, 0.0670457, 0.51846
0.453485, 0.0681786, 0.518322
0.45345, 0.0693871, 0.51816
0.453428, 0.0705111, 0.518043
0.453439, 0.07158, 0.518035
0.453451, 0.0725304, 0.518126
0.453438, 0.073519, 0.518296
0.453393, 0.0744086, 0.518495
0.453323, 0.0753563, 0.5187
0.453234, 0.0761847, 0.518877
0.453139, 0.0770287, 0.519052
0.453046, 0.0777809, 0.519202
0.452928, 0.078615, 0.519402
0.452821, 0.0793386, 0.519601
0.452709, 0.0801462, 0.519818
0.45262, 0.0808853, 0.520046
0.452537, 0.08152, 0.520293
0.452449, 0.0821131, 0.520597
0.452341, 0.0827584, 0.520972
0.452222, 0.083347, 0.521356
0.452091, 0.084001, 0.521806
0.451962, 0.0846955, 0.522283
0.451853, 0.0853683, 0.522766
0.451763, 0.085916, 0.523232
0.451668, 0.0864912, 0.523772
0.451575, 0.0869838, 0.524312
0.45147, 0.0874871, 0.524935
0.451363, 0.0879341, 0.525491
0.451244, 0.0884379, 0.526071
0.451161, 0.0888503, 0.526573
0.451099, 0.0892274, 0.52708
0.45104, 0.0896115, 0.527666
0.450975, 0.0900231, 0.528294
0.450927, 0.0904217, 0.528972
0.450899, 0.0907685, 0.529606
0.4509, 0.0911357, 0.530305
0.450945, 0.0914535, 0.530914
0.451022, 0.0916838, 0.531412
0.451224, 0.0920184, 0.532369
0.451432, 0.0922313, 0.533166
0.451642, 0.0923834, 0.533898
0.451916, 0.0924942, 0.534654
0.45221, 0.0925797, 0.535379
0.452526, 0.0926346, 0.53605
0.452795, 0.0926668, 0.536666
0.453071, 0.0926973, 0.537374
0.45337, 0.0927234, 0.538147
0.453638, 0.0927379, 0.538822
0.454056, 0.0927484, 0.539783
0.454426, 0.0927714, 0.54053
0.454792, 0.0927579, 0.541253
0.455133, 0.0927243, 0.541976
0.455385, 0.0926996, 0.542643
0.455624, 0.0926712, 0.543347
0.455845, 0.092653, 0.543955
0.456105, 0.0926456, 0.544519
0.456424, 0.0926254, 0.545112
0.456711, 0.0925661, 0.545723
0.456924, 0.0925119, 0.546257
0.457091, 0.0924744, 0.546749
0.457243, 0.0924492, 0.547196
0.457356, 0.0924228, 0.547424
0.457536, 0.0923932, 0.547686
0.457684, 0.0923457, 0.547835
0.457789, 0.092277, 0.547961
0.457855, 0.0922234, 0.548073
0.457924, 0.0921749, 0.548128
0.458033, 0.0921334, 0.548073
0.458148, 0.0920876, 0.547937
0.458241, 0.0920587, 0.547796
0.458302, 0.0920232, 0.547674
0.458365, 0.0919903, 0.547524
0.458466, 0.091958, 0.547278
0.458613, 0.0919143, 0.546962
0.458794, 0.0918139, 0.546595
0.459018, 0.0916723, 0.546171
0.459228, 0.0915651, 0.545766
0.459394, 0.0914885, 0.545431
0.459572, 0.0913824, 0.54509
0.459752, 0.0912865, 0.544728
0.45996, 0.0912054, 0.544316
0.460229, 0.0910614, 0.543828
0.460468, 0.0908737, 0.543398
0.460713, 0.0906792, 0.542945
0.460927, 0.0905278, 0.54256
0.461134, 0.0904039, 0.542184
0.461344, 0.0902656, 0.541802
0.461548, 0.0901397, 0.541418
0.461751, 0.0900183, 0.541047
0.461948, 0.0898569, 0.540719
0.462132, 0.0896939, 0.540409
0.462311, 0.0894909, 0.540104
0.462452, 0.0893245, 0.539876
0.462656, 0.0891251, 0.539543
0.462796, 0.0889759, 0.539321
0.462943, 0.0888078, 0.539105
0.463065, 0.0886327, 0.538913
0.463147, 0.0884656, 0.538781
0.463235, 0.0883189, 0.538637
0.463365, 0.0881746, 0.538426
0.46351, 0.087995, 0.538208
0.46362, 0.0878147, 0.538058
0.463707, 0.0876346, 0.537965
0.463772, 0.0874824, 0.537908
0.463868, 0.0873168, 0.537829
0.463991, 0.087152, 0.537712
0.464112, 0.0869651, 0.537607
0.46422, 0.0867523, 0.537526
0.4643, 0.0865442, 0.537474
0.46437, 0.086353, 0.53742
0.464478, 0.0861661, 0.537299
0.464613, 0.0859643, 0.537147
0.464788, 0.0856894, 0.536968
0.464907, 0.0854122, 0.53687
0.465008, 0.0851575, 0.536793
0.465132, 0.0849165, 0.536648
0.465314, 0.0846414, 0.536421
0.46546, 0.0843947, 0.536245
0.465563, 0.0841451, 0.536115
0.465631, 0.0839262, 0.53604
0.465697, 0.0837145, 0.535959
0.465791, 0.0835168, 0.535828
0.465906, 0.0833536, 0.535659
0.466026, 0.0831674, 0.535467
0.466108, 0.0830238, 0.535328
0.466187, 0.0828629, 0.535212
0.466254, 0.0827441, 0.535114
0.466327, 0.0826307, 0.534994
0.4664, 0.0825223, 0.534883
0.46644, 0.0824596, 0.534826
0.46649, 0.0823631, 0.534774
0.466529, 0.0822742, 0.534746
0.466565, 0.0822032, 0.53472
0.466602, 0.0821482, 0.534695
0.466615, 0.0821348, 0.534687
0.4666, 0.0821563, 0.534698
0.466595, 0.0821849, 0.534712
0.466601, 0.0822291, 0.534712
0.466609, 0.0822731, 0.534706
0.466613, 0.0823085, 0.534703
0.466617, 0.0823399, 0.534698
0.4666, 0.082403, 0.534728
0.466571, 0.0824958, 0.534773
0.466547, 0.0825948, 0.534808
0.466522, 0.0827129, 0.534848
0.466502, 0.0828384, 0.534863
0.466491, 0.0829838, 0.534854
0.46649, 0.0830821, 0.534832
0.466479, 0.0831913, 0.534809
0.466486, 0.0832889, 0.534761
0.466526, 0.0833375, 0.534675
0.466571, 0.0834204, 0.534548
0.466629, 0.0834767, 0.534412
0.466709, 0.0835252, 0.534243
0.466788, 0.0835793, 0.534081
0.466876, 0.083606, 0.533902
0.466984, 0.0836412, 0.533689
0.467115, 0.0836574, 0.533449
0.467266, 0.0836689, 0.533194
0.467418, 0.0836615, 0.532942
0.467577, 0.0836478, 0.532693
0.467767, 0.0836201, 0.532429
0.467967, 0.083585, 0.532172
0.468162, 0.0835546, 0.531945
0.468352, 0.0835195, 0.53174
0.468545, 0.0834891, 0.53155
0.468728, 0.0834594, 0.531401
0.468916, 0.0834453, 0.531293
0.469071, 0.083456, 0.531244
0.469247, 0.083465, 0.531223
0.469426, 0.0834788, 0.531233
0.469595, 0.0835129, 0.531282
0.469725, 0.08356, 0.531364
0.469841, 0.0836342, 0.531493
0.469963, 0.083729, 0.531666
0.47006, 0.0838173, 0.531842
0.470145, 0.0839069, 0.532014
0.470224, 0.0839925, 0.532191
0.470289, 0.0840792, 0.53235
0.470357, 0.0841534, 0.532522
0.470445, 0.0842261, 0.532745
0.470522, 0.0842642, 0.532923
0.470596, 0.084293, 0.533092
0.470669, 0.0843192, 0.533263
0.470758, 0.084336, 0.533462
0.470859, 0.0843278, 0.533678
0.470957, 0.0843178, 0.533881
0.471077, 0.0842919, 0.534121
0.4712, 0.0842498, 0.534353
0.471345, 0.0841868, 0.534624
0.471482, 0.0841178, 0.534878
0.47163, 0.0840332, 0.535153
0.471809, 0.0839101, 0.535481
0.471939, 0.0838061, 0.535714
0.472072, 0.0836866, 0.535958
0.472185, 0.083577, 0.536163
0.472283, 0.0834717, 0.536342
0.472377, 0.0833685, 0.536506
0.472448, 0.0832834, 0.536618
0.47251, 0.0831965, 0.536706
0.472569, 0.0831107, 0.536767
0.472611, 0.0830487, 0.536801
0.472641, 0.082996, 0.536819
0.472665, 0.0829543, 0.536823
0.472685, 0.0829262, 0.536805
0.472698, 0.0829078, 0.536775
0.472711, 0.0828963, 0.536737
0.472725, 0.0828846, 0.536698
0.472733, 0.0828818, 0.536666
0.47274, 0.0828804, 0.53664
0.472749, 0.0828839, 0.536616
0.472759, 0.0828869, 0.536595
0.472764, 0.0829031, 0.536579
0.472767, 0.0829216, 0.536565
0.472766, 0.0829433, 0.536561
0.472766, 0.082968, 0.536554
0.472764, 0.082994, 0.536547
0.472761, 0.0830233, 0.536546
0.472758, 0.0830433, 0.536549
0.472755, 0.0830652, 0.536547
0.472758, 0.0830721, 0.536541
0.472761, 0.0830764, 0.536535
0.472764, 0.0830774, 0.536524
0.472773, 0.0830686, 0.536515
0.472775, 0.0830742, 0.536502
0.472783, 0.0830645, 0.536492
0.47279, 0.0830554, 0.536484
0.472794, 0.0830535, 0.536474
0.4728, 0.0830473, 0.536465
0.472805, 0.0830403, 0.536457
0.47281, 0.0830332, 0.536448
0.47282, 0.0830214, 0.536435
0.472829, 0.0830083, 0.536419
0.472837, 0.0829948, 0.536406
0.472848, 0.0829811, 0.536389
0.472859, 0.0829677, 0.536372
0.472867, 0.0829534, 0.536362
0.47288, 0.0829385, 0.536345
0.472886, 0.0829303, 0.53633
0.472894, 0.0829192, 0.536318
0.472903, 0.0829099, 0.536297
0.472911, 0.0829041, 0.536276
0.472922, 0.0828883, 0.536259
0.472936, 0.0828713, 0.536231
0.472952, 0.0828463, 0.536204
0.47297, 0.0828206, 0.536174
0.472991, 0.0827945, 0.536147
0.473009, 0.0827746, 0.536113
0.473029, 0.0827432, 0.536088
0.473045, 0.0827229, 0.536065
0.473064, 0.0826962, 0.53604
0.473081, 0.0826769, 0.536016
0.473098, 0.0826583, 0.535999
0.473118, 0.08264, 0.535985
0.47314, 0.0826165, 0.535965
0.473163, 0.0825898, 0.535949
0.473183, 0.0825717, 0.535932
0.473207, 0.0825522, 0.535921
0.473226, 0.0825322, 0.535911
0.473242, 0.0825155, 0.535885
0.473263, 0.0824898, 0.535859
0.473282, 0.0824701, 0.535835
0.4733, 0.0824477, 0.535811
0.473322, 0.0824281, 0.53579
0.473348, 0.082403, 0.535761
0.473381, 0.0823756, 0.535722
0.473417, 0.0823475, 0.535673
0.473462, 0.0823104, 0.535618
0.473507, 0.0822841, 0.535558
0.473551, 0.0822501, 0.535491
0.4736, 0.0822178, 0.53541
0.473663, 0.0821733, 0.535317
0.473733, 0.0821321, 0.535214
0.473806, 0.0820919, 0.535107
0.473897, 0.0820487, 0.53498
0.474001, 0.0819985, 0.534835
0.474094, 0.0819619, 0.534695
0.474205, 0.0819277, 0.53454
0.474331, 0.0818868, 0.534379
0.474461, 0.081848, 0.534207
0.474601, 0.0818086, 0.534019
0.474754, 0.0817703, 0.533806
0.474906, 0.0817398, 0.533599
0.475097, 0.081691, 0.533335
0.475299, 0.0816574, 0.533045
0.475488, 0.0816282, 0.532779
0.475705, 0.0815843, 0.532495
0.475935, 0.0815494, 0.532193
0.47621, 0.0815086, 0.531838
0.476468, 0.0814725, 0.531514
0.47675, 0.0814284, 0.531155
0.477046, 0.0813854, 0.530774
0.477372, 0.0813337, 0.530345
0.477703, 0.0812794, 0.529919
0.478038, 0.0812082, 0.529509
0.478421, 0.0811321, 0.529044
0.478784, 0.0810675, 0.52863
0.479185, 0.0809662, 0.528217
0.479661, 0.0808721, 0.527796
0.480175, 0.080769, 0.527417
0.480738, 0.0806672, 0.527068
0.481245, 0.0805946, 0.526792
0.481754, 0.0805018, 0.52653
0.48232, 0.0804068, 0.526237
0.482816, 0.0803385, 0.525974
0.483366, 0.0802652, 0.525691
0.483858, 0.0801924, 0.525447
0.484405, 0.0801, 0.525201
0.484981, 0.0799888, 0.52496
0.48554, 0.0798821, 0.524782
0.486188, 0.079737, 0.524612
0.486841, 0.0795948, 0.524427
0.487391, 0.0794853, 0.524271
0.48791, 0.079368, 0.524126
0.488462, 0.079221, 0.52396
0.488939, 0.0791265, 0.523804
0.489412, 0.0790246, 0.523645
0.489955, 0.0788986, 0.523473
0.490504, 0.078788, 0.523371
0.491011, 0.0786665, 0.523342
0.491596, 0.0785264, 0.523343
0.492141, 0.078398, 0.523338
0.492727, 0.0782666, 0.52333
0.49324, 0.078151, 0.523347
0.493772, 0.0780458, 0.523393
0.494242, 0.0779789, 0.523449
0.494708, 0.0779128, 0.523553
0.495229, 0.0778421, 0.523685
0.495706, 0.077798, 0.523827
0.496253, 0.0777574, 0.524016
0.496791, 0.077724, 0.524296
0.497287, 0.0776906, 0.524614
0.497828, 0.0776795, 0.524968
0.498361, 0.0776856, 0.525337
0.498813, 0.0777419, 0.525675
0.49926, 0.0778332, 0.52609
0.49963, 0.0779364, 0.526483
0.499984, 0.0780645, 0.526858
0.50036, 0.0782279, 0.527254
0.50069, 0.0783785, 0.527642
0.501122, 0.0785998, 0.528193
0.501482, 0.0787536, 0.528661
0.50186, 0.0789359, 0.529179
0.502232, 0.0790851, 0.529694
0.502637, 0.0792669, 0.530278
0.503014, 0.0794366, 0.530796
0.50343, 0.0795917, 0.531367
0.503795, 0.0797348, 0.531885
0.504176, 0.0798836, 0.532418
0.504511, 0.0800153, 0.532875
0.504867, 0.0801556, 0.533351
0.50521, 0.0802983, 0.533823
0.505511, 0.0804434, 0.534248
0.505813, 0.0805765, 0.534656
0.50616, 0.0807072, 0.535082
0.506501, 0.0808106, 0.535479
0.506863, 0.0809111, 0.535886
0.507269, 0.081023, 0.536326
0.507682, 0.0811232, 0.536749
0.50806, 0.0812299, 0.537174
0.508379, 0.0813282, 0.537576
0.508712, 0.0814285, 0.538016
0.509005, 0.0815113, 0.538406
0.50928, 0.0815999, 0.538793
0.509567, 0.081688, 0.539242
0.509854, 0.0817842, 0.539708
0.510127, 0.0818797, 0.540132
0.510439, 0.0819588, 0.540635
0.510753, 0.0820098, 0.541122
0.511098, 0.0820359, 0.541632
0.511454, 0.0820412, 0.542162
0.511822, 0.0820492, 0.542762
0.512132, 0.0820423, 0.543306
0.512454, 0.0820468, 0.543884
0.512744, 0.0820373, 0.544406
0.513062, 0.0820184, 0.544981
0.513355, 0.081984, 0.545499
0.513671, 0.0819157, 0.54602
0.514018, 0.0818453, 0.546637
0.514357, 0.0817633, 0.547291
0.514673, 0.0816868, 0.547941
0.514953, 0.0816653, 0.548564
0.515183, 0.0816157, 0.54912
0.515397, 0.0815657, 0.549738
0.51558, 0.0815229, 0.550354
0.515748, 0.0814746, 0.550985
0.515908, 0.0814308, 0.551566
0.516083, 0.0813747, 0.552161
0.516291, 0.0812685, 0.552829
0.516493, 0.0811616, 0.553481
0.516669, 0.0810775, 0.554124
0.516804, 0.0810244, 0.554698
0.516934, 0.0809942, 0.555273
0.517046, 0.0809575, 0.55577
0.517157, 0.0808849, 0.556299
0.517243, 0.0808156, 0.556809
0.517307, 0.0807632, 0.557287
0.517368, 0.0807454, 0.557696
0.517457, 0.0807294, 0.558071
0.517555, 0.080702, 0.558461
0.517633, 0.0806925, 0.558808
0.517714, 0.0806937, 0.559171
0.517772, 0.080755, 0.559483
0.517819, 0.0808521, 0.559723
0.517873, 0.0809843, 0.55994
0.517922, 0.0811103, 0.560105
0.51796, 0.0812511, 0.560266
0.517978, 0.0814217, 0.56042
0.518007, 0.0816271, 0.560551
0.518042, 0.0818167, 0.560621
0.518072, 0.0820585, 0.560659
0.518099, 0.0822895, 0.560674
0.518149, 0.0824934, 0.560656
0.518217, 0.0827357, 0.56061
0.518285, 0.0829787, 0.560529
0.518353, 0.0832348, 0.560458
0.518426, 0.0835315, 0.56036
0.518495, 0.0838198, 0.560232
0.518562, 0.0841365, 0.560097
0.518639, 0.084492, 0.559936
0.518714, 0.0848275, 0.559799
0.518798, 0.0852036, 0.559651
0.518872, 0.0855702, 0.559522
0.518954, 0.0859967, 0.559401
0.519022, 0.0863788, 0.559326
0.519065, 0.0867691, 0.559292
0.519123, 0.0871825, 0.559264
0.519195, 0.0875756, 0.559243
0.519289, 0.0879737, 0.559239
0.519397, 0.08837, 0.559268
0.519521, 0.0888327, 0.559367
0.519649, 0.0892305, 0.55948
0.519807, 0.089645, 0.559596
0.519992, 0.0900561, 0.559724
0.520156, 0.0904287, 0.559854
0.520303, 0.0908529, 0.56005
0.520434, 0.0912656, 0.560264
0.520556, 0.091632, 0.560459
0.520711, 0.0920455, 0.560676
0.520853, 0.0924422, 0.560863
0.521017, 0.0928602, 0.56109
0.521175, 0.0932674, 0.561384
0.521315, 0.0936491, 0.56169
0.521514, 0.0940046, 0.562057
0.521766, 0.0943438, 0.562444
0.522047, 0.0946833, 0.562883
0.522333, 0.0950165, 0.563442
0.522639, 0.0953201, 0.564108
0.522963, 0.0956165, 0.564827
0.523301, 0.0958652, 0.565505
0.523747, 0.0961094, 0.566302
0.524278, 0.0963136, 0.567152
0.524875, 0.09648, 0.568081
0.52545, 0.0965973, 0.568979
0.526037, 0.096722, 0.569897
0.526703, 0.0968566, 0.570891
0.527307, 0.0969611, 0.571796
0.52789, 0.0970704, 0.57272
0.528368, 0.0971191, 0.573481
0.529279, 0.0971726, 0.574826
0.53011, 0.0971498, 0.57592
0.530879, 0.0971021, 0.576916
0.531662, 0.0970999, 0.577991
0.532321, 0.0971003, 0.578962
0.53303, 0.0971018, 0.579998
0.533686, 0.0971033, 0.5809
0.534315, 0.0971256, 0.581801
0.534879, 0.0971095, 0.582635
0.535662, 0.0970952, 0.583839
0.536268, 0.0971359, 0.584821
0.536779, 0.0971915, 0.585661
0.537285, 0.0972795, 0.586532
0.537706, 0.0973673, 0.58728
0.538093, 0.0974826, 0.587983
0.538484, 0.0976366, 0.588733
0.538827, 0.0977778, 0.589412
0.539145, 0.097943, 0.590066
0.539464, 0.0981786, 0.590745
0.539725, 0.0983353, 0.591276
0.540052, 0.0985502, 0.591931
0.540316, 0.0987481, 0.592445
0.540605, 0.0989614, 0.592998
0.540872, 0.0991352, 0.593498
0.541207, 0.099299, 0.594073
0.541555, 0.099424, 0.594605
0.541992, 0.0995035, 0.595207
0.542438, 0.0995742, 0.595811
0.542873, 0.0996065, 0.596351
0.543368, 0.0996248, 0.596941
0.543804, 0.0996517, 0.597468
0.544233, 0.0996622, 0.597978
0.544713, 0.0996652, 0.598529
0.545152, 0.0996568, 0.599031
0.545662, 0.0996003, 0.599593
0.546165, 0.0995226, 0.600113
0.546787, 0.0993566, 0.600736
0.547392, 0.0991931, 0.60132
0.548061, 0.0990085, 0.601978
0.548651, 0.0988316, 0.602566
0.549272, 0.0986495, 0.603191
0.54981, 0.0984881, 0.603739
0.550386, 0.0982928, 0.604315
0.550876, 0.0981428, 0.604816
0.551409, 0.0979848, 0.605359
0.551899, 0.0978206, 0.60586
0.552455, 0.097632, 0.606425
0.553017, 0.0974287, 0.60701
0.553493, 0.0972609, 0.607521
0.553961, 0.097096, 0.608068
0.554342, 0.0969469, 0.608538
0.554667, 0.096813, 0.608966
0.554908, 0.0967163, 0.609306
0.555211, 0.0966021, 0.609716
0.555415, 0.0965338, 0.61002
0.555559, 0.0964913, 0.610271
0.555661, 0.0964723, 0.610494
0.555733, 0.0964574, 0.61071
0.55577, 0.0964789, 0.610891
0.555778, 0.0965025, 0.611039
0.555754, 0.0965351, 0.611163
0.555716, 0.0965769, 0.611247
0.55568, 0.0966039, 0.611308
0.555645, 0.0966002, 0.611357
0.555619, 0.0965997, 0.611392
0.555593, 0.0965563, 0.611436
0.555551, 0.0965316, 0.611501
0.555518, 0.0964785, 0.611569
0.555484, 0.0964192, 0.61165
0.555461, 0.0963509, 0.611727
0.555443, 0.0962549, 0.611807
0.555423, 0.0961789, 0.611872
0.555403, 0.0960993, 0.611943
0.555382, 0.0960116, 0.612019
0.555357, 0.0959547, 0.612088
0.555345, 0.0958903, 0.612156
0.555342, 0.0957857, 0.612227
0.555341, 0.0956906, 0.612275
0.555353, 0.0955975, 0.612307
0.555382, 0.0954732, 0.612343
0.555401, 0.0953662, 0.612386
0.555426, 0.0952149, 0.612445
0.555451, 0.0951006, 0.612487
0.555507, 0.0949652, 0.612528
0.555595, 0.0947954, 0.612531
0.5557, 0.0946285, 0.612525
0.555801, 0.0944882, 0.612514
0.555897, 0.0943444, 0.612509
0.556018, 0.094186, 0.612501
0.556138, 0.0940289, 0.612499
0.556273, 0.0938762, 0.612507
0.556422, 0.0937121, 0.612506
0.556586, 0.0935327, 0.612505
0.556751, 0.0933627, 0.612516
0.556932, 0.0931827, 0.612544
0.557144, 0.0929874, 0.612585
0.557397, 0.0927705, 0.612655
0.557654, 0.0925497, 0.612739
0.557914, 0.0923434, 0.612825
0.558197, 0.0921209, 0.612925
0.558433, 0.0919351, 0.613004
0.558647, 0.0917682, 0.613081
0.558825, 0.0916427, 0.613147
0.558937, 0.0915644, 0.613195
0.559144, 0.0914345, 0.61328
0.559277, 0.0913708, 0.61334
0.55938, 0.0913335, 0.613389
0.559484, 0.0913008, 0.613441
0.55959, 0.0912751, 0.613493
0.559675, 0.091272, 0.613532
0.559764, 0.0912712, 0.613572
0.559848, 0.0912743, 0.613607
0.55996, 0.0912666, 0.613656
0.560077, 0.0912555, 0.6137
0.560221, 0.0912358, 0.613763
0.560392, 0.0912054, 0.613841
0.560552, 0.0911703, 0.613918
0.560727, 0.091132, 0.613998
0.560896, 0.0910975, 0.614077
0.561038, 0.0910671, 0.614141
0.561166, 0.0910431, 0.614197
0.561237, 0.0910313, 0.614227
0.561401, 0.0910226, 0.614308
0.561482, 0.0910308, 0.61434
0.561551, 0.0910514, 0.61437
0.56161, 0.0910822, 0.614391
0.561653, 0.0911208, 0.614409
0.561688, 0.091172, 0.614432
0.561712, 0.0912289, 0.614445
0.561728, 0.0912895, 0.614458
0.561734, 0.0913498, 0.614467
0.561738, 0.0914491, 0.614473
0.561744, 0.0915111, 0.614477
0.561748, 0.091572, 0.614486
0.56175, 0.0916365, 0.614484
0.561751, 0.0916921, 0.614487
0.561751, 0.0917472, 0.614487
0.561759, 0.091795, 0.614492
0.561764, 0.0918362, 0.614498
0.561765, 0.0918782, 0.614505
0.561774, 0.0919091, 0.614511
0.561783, 0.091933, 0.614515
0.561792, 0.0919507, 0.614523
0.561804, 0.0919626, 0.614528
0.561825, 0.0919619, 0.614536
0.561842, 0.0919613, 0.614547
0.561868, 0.0919487, 0.614556
0.561901, 0.0919272, 0.614572
0.56194, 0.0919032, 0.614582
0.561985, 0.0918685, 0.614606
0.562032, 0.091834, 0.614622
0.562075, 0.0918011, 0.614643
0.562131, 0.0917556, 0.614666
0.562184, 0.0917112, 0.614687
0.562247, 0.091654, 0.614716
0.562318, 0.091593, 0.614743
0.562412, 0.0915024, 0.614779
0.562512, 0.0914129, 0.614818
0.562648, 0.0912924, 0.614873
0.562807, 0.0911494, 0.614937
0.562974, 0.091003, 0.615007
0.563166, 0.0908357, 0.615081
0.563376, 0.0906509, 0.615166
0.563585, 0.0904658, 0.615252
0.563761, 0.0903109, 0.615323
0.56392, 0.0901662, 0.615387
0.564076, 0.0900174, 0.615449
0.564196, 0.0899053, 0.615497
0.564301, 0.0898024, 0.615535
0.564375, 0.0897253, 0.615568
0.564446, 0.089661, 0.615596
0.564505, 0.0896053, 0.615619
0.564548, 0.0895649, 0.61564
0.564579, 0.0895357, 0.615658
0.564606, 0.0895065, 0.615669
0.564624, 0.0894975, 0.615674
0.564638, 0.0894859, 0.615681
0.564648, 0.0894793, 0.615683
0.564657, 0.0894857, 0.615689
0.564658, 0.089497, 0.615693
0.564658, 0.0895126, 0.615698
0.564654, 0.0895401, 0.615697
0.564652, 0.08956, 0.615702
0.564652, 0.0895738, 0.615705
0.564646, 0.089605, 0.615712
0.564644, 0.0896287, 0.615713
0.564642, 0.0896486, 0.615716
0.56464, 0.0896736, 0.615718
0.564636, 0.0897023, 0.61572
0.564633, 0.0897274, 0.615721
0.564633, 0.0897537, 0.615723
0.564628, 0.089788, 0.615723
0.564625, 0.0898171, 0.615727
0.564617, 0.0898547, 0.615733
0.564615, 0.0898879, 0.615734
0.564608, 0.0899351, 0.615735
0.564604, 0.0899779, 0.615739
0.564597, 0.0900267, 0.615743
0.564596, 0.0900622, 0.615746
0.564594, 0.0900985, 0.61575
0.564599, 0.0901229, 0.615753
0.564602, 0.0901529, 0.615759
0.56461, 0.0901579, 0.615768
0.564617, 0.0901637, 0.615771
0.56462, 0.0901635, 0.615778
0.564628, 0.090153, 0.61578
0.564643, 0.090137, 0.615783
0.564658, 0.0901215, 0.615786
0.564671, 0.0901066, 0.61579
0.564686, 0.0900933, 0.615799
0.564701, 0.0900824, 0.615805
0.564719, 0.0900693, 0.61581
0.56474, 0.0900541, 0.615821
0.564768, 0.0900206, 0.615841
0.564802, 0.0899809, 0.615862
0.564856, 0.0899218, 0.61589
0.564927, 0.0898464, 0.615928
0.56503, 0.0897381, 0.615973
0.565147, 0.0896192, 0.616017
0.565317, 0.0894587, 0.616082
0.565547, 0.0892418, 0.616175
0.565849, 0.0889608, 0.616286
0.566176, 0.0886537, 0.616414
0.566564, 0.0882973, 0.616571
0.566917, 0.0879629, 0.616715
0.567338, 0.0875547, 0.616888
0.56774, 0.0871482, 0.617054
0.568119, 0.0867614, 0.617213
0.568533, 0.0863327, 0.617389
0.569045, 0.0857976, 0.617615
0.56953, 0.0852696, 0.617852
0.569989, 0.0847472, 0.618106
0.570455, 0.0841912, 0.61839
0.570909, 0.0836349, 0.618699
0.571384, 0.0830446, 0.61904
0.571821, 0.0824913, 0.619399
0.572293, 0.0818841, 0.619811
0.57269, 0.0813649, 0.620174
0.573079, 0.080836, 0.620575
0.573428, 0.0803289, 0.620976
0.573775, 0.0798204, 0.621391
0.574124, 0.0793155, 0.621823
0.574401, 0.0789011, 0.622222
0.574632, 0.0785099, 0.622661
0.574775, 0.0782069, 0.623063
0.574877, 0.0779275, 0.623494
0.57492, 0.0777065, 0.623919
0.574908, 0.0775446, 0.624333
0.574885, 0.0774263, 0.624688
0.574832, 0.0773517, 0.625046
0.574755, 0.0772949, 0.625421
0.574643, 0.0772858, 0.625833
0.574523, 0.0772971, 0.626234
0.57438, 0.0773469, 0.626655
0.574236, 0.0774128, 0.627047
0.57407, 0.0775129, 0.62746
0.573886, 0.0776532, 0.627854
0.573679, 0.0778257, 0.628257
0.573467, 0.0780172, 0.628659
0.57322, 0.0782646, 0.629092
0.573, 0.0785124, 0.629459
0.572766, 0.0788185, 0.629831
0.57254, 0.0791419, 0.630182
0.572325, 0.0794322, 0.630509
0.572086, 0.0797824, 0.630866
0.571863, 0.0801551, 0.631201
0.571631, 0.0805503, 0.631546
0.57141, 0.0809211, 0.631864
0.571166, 0.0813266, 0.632207
0.570938, 0.0817308, 0.632525
0.570676, 0.0821735, 0.632899
0.570402, 0.0826338, 0.633288
0.57012, 0.0830993, 0.633689
0.569847, 0.0835568, 0.634091
0.569588, 0.0840101, 0.634463
0.569353, 0.0844578, 0.634804
0.569118, 0.0849163, 0.635144
0.568896, 0.0852977, 0.635481
0.568671, 0.0856769, 0.635809
0.568464, 0.0860468, 0.636132
0.568254, 0.0864138, 0.636475
0.56805, 0.0867575, 0.636808
0.567895, 0.08703, 0.637078
0.567754, 0.0873056, 0.637334
0.56762, 0.087567, 0.637568
0.567481, 0.0878005, 0.63783
0.567319, 0.0880544, 0.638113
0.567156, 0.0883298, 0.638379
0.567024, 0.0885394, 0.638608
0.566868, 0.088734, 0.63887
0.566713, 0.0889136, 0.639115
0.566566, 0.0890622, 0.639352
0.566413, 0.0891982, 0.639609
0.566278, 0.089276, 0.63985
0.56614, 0.0893245, 0.640087
0.565992, 0.0893916, 0.640337
0.565847, 0.0894541, 0.640587
0.565656, 0.0895199, 0.640902
0.565489, 0.0895312, 0.6412
0.565348, 0.0895032, 0.641464
0.565201, 0.0894651, 0.641751
0.565026, 0.0893969, 0.642108
0.564828, 0.0893011, 0.642499
0.564662, 0.0891834, 0.642834
0.564489, 0.0891152, 0.643148
0.564264, 0.0890545, 0.643564
0.564063, 0.0889644, 0.64396
0.563853, 0.0888057, 0.644361
0.56365, 0.0886468, 0.644739
0.56344, 0.0884953, 0.645168
0.563219, 0.0882913, 0.645644
0.56305, 0.0881727, 0.645953
0.562721, 0.0880369, 0.646498
0.562434, 0.0879292, 0.647004
0.562174, 0.087739, 0.647512
0.561973, 0.0875526, 0.647889
0.561741, 0.0873608, 0.648337
0.561501, 0.0871238, 0.64886
0.561262, 0.0869827, 0.649286
0.561064, 0.0868513, 0.649645
0.560827, 0.0866898, 0.650092
0.560591, 0.0864682, 0.650551
0.560371, 0.086241, 0.650951
0.5602, 0.086022, 0.651305
0.560035, 0.0857586, 0.651685
0.559816, 0.0855693, 0.652061
0.559603, 0.0854296, 0.652416
0.559414, 0.085244, 0.652772
0.559206, 0.0850163, 0.653161
0.559001, 0.0847757, 0.653532
0.558813, 0.0845725, 0.653877
0.558629, 0.0843209, 0.654259
0.558453, 0.0840883, 0.654595
0.558209, 0.0839222, 0.654992
0.557962, 0.0837857, 0.655401
0.557722, 0.0835907, 0.655834
0.557522, 0.0833797, 0.656211
0.557296, 0.083206, 0.656594
0.556994, 0.0830009, 0.657091
0.556709, 0.0827961, 0.657569
0.556474, 0.082632, 0.657955
0.556217, 0.0825106, 0.658356
0.555839, 0.0824056, 0.658917
0.555447, 0.0823454, 0.659464
0.555098, 0.0822872, 0.65995
0.554762, 0.0822347, 0.66041
0.554349, 0.0822079, 0.660957
0.553876, 0.0821836, 0.661563
0.553448, 0.0821599, 0.662102
0.552983, 0.0821427, 0.662679
0.552428, 0.0821556, 0.663371
0.551913, 0.08216, 0.664039
0.551344, 0.0821982, 0.664775
0.550794, 0.0822757, 0.665481
0.55018, 0.0823404, 0.666302
0.549431, 0.0824061, 0.667307
0.548681, 0.0824847, 0.668315
0.547977, 0.0825546, 0.669307
0.547315, 0.0826362, 0.670275
0.546693, 0.0826876, 0.671205
0.546053, 0.0827413, 0.672176
0.545467, 0.082782, 0.673089
0.544892, 0.0827889, 0.67401
0.544283, 0.0828108, 0.675006
0.543705, 0.0828252, 0.675966
0.543207, 0.0828107, 0.676815
0.542722, 0.0828181, 0.677633
0.542222, 0.0828242, 0.678483
0.541772, 0.0827971, 0.679253
0.541303, 0.0827594, 0.680046
0.540868, 0.0827122, 0.680799
0.540491, 0.0826583, 0.681456
0.540122, 0.0825848, 0.682113
0.539779, 0.0824875, 0.682733
0.539482, 0.0823785, 0.68327
0.539219, 0.0822657, 0.683783
0.539041, 0.0821296, 0.684198
0.53889, 0.0819662, 0.684585
0.538771, 0.0818232, 0.684897
0.538681, 0.0816486, 0.685189
0.538639, 0.0814493, 0.685432
0.53863, 0.0812556, 0.68561
0.53864, 0.081059, 0.685733
0.538667, 0.0808626, 0.685809
0.538692, 0.0806795, 0.685858
0.538732, 0.0804658, 0.685885
0.538777, 0.0802499, 0.685883
0.538809, 0.0800357, 0.685878
0.538843, 0.0798297, 0.685869
0.538874, 0.0796038, 0.685856
0.538908, 0.0793484, 0.685838
0.538945, 0.0790788, 0.685826
0.538972, 0.0788, 0.685824
0.538992, 0.0785285, 0.685829
0.539003, 0.0782296, 0.685858
0.53901, 0.0779516, 0.685895
0.538994, 0.0776609, 0.685974
0.538961, 0.0773834, 0.686089
0.538899, 0.0770906, 0.686236
0.538829, 0.0768116, 0.686397
0.53875, 0.0765472, 0.686561
0.538674, 0.0763133, 0.686714
0.538583, 0.0760779, 0.686889
0.538475, 0.0758644, 0.687079
0.53835, 0.0756578, 0.687298
0.538224, 0.0754517, 0.687519
0.538121, 0.0752741, 0.687711
0.538023, 0.0751013, 0.687899
0.537927, 0.0749406, 0.688082
0.537842, 0.0747902, 0.68825
0.537762, 0.0746495, 0.688409
0.537693, 0.0745041, 0.688555
0.537627, 0.0743933, 0.68868
0.537556, 0.0742755, 0.688813
0.537493, 0.0741767, 0.688927
0.537442, 0.0740939, 0.689029
0.537393, 0.0740193, 0.689122
0.537359, 0.0739674, 0.689191
0.537334, 0.0739317, 0.689242
0.53732, 0.0739012, 0.689277
0.537308, 0.0739, 0.689296
0.537293, 0.0738965, 0.689319
0.537278, 0.0738965, 0.689338
0.53726, 0.0738972, 0.689359
0.537238, 0.073898, 0.689386
0.537214, 0.0738977, 0.689416
0.537196, 0.0738936, 0.689443
0.537182, 0.0738814, 0.689469
0.537168, 0.0738689, 0.689496
0.537156, 0.0738565, 0.689523
0.537138, 0.0738375, 0.68956
0.53712, 0.0738243, 0.689593
0.537111, 0.0738157, 0.689617
0.537106, 0.0738085, 0.689637
0.537105, 0.0737878, 0.689657
0.537101, 0.0737759, 0.689676
0.537095, 0.0737657, 0.689696
0.537084, 0.0737494, 0.689724
0.537065, 0.0737417, 0.689758
0.53704, 0.0737255, 0.689801
0.537016, 0.0737201, 0.689838
0.53699, 0.0737059, 0.689885
0.536965, 0.0736974, 0.689927
0.536948, 0.0736849, 0.689958
0.536914, 0.0736734, 0.690012
0.536884, 0.0736589, 0.690061
0.536851, 0.073643, 0.690115
0.536815, 0.0736117, 0.690183
0.536775, 0.0735976, 0.690248
0.53673, 0.0735661, 0.690328
0.536673, 0.0735378, 0.690422
0.536623, 0.0735114, 0.690509
0.536571, 0.0734831, 0.690599
0.536514, 0.0734472, 0.690703
0.536448, 0.0734089, 0.690818
0.536392, 0.0733681, 0.690927
0.536346, 0.0733255, 0.691025
0.536301, 0.073284, 0.691125
0.53626, 0.0732355, 0.691221
0.536213, 0.0731933, 0.691323
0.536171, 0.0731436, 0.691424
0.536134, 0.0730938, 0.691524
0.536097, 0.0730409, 0.691627
0.536068, 0.0729896, 0.691719
0.536043, 0.0729353, 0.691811
0.536027, 0.0728841, 0.691892
0.536008, 0.0728298, 0.691977
0.535999, 0.0727705, 0.692061
0.535984, 0.0727222, 0.692138
0.535978, 0.0726644, 0.69221
0.53596, 0.0726094, 0.692297
0.535949, 0.0725658, 0.692365
0.535945, 0.0725197, 0.692425
0.535945, 0.0724713, 0.692483
0.535955, 0.0724249, 0.692531
0.535964, 0.0723872, 0.692572
0.535977, 0.0723499, 0.692603
0.53601, 0.0723024, 0.692628
0.536045, 0.0722518, 0.692653
0.536086, 0.0722099, 0.692664
0.536129, 0.0721658, 0.692674
0.536182, 0.0721149, 0.692681
0.536231, 0.0720672, 0.692689
0.536278, 0.0720279, 0.69269
0.536323, 0.0719895, 0.692692
0.536362, 0.071957, 0.692695
0.536407, 0.0719192, 0.692699
0.536451, 0.0718843, 0.692702
0.536495, 0.0718492, 0.692704
0.536552, 0.0718042, 0.692709
0.536614, 0.0717551, 0.692712
0.536681, 0.0716983, 0.692723
0.536754, 0.0716396, 0.692731
0.536838, 0.0715672, 0.692742
0.536938, 0.0714831, 0.692751
0.537043, 0.0713952, 0.692763
0.537166, 0.0712921, 0.692769
0.537314, 0.0711696, 0.692778
0.53744, 0.0710637, 0.692787
0.537567, 0.0709565, 0.692796
0.537691, 0.0708532, 0.692807
0.537823, 0.0707423, 0.692818
0.537928, 0.07065, 0.692825
0.538017, 0.0705701, 0.692835
0.538089, 0.0704978, 0.692844
0.538136, 0.0704538, 0.69285
0.53818, 0.0704101, 0.692855
0.538202, 0.0703835, 0.692867
0.538217, 0.0703676, 0.692872
0.538211, 0.0703665, 0.692887
0.538197, 0.0703663, 0.692909
0.538173, 0.0703685, 0.692939
0.538139, 0.0703778, 0.692979
0.538109, 0.0703871, 0.693024
0.538071, 0.0703963, 0.693074
0.538025, 0.0704054, 0.693138
0.537982, 0.0704188, 0.693194
0.537934, 0.0704299, 0.693255
0.537879, 0.0704436, 0.693325
0.537812, 0.0704515, 0.693409
0.537744, 0.0704648, 0.693496
0.537681, 0.0704703, 0.693578
0.537609, 0.0704695, 0.693675
0.537534, 0.0704671, 0.693775
0.537455, 0.0704621, 0.693878
0.537391, 0.0704487, 0.693965
0.537328, 0.0704327, 0.694058
0.537255, 0.0704092, 0.694163
0.537196, 0.0703877, 0.694255
0.537137, 0.0703587, 0.694353
0.537079, 0.070332, 0.694443
0.537021, 0.0703022, 0.694537
0.536956, 0.0702801, 0.694633
0.536917, 0.0702539, 0.6947
0.536828, 0.0702188, 0.694838
0.536754, 0.0701822, 0.694957
0.536689, 0.0701518, 0.695059
0.536598, 0.0701101, 0.695202
0.536507, 0.0700708, 0.695345
0.53643, 0.0700388, 0.695466
0.536346, 0.0700008, 0.695601
0.53627, 0.069963, 0.695721
0.536186, 0.0699397, 0.695843
0.536093, 0.0698974, 0.695988
0.536019, 0.069872, 0.696097
0.535948, 0.0698413, 0.696206
0.535873, 0.069808, 0.696322
0.535803, 0.0697794, 0.696425
0.535739, 0.0697568, 0.69652
0.535675, 0.0697349, 0.696615
0.535613, 0.0697171, 0.696707
0.53556, 0.0696986, 0.69678
0.535513, 0.0696938, 0.696843
0.535461, 0.06969, 0.696909
0.535408, 0.0696929, 0.696965
0.535363, 0.0696989, 0.697013
0.535314, 0.0697097, 0.697058
0.535272, 0.0697182, 0.697097
0.535221, 0.0697406, 0.697131
0.535172, 0.0697697, 0.697164
0.535126, 0.0697978, 0.697186
0.535075, 0.0698314, 0.69722
0.535008, 0.0698888, 0.697259
0.534951, 0.0699329, 0.697296
0.534873, 0.0699884, 0.697356
0.534786, 0.0700521, 0.697422
0.534689, 0.0701247, 0.697502
0.534596, 0.0701914, 0.697582
0.534496, 0.0702689, 0.697672
0.534409, 0.0703427, 0.697756
0.534305, 0.0704314, 0.697859
0.534173, 0.0705497, 0.698001
0.534075, 0.0706403, 0.69811
0.533963, 0.0707517, 0.698247
0.533868, 0.0708458, 0.698366
0.53377, 0.0709448, 0.698482
0.53367, 0.0710426, 0.698606
0.533561, 0.0711505, 0.698741
0.533469, 0.0712582, 0.698855
0.533363, 0.0713817, 0.698985
0.533253, 0.0715135, 0.699119
0.533146, 0.0716334, 0.699251
0.533028, 0.0717719, 0.699398
0.532916, 0.0719073, 0.699535
0.532794, 0.0720658, 0.699684
0.53266, 0.0722386, 0.699847
0.532533, 0.072394, 0.7
0.532402, 0.0725786, 0.70016
0.532284, 0.0727441, 0.700301
0.532164, 0.0729237, 0.700433
0.532053, 0.073109, 0.700559
0.531951, 0.0733026, 0.70067
0.531848, 0.0734766, 0.70078
0.531743, 0.0736613, 0.700895
0.531648, 0.0738398, 0.701004
0.531565, 0.0740047, 0.701095
0.531476, 0.0741827, 0.701192
0.531386, 0.0743657, 0.701287
0.531306, 0.07453, 0.70137
0.531243, 0.0746723, 0.701441
0.531134, 0.0748998, 0.701554
0.531066, 0.0750536, 0.701626
0.531003, 0.0751883, 0.701695
0.53093, 0.0753245, 0.701777
0.530869, 0.0754367, 0.701849
0.530799, 0.0755439, 0.701932
0.530742, 0.0756454, 0.701993
0.530678, 0.0757445, 0.702069
0.530626, 0.0758278, 0.702126
0.530576, 0.0758927, 0.702192
0.530527, 0.0759638, 0.702246
0.530487, 0.0760134, 0.702297
0.530446, 0.0760659, 0.702347
0.530415, 0.0760966, 0.702389
0.530391, 0.0761365, 0.702419
0.530366, 0.0761557, 0.702457
0.530348, 0.0761759, 0.702486
0.530343, 0.0761829, 0.702501
0.530343, 0.0761953, 0.702506
0.53034, 0.076199, 0.702512
0.530334, 0.0761987, 0.702521
0.530332, 0.0761988, 0.702523
0.530328, 0.0761949, 0.702532
0.530324, 0.0761908, 0.702539
0.530318, 0.0761912, 0.702547
0.530315, 0.0761857, 0.702552
0.53031, 0.0761828, 0.702563
0.530301, 0.0761821, 0.702573
0.530296, 0.0761762, 0.702582
0.53029, 0.0761735, 0.702593
0.530283, 0.0761751, 0.7026
0.53028, 0.0761687, 0.702611
0.530278, 0.0761645, 0.702615
0.530278, 0.0761603, 0.702617
0.530278, 0.0761586, 0.70262
0.530278, 0.076156, 0.702621
0.530279, 0.0761588, 0.70262
0.530281, 0.0761546, 0.702622
0.530282, 0.0761566, 0.702622
0.530284, 0.0761587, 0.70262
0.53029, 0.0761517, 0.702617
0.530295, 0.0761498, 0.702617
0.530303, 0.0761427, 0.702615
0.530312, 0.0761332, 0.702618
0.530325, 0.076125, 0.702618
0.530338, 0.0761136, 0.70262
0.530345, 0.0761092, 0.702622
0.530355, 0.0760932, 0.702625
0.530357, 0.0760905, 0.702626
0.530362, 0.0760878, 0.702625
0.530365, 0.0760863, 0.702625
0.530369, 0.0760905, 0.702621
0.530369, 0.0760975, 0.702621
0.53037, 0.0761005, 0.702622
0.530367, 0.0761078, 0.702623
0.530368, 0.0761167, 0.702621
0.530372, 0.0761193, 0.70262
0.530372, 0.0761303, 0.702623
0.530375, 0.0761399, 0.702621
0.530378, 0.0761483, 0.702623
0.530385, 0.0761659, 0.702622
0.530398, 0.0761701, 0.702629
0.530409, 0.0761819, 0.702635
0.530421, 0.0761922, 0.702643
0.530434, 0.076194, 0.702654
0.530448, 0.0762022, 0.702662
0.530463, 0.0761993, 0.702675
0.530483, 0.0761953, 0.702687
0.530516, 0.0761905, 0.7027
0.530561, 0.0761729, 0.702713
0.530614, 0.0761515, 0.702727
0.530673, 0.0761233, 0.702743
0.530752, 0.0760834, 0.702762
0.530828, 0.0760449, 0.702781
0.530926, 0.0759896, 0.7028
0.531027, 0.0759306, 0.702828
0.531155, 0.0758531, 0.702851
0.531279, 0.0757792, 0.702879
0.531432, 0.0756909, 0.702909
0.531578, 0.0756038, 0.702945
0.531781, 0.0754734, 0.702987
0.532009, 0.0753216, 0.703041
0.532251, 0.0751579, 0.703092
0.532525, 0.0749781, 0.703145
0.5328, 0.074805, 0.703206
0.533049, 0.0746562, 0.703258
0.533289, 0.0745234, 0.703314
0.53353, 0.0743972, 0.703374
0.53376, 0.0742913, 0.703436
0.533948, 0.0742123, 0.703496
0.534126, 0.0741535, 0.70356
0.534316, 0.0740946, 0.70364
0.534492, 0.0740387, 0.703712
0.534679, 0.0739787, 0.703794
0.534874, 0.0739107, 0.703881
0.535017, 0.0738622, 0.703992
0.535287, 0.0737765, 0.704306
0.535367, 0.0737521, 0.704473
0.53542, 0.0737467, 0.70462
0.535449, 0.0737589, 0.704769
0.535451, 0.0737858, 0.704895
0.53545, 0.0738095, 0.705012
0.53543, 0.0738328, 0.705132
0.535393, 0.073862, 0.70525
0.535343, 0.0738763, 0.705383
0.535291, 0.0738793, 0.705501
0.535229, 0.0738716, 0.705635
0.535167, 0.0738542, 0.705755
0.535106, 0.0738211, 0.705879
0.535059, 0.0737837, 0.705975
0.535017, 0.0737318, 0.70607
0.534975, 0.0736796, 0.706164
0.534943, 0.0736237, 0.706243
0.534916, 0.0735684, 0.706321
0.534903, 0.0735158, 0.706389
0.534896, 0.073468, 0.706441
0.534886, 0.0734088, 0.70651
0.534873, 0.0733614, 0.706574
0.534872, 0.0733069, 0.706632
0.534879, 0.0732678, 0.706679
0.534896, 0.0732288, 0.706708
0.534922, 0.0731938, 0.706727
0.53496, 0.0731549, 0.706735
0.535, 0.0731166, 0.706738
0.535038, 0.0730806, 0.706739
0.535087, 0.0730331, 0.706742
0.535138, 0.0729908, 0.70674
0.535178, 0.0729492, 0.706749
0.535226, 0.07291, 0.706748
0.535281, 0.0728569, 0.706756
0.535345, 0.0728051, 0.706759
0.53543, 0.0727376, 0.706761
0.535518, 0.0726674, 0.706767
0.535634, 0.0725661, 0.706778
0.535755, 0.0724663, 0.706785
0.535927, 0.0723215, 0.706798
0.536083, 0.07219, 0.70681
0.536243, 0.0720559, 0.70682
0.536391, 0.0719298, 0.70683
0.536545, 0.0717975, 0.706839
0.536664, 0.0716964, 0.706845
0.536772, 0.0716056, 0.706851
0.536851, 0.0715348, 0.70686
0.536924, 0.071474, 0.706863
0.53697, 0.0714295, 0.706866
0.537007, 0.0713925, 0.706868
0.537027, 0.0713746, 0.706867
0.537036, 0.0713672, 0.706868
0.537041, 0.07136, 0.706868
0.537043, 0.0713529, 0.706869
0.537043, 0.0713549, 0.70687
0.537042, 0.0713604, 0.70687
0.537038, 0.0713608, 0.706875
0.537042, 0.0713513, 0.706876
0.537041, 0.0713573, 0.706877
0.537048, 0.071352, 0.706874
0.537054, 0.0713488, 0.706869
0.537056, 0.0713442, 0.70687
0.537065, 0.0713329, 0.706868
0.537075, 0.0713298, 0.706864
0.537089, 0.0713181, 0.706862
0.537104, 0.0713039, 0.706864
0.537121, 0.0712856, 0.706864
0.53714, 0.0712608, 0.706865
0.537162, 0.0712353, 0.706864
0.537178, 0.0712121, 0.706868
0.53719, 0.0711997, 0.706871
0.537194, 0.0711932, 0.706872
0.5372, 0.0711884, 0.70687
0.5372, 0.0711847, 0.706873
0.537194, 0.0711902, 0.706876
0.537194, 0.0711893, 0.706879
0.537193, 0.0711861, 0.706878
0.537191, 0.0711894, 0.706881
0.53719, 0.0711869, 0.706884
0.537192, 0.0711834, 0.706885
0.53719, 0.071188, 0.706885
0.537193, 0.0711859, 0.706884
0.537194, 0.0711854, 0.706882
0.537192, 0.07119, 0.706882
0.537192, 0.0711891, 0.706885
0.537189, 0.0712046, 0.706883
0.537187, 0.0712059, 0.706885
0.537185, 0.0712142, 0.706886
0.537185, 0.0712235, 0.706884
0.537183, 0.0712296, 0.706883
0.53718, 0.0712373, 0.706883
0.537178, 0.0712489, 0.706881
0.537173, 0.0712611, 0.706881
0.537168, 0.0712783, 0.706881
0.537165, 0.0712893, 0.706883
0.537158, 0.0713062, 0.706886
0.537155, 0.0713208, 0.706885
0.537154, 0.0713327, 0.706883
0.537149, 0.0713468, 0.70688
0.537145, 0.0713604, 0.706879
0.537144, 0.071366, 0.706879
0.537142, 0.0713818, 0.706876
0.537135, 0.0713926, 0.706879
0.537133, 0.0714038, 0.706879
0.537132, 0.0714116, 0.706877
0.537128, 0.0714158, 0.706879
0.537131, 0.0714178, 0.706876
0.537129, 0.0714191, 0.706878
0.537128, 0.0714252, 0.706874
0.537129, 0.0714207, 0.706875
0.537127, 0.0714195, 0.706879
0.537128, 0.0714205, 0.706879
0.537131, 0.0714177, 0.706878
0.537133, 0.0714172, 0.706879
0.537136, 0.0714098, 0.706876
0.537139, 0.0714115, 0.706874
0.537145, 0.0714034, 0.70687
0.53715, 0.0713985, 0.70687
0.537153, 0.0714005, 0.706868
0.537157, 0.0713964, 0.706869
0.537161, 0.0713913, 0.706866
0.53717, 0.0713768, 0.706868
0.537175, 0.0713683, 0.706868
0.537178, 0.0713661, 0.706867
0.537182, 0.0713617, 0.70687
0.537184, 0.0713581, 0.70687
0.537185, 0.0713574, 0.706872
0.537187, 0.0713561, 0.70687
0.53719, 0.0713497, 0.706874
0.537194, 0.071348, 0.706871
0.5372, 0.0713377, 0.706872
0.537205, 0.0713354, 0.706871
0.53721, 0.0713277, 0.706873
0.537214, 0.0713262, 0.706873
0.537221, 0.0713211, 0.706871
0.537224, 0.0713149, 0.706875
0.537238, 0.0713068, 0.706871
0.537241, 0.0713004, 0.706872
0.53725, 0.0712912, 0.706874
0.537258, 0.0712818, 0.706875
0.537267, 0.0712747, 0.706873
0.537276, 0.0712638, 0.706875
0.537284, 0.0712526, 0.706877
0.537291, 0.071247, 0.706879
0.537298, 0.0712436, 0.706876
0.537306, 0.0712363, 0.706876
0.537313, 0.0712318, 0.706874
0.537322, 0.0712259, 0.706876
0.537337, 0.071211, 0.706875
0.53735, 0.0711917, 0.706877
0.537361, 0.0711907, 0.706873
0.537377, 0.0711699, 0.706875
0.53739, 0.0711574, 0.706876
0.5374, 0.0711482, 0.706876
0.537406, 0.0711407, 0.706878
0.537416, 0.0711324, 0.706875
0.537431, 0.0711188, 0.706876
0.537445, 0.0711044, 0.706881
0.537453, 0.0710947, 0.706879
0.537457, 0.071092, 0.706879
0.537462, 0.0710879, 0.706878
0.537466, 0.0710826, 0.706878
0.537467, 0.0710798, 0.70688
0.537475, 0.0710735, 0.70688
0.537483, 0.0710659, 0.70688
0.537486, 0.0710636, 0.706882
0.537488, 0.0710612, 0.706882
0.537492, 0.0710568, 0.706883
0.537495, 0.0710505, 0.706882
0.537496, 0.0710498, 0.706882
0.537499, 0.0710494, 0.706883
0.537499, 0.0710444, 0.706884
0.537501, 0.0710411, 0.706882
0.537501, 0.0710428, 0.706886
0.537499, 0.071043, 0.706887
0.5375, 0.0710427, 0.706887
0.537501, 0.0710416, 0.706886
0.537501, 0.0710402, 0.706887
0.5375, 0.0710417, 0.706889
0.537501, 0.0710382, 0.706889
0.5375, 0.0710383, 0.70689
0.5375, 0.0710402, 0.706889
0.537504, 0.0710316, 0.706888
0.537506, 0.0710317, 0.706889
0.537508, 0.0710303, 0.706888
0.537512, 0.0710262, 0.706889
0.537513, 0.0710203, 0.70689
0.537518, 0.0710171, 0.706889
0.537523, 0.07101, 0.70689
0.537525, 0.0710086, 0.706892
0.537526, 0.0710065, 0.706895
0.537529, 0.0709992, 0.706897
0.537527, 0.0709967, 0.7069
0.53753, 0.0709931, 0.706898
0.537531, 0.0709947, 0.706897
0.537533, 0.0709903, 0.706896
0.537533, 0.0709918, 0.706896
0.53753, 0.0709942, 0.7069
0.537533, 0.0709903, 0.706897
0.53753, 0.0709945, 0.706898
0.537529, 0.0709924, 0.706898
0.537527, 0.0710007, 0.706899
0.537529, 0.0709941, 0.7069
0.537529, 0.0709947, 0.706899
0.537527, 0.0709913, 0.706901
0.537526, 0.0709943, 0.706901
0.537525, 0.0709945, 0.706901
0.537526, 0.0709941, 0.706901
0.537526, 0.0709983, 0.706901
0.537527, 0.0709961, 0.706902
0.537526, 0.0709948, 0.706901
0.537526, 0.070996, 0.706901
0.537527, 0.0709989, 0.7069
0.537526, 0.0709984, 0.7069
0.537525, 0.070999, 0.706899
0.537525, 0.0710033, 0.706899
0.537525, 0.0709999, 0.7069
