0.314209, 0.000768206, 0.490141
0.314667, 0.000768559, 0.490346
0.315232, 0.000767352, 0.490605
0.315753, 0.000767919, 0.490851
0.316267, 0.000764944, 0.491099
0.316813, 0.000767311, 0.491361
0.317366, 0.000763495, 0.491626
0.317879, 0.000753794, 0.491867
0.318419, 0.000744028, 0.492125
0.319064, 0.000727648, 0.492429
0.31967, 0.000710482, 0.49273
0.320336, 0.000692018, 0.493064
0.320977, 0.000663521, 0.493384
0.321553, 0.000646109, 0.493661
0.322195, 0.000632761, 0.493971
0.322816, 0.000633568, 0.49426
0.323511, 0.000642693, 0.494561
0.324178, 0.000650556, 0.494831
0.324807, 0.000656079, 0.495054
0.325342, 0.000660466, 0.495208
0.325862, 0.000671513, 0.495305
0.326458, 0.000686848, 0.495382
0.327098, 0.000713213, 0.495427
0.327694, 0.000742944, 0.495404
0.328191, 0.000777849, 0.495326
0.328656, 0.000813799, 0.495179
0.329101, 0.000848242, 0.494976
0.329579, 0.000899402, 0.494682
0.330086, 0.000960313, 0.49431
0.330576, 0.00104316, 0.493847
0.331009, 0.00114218, 0.493306
0.331389, 0.00125326, 0.492666
0.331693, 0.00135615, 0.491999
0.331979, 0.00147213, 0.491264
0.332305, 0.00161633, 0.490335
0.332583, 0.00174651, 0.489538
0.332908, 0.00190224, 0.48865
0.333213, 0.00207017, 0.487721
0.333484, 0.00224031, 0.486855
0.333761, 0.00243526, 0.485877
0.333992, 0.00261341, 0.484954
0.33424, 0.00282493, 0.483924
0.334456, 0.00301689, 0.482992
0.334702, 0.0032324, 0.481997
0.334976, 0.00343962, 0.481117
0.335301, 0.00364668, 0.480246
0.335643, 0.00385776, 0.479374
0.336032, 0.00410571, 0.478432
0.336365, 0.00433489, 0.477601
0.336718, 0.00460411, 0.476731
0.337045, 0.00487897, 0.475947
0.337453, 0.0052005, 0.475118
0.337888, 0.00549919, 0.474419
0.338378, 0.00584739, 0.473659
0.338853, 0.00619823, 0.472919
0.339304, 0.00656078, 0.472218
0.33975, 0.00693757, 0.471556
0.340147, 0.00729158, 0.471
0.340589, 0.00769299, 0.470437
0.341034, 0.00805868, 0.469993
0.34152, 0.00842037, 0.469624
0.342004, 0.00878991, 0.469276
0.342535, 0.00918649, 0.468938
0.343011, 0.00956267, 0.468669
0.343547, 0.00998637, 0.468448
0.344057, 0.0103757, 0.468296
0.344681, 0.0108077, 0.468188
0.345337, 0.0112415, 0.468134
0.345992, 0.0116755, 0.468159
0.346621, 0.0121138, 0.468234
0.347243, 0.012554, 0.468352
0.347809, 0.0129465, 0.468497
0.348466, 0.0133764, 0.468712
0.349162, 0.0138091, 0.468972
0.349842, 0.0142374, 0.469244
0.350502, 0.0146619, 0.469525
0.35108, 0.015041, 0.469779
0.351698, 0.0154619, 0.470067
0.352272, 0.0158383, 0.470346
0.352933, 0.0162537, 0.470692
0.353515, 0.0166335, 0.471017
0.354103, 0.0170474, 0.471364
0.354642, 0.0174568, 0.471697
0.355135, 0.0178455, 0.472014
0.355559, 0.0181794, 0.472289
0.355979, 0.018506, 0.472553
0.356453, 0.0188372, 0.47285
0.356862, 0.0191332, 0.473132
0.35722, 0.0194146, 0.473386
0.357536, 0.0196994, 0.473604
0.357823, 0.0200006, 0.4738
0.358064, 0.0202942, 0.473957
0.358236, 0.0205492, 0.474065
0.358367, 0.0207936, 0.474142
0.358478, 0.0210382, 0.474193
0.358577, 0.0212895, 0.474216
0.358656, 0.0215389, 0.4742
0.35871, 0.0217454, 0.474148
0.358751, 0.0219372, 0.474074
0.358791, 0.0221304, 0.473969
0.358825, 0.0222863, 0.473863
0.358866, 0.0224372, 0.473723
0.35892, 0.0225751, 0.473565
0.358971, 0.0226914, 0.473422
0.359028, 0.0227878, 0.47326
0.359096, 0.0228818, 0.473079
0.359175, 0.0229588, 0.472887
0.359276, 0.0230213, 0.472683
0.359389, 0.0230753, 0.472474
0.359512, 0.0231089, 0.472269
0.359641, 0.0231331, 0.472066
0.359783, 0.0231386, 0.471869
0.359941, 0.0231444, 0.471697
0.360125, 0.0231418, 0.47153
0.360363, 0.0231255, 0.471361
0.360589, 0.0231162, 0.471234
0.360963, 0.0231078, 0.471068
0.361306, 0.0231092, 0.470957
0.361715, 0.0231152, 0.470847
0.362108, 0.0231197, 0.470761
0.362552, 0.0231412, 0.47067
0.363011, 0.0231618, 0.470573
0.363458, 0.0231904, 0.470491
0.363848, 0.0232167, 0.470425
0.364246, 0.0232503, 0.470365
0.364684, 0.0232943, 0.470304
0.365082, 0.0233364, 0.470243
0.365481, 0.0233893, 0.470205
0.365899, 0.023451, 0.470185
0.36638, 0.0235335, 0.4702
0.366859, 0.0236267, 0.470228
0.367322, 0.0237396, 0.470275
0.367752, 0.0238859, 0.470317
0.368126, 0.024038, 0.470342
0.368503, 0.0242138, 0.470352
0.368813, 0.024392, 0.470349
0.369119, 0.0246082, 0.470326
0.369405, 0.0248657, 0.470275
0.369675, 0.0251645, 0.47021
0.369942, 0.0255016, 0.470122
0.370216, 0.0258371, 0.47005
0.370558, 0.0262219, 0.470002
0.370902, 0.0265723, 0.469984
0.371259, 0.0269039, 0.469986
0.371644, 0.0272563, 0.469985
0.371973, 0.0275882, 0.469975
0.372245, 0.0278931, 0.469968
0.372633, 0.0283923, 0.469943
0.37288, 0.0288322, 0.469902
0.37306, 0.0292538, 0.469839
0.373224, 0.0297109, 0.469752
0.373345, 0.0301295, 0.469648
0.373459, 0.0305909, 0.469515
0.373541, 0.0310328, 0.469375
0.373604, 0.0315606, 0.469226
0.373674, 0.0320897, 0.469067
0.373749, 0.032607, 0.468899
0.373821, 0.033078, 0.468748
0.373898, 0.0335965, 0.468586
0.373962, 0.0340907, 0.46844
0.374033, 0.0346352, 0.468269
0.374104, 0.0351664, 0.468104
0.374169, 0.0356575, 0.467946
0.374246, 0.0362147, 0.467766
0.374317, 0.036802, 0.4676
0.374375, 0.0373286, 0.467465
0.374437, 0.0378399, 0.467331
0.37451, 0.0383913, 0.467176
0.374578, 0.0389545, 0.467038
0.374638, 0.0395277, 0.466918
0.374694, 0.0400861, 0.466818
0.374747, 0.0405758, 0.466731
0.374803, 0.0410964, 0.466649
0.374861, 0.0416078, 0.466572
0.374913, 0.0420895, 0.466517
0.374976, 0.0425823, 0.466465
0.375043, 0.043026, 0.466423
0.375114, 0.0434058, 0.466396
0.375205, 0.0437965, 0.466365
0.375318, 0.0441512, 0.466344
0.375429, 0.0444512, 0.466323
0.375555, 0.0447534, 0.466314
0.37568, 0.0450035, 0.466305
0.375829, 0.0452424, 0.466287
0.375976, 0.0454117, 0.466265
0.376136, 0.045538, 0.46625
0.376325, 0.0456434, 0.466229
0.376506, 0.0457019, 0.466206
0.376693, 0.0457368, 0.466188
0.376911, 0.0457478, 0.466185
0.377122, 0.0457483, 0.466198
0.377369, 0.0457474, 0.466206
0.377616, 0.0457494, 0.466211
0.377913, 0.0457461, 0.466237
0.378188, 0.0457443, 0.466271
0.37854, 0.0457379, 0.466341
0.378858, 0.0457294, 0.466421
0.379246, 0.0457224, 0.466527
0.379684, 0.0457086, 0.466667
0.380119, 0.0456932, 0.466817
0.380655, 0.0456783, 0.46701
0.381208, 0.0456538, 0.467213
0.381712, 0.0456328, 0.467386
0.382202, 0.0456089, 0.46753
0.382737, 0.0455824, 0.467671
0.383248, 0.0455525, 0.467799
0.38373, 0.0455224, 0.467912
0.384208, 0.045489, 0.467998
0.384632, 0.0454546, 0.468054
0.385097, 0.0454182, 0.468092
0.385518, 0.0453812, 0.468113
0.385933, 0.0453339, 0.468122
0.386404, 0.0452834, 0.46811
0.386901, 0.0452245, 0.468087
0.387428, 0.0451571, 0.46805
0.387922, 0.0450832, 0.467987
0.388408, 0.0450024, 0.467914
0.388923, 0.0449053, 0.467819
0.389406, 0.044797, 0.467704
0.389823, 0.0446956, 0.467575
0.390233, 0.0445855, 0.46742
0.390676, 0.0444515, 0.467237
0.391091, 0.0443272, 0.467073
0.391554, 0.0441877, 0.466886
0.39202, 0.044034, 0.466691
0.392449, 0.0438826, 0.466534
0.392929, 0.0437151, 0.466351
0.393377, 0.0435546, 0.466192
0.393877, 0.0433641, 0.466034
0.394403, 0.0431653, 0.465885
0.394927, 0.042977, 0.46576
0.395551, 0.042749, 0.46562
0.396157, 0.0425402, 0.465492
0.396853, 0.0422904, 0.46535
0.397506, 0.0420526, 0.465206
0.39816, 0.0418029, 0.465061
0.398858, 0.0415395, 0.464926
0.399475, 0.0413017, 0.464773
0.400106, 0.0410581, 0.4646
0.400801, 0.0407838, 0.464389
0.401443, 0.0405315, 0.464208
0.402154, 0.0402822, 0.464013
0.402823, 0.0400529, 0.463845
0.403596, 0.0397967, 0.463684
0.404296, 0.0395593, 0.463566
0.405034, 0.0393054, 0.463443
0.405738, 0.0390775, 0.463316
0.406423, 0.0388622, 0.463184
0.407016, 0.0386677, 0.463055
0.407664, 0.038472, 0.462936
0.408294, 0.0383119, 0.462799
0.408841, 0.0381855, 0.462696
0.409507, 0.0380552, 0.462581
0.410136, 0.0379549, 0.462491
0.410734, 0.037888, 0.462404
0.411405, 0.037844, 0.462345
0.4121, 0.03782, 0.462334
0.412766, 0.0378044, 0.462372
0.413549, 0.037786, 0.46248
0.414283, 0.0377714, 0.462595
0.415101, 0.0377508, 0.46275
0.415828, 0.0377287, 0.462895
0.416544, 0.0376967, 0.463044
0.417329, 0.037657, 0.463195
0.418039, 0.0376275, 0.463333
0.418788, 0.0375943, 0.463499
0.419522, 0.0375677, 0.463661
0.420262, 0.0375516, 0.463833
0.42093, 0.0375452, 0.464004
0.421583, 0.0375466, 0.46418
0.422278, 0.0375523, 0.464389
0.422894, 0.0375687, 0.464601
0.423578, 0.0375832, 0.464866
0.424272, 0.0375953, 0.465116
0.425, 0.0376239, 0.465388
0.425671, 0.0376479, 0.46564
0.426415, 0.0376919, 0.46596
0.427113, 0.0377404, 0.466265
0.427833, 0.0377978, 0.466575
0.428689, 0.0378785, 0.466914
0.429626, 0.0379663, 0.467287
0.43051, 0.0380537, 0.467649
0.431503, 0.0381647, 0.46813
0.432453, 0.0382836, 0.468617
0.433602, 0.0384272, 0.469203
0.43486, 0.0385852, 0.469805
0.436022, 0.0387423, 0.470303
0.437293, 0.0389609, 0.470865
0.438448, 0.0391724, 0.47145
0.439628, 0.0393783, 0.472025
0.440737, 0.0395612, 0.472484
0.442351, 0.039847, 0.473053
0.443569, 0.0400598, 0.473558
0.444938, 0.0402839, 0.474279
0.446269, 0.0405042, 0.474904
0.447802, 0.0407636, 0.475478
0.449186, 0.0409975, 0.475964
0.450632, 0.0412471, 0.476595
0.451921, 0.0414918, 0.477169
0.453218, 0.0417734, 0.477611
0.454606, 0.0421048, 0.478037
0.455947, 0.0424533, 0.478573
0.457297, 0.0428272, 0.479154
0.458653, 0.0432219, 0.479577
0.459836, 0.0435892, 0.479859
0.461064, 0.0439932, 0.480227
0.462242, 0.0444104, 0.480537
0.463299, 0.0448112, 0.480725
0.46429, 0.0452065, 0.480839
0.465297, 0.0456446, 0.481034
0.466285, 0.0461094, 0.481256
0.467297, 0.0466055, 0.481328
0.468283, 0.0471086, 0.481277
0.469103, 0.0475663, 0.481277
0.469993, 0.0480532, 0.481299
0.470979, 0.0484936, 0.481231
0.471916, 0.0487992, 0.481125
0.472796, 0.0490761, 0.481033
0.473732, 0.0493406, 0.480956
0.474713, 0.0495889, 0.480869
0.475652, 0.0498114, 0.480781
0.476655, 0.0500415, 0.48071
0.477605, 0.0502673, 0.480686
0.47856, 0.0504863, 0.480763
0.47955, 0.0507047, 0.480899
0.480455, 0.0508999, 0.481052
0.481418, 0.0511288, 0.481195
0.48239, 0.0513779, 0.481285
0.483398, 0.0516655, 0.4814
0.484432, 0.0519776, 0.481558
0.485346, 0.0522529, 0.481676
0.486258, 0.0525259, 0.481718
0.4873, 0.052858, 0.481797
0.488367, 0.0532065, 0.481986
0.489332, 0.0535371, 0.482165
0.490282, 0.0538914, 0.482251
0.491246, 0.0542554, 0.482297
0.492334, 0.0546945, 0.482403
0.493437, 0.0551488, 0.482596
0.494501, 0.055645, 0.482632
0.495457, 0.0561239, 0.482583
0.496519, 0.0566827, 0.48262
0.497577, 0.05726, 0.482694
0.49854, 0.0578079, 0.48268
0.49961, 0.0584154, 0.482455
0.500585, 0.0589855, 0.482264
0.501672, 0.059639, 0.482183
0.502695, 0.060243, 0.482092
0.503891, 0.0609091, 0.481821
0.504983, 0.0615319, 0.481593
0.506143, 0.0622258, 0.481495
0.507207, 0.0628595, 0.481358
0.508316, 0.0635148, 0.481069
0.509537, 0.0642448, 0.480666
0.51057, 0.0648969, 0.480386
0.511692, 0.0656009, 0.480081
0.512629, 0.0661849, 0.479773
0.513902, 0.0669652, 0.479367
0.514948, 0.0676088, 0.479129
0.515992, 0.0682335, 0.478808
0.51713, 0.0689233, 0.478322
0.518252, 0.0696043, 0.477858
0.519259, 0.0701935, 0.477451
0.520295, 0.0707766, 0.476973
0.521317, 0.0713496, 0.476474
0.522261, 0.0718913, 0.475987
0.523224, 0.0724725, 0.475475
0.524106, 0.072977, 0.474916
0.525014, 0.073468, 0.47431
0.52597, 0.0739601, 0.473674
0.526808, 0.0743965, 0.473164
0.527716, 0.074831, 0.472605
0.528527, 0.0752004, 0.472136
0.529327, 0.0755561, 0.47171
0.53011, 0.0758877, 0.47129
0.531009, 0.0762491, 0.47076
0.53184, 0.0765745, 0.470285
0.532718, 0.0769152, 0.469846
0.533479, 0.077216, 0.469494
0.534329, 0.0775467, 0.469049
0.535225, 0.0778753, 0.468636
0.536048, 0.0781401, 0.468374
0.536855, 0.0783867, 0.468214
0.537733, 0.0786631, 0.467932
0.538541, 0.0789172, 0.46762
0.539443, 0.0792016, 0.46732
0.540258, 0.0794278, 0.467107
0.541144, 0.0796567, 0.466843
0.542048, 0.0798769, 0.466556
0.542864, 0.0800601, 0.466348
0.543666, 0.0802119, 0.466228
0.544535, 0.0803541, 0.466159
0.545334, 0.0804636, 0.466039
0.546166, 0.0805522, 0.465876
0.547066, 0.0806371, 0.465727
0.547846, 0.0807079, 0.465641
0.54866, 0.0807963, 0.465523
0.549399, 0.0808739, 0.465363
0.550175, 0.0809422, 0.465171
0.551024, 0.0810213, 0.465014
0.5518, 0.0811042, 0.464882
0.552501, 0.0812072, 0.464778
0.553207, 0.0813131, 0.464597
0.553892, 0.0813908, 0.464391
0.554601, 0.0814635, 0.46413
0.555325, 0.0815449, 0.463784
0.555951, 0.0816361, 0.463475
0.556544, 0.0817251, 0.463098
0.557168, 0.0818109, 0.462565
0.557801, 0.0818854, 0.461893
0.558325, 0.081949, 0.46129
0.5588, 0.0820178, 0.460741
0.559292, 0.0820986, 0.460164
0.559763, 0.0821662, 0.459592
0.560326, 0.082209, 0.458856
0.560848, 0.0822288, 0.45818
0.561366, 0.0822409, 0.457527
0.561801, 0.082265, 0.457001
0.562222, 0.0822983, 0.456496
0.562664, 0.0823304, 0.455987
0.563172, 0.0823486, 0.455427
0.563626, 0.0823729, 0.454962
0.564102, 0.0824187, 0.454531
0.564543, 0.0824741, 0.4542
0.564932, 0.0825244, 0.453945
0.565333, 0.082567, 0.453691
0.565761, 0.0825973, 0.453445
0.566161, 0.0826062, 0.453293
0.566516, 0.0826075, 0.453222
0.566926, 0.0826001, 0.453204
0.567356, 0.0825772, 0.453239
0.567769, 0.0825451, 0.453332
0.56821, 0.0825133, 0.453521
0.568625, 0.0824892, 0.453794
0.568994, 0.082475, 0.454101
0.569383, 0.0824577, 0.454462
0.569758, 0.0824405, 0.45486
0.570101, 0.0824269, 0.455282
0.570418, 0.0824154, 0.455704
0.570722, 0.0824034, 0.456169
0.571044, 0.0823844, 0.456729
0.571321, 0.0823723, 0.457264
0.571625, 0.082359, 0.457835
0.571959, 0.0823402, 0.458419
0.572309, 0.0823322, 0.459035
0.572637, 0.082323, 0.459635
0.572923, 0.0823216, 0.460235
0.573172, 0.0823189, 0.460802
0.573374, 0.0822989, 0.461266
0.573541, 0.0822773, 0.461683
0.573653, 0.0822603, 0.46205
0.573727, 0.0822371, 0.462414
0.573757, 0.0822293, 0.462688
0.573753, 0.0822305, 0.46294
0.573728, 0.0822278, 0.463112
0.573688, 0.0822373, 0.463276
0.573652, 0.082246, 0.463424
0.57362, 0.0822563, 0.46357
0.573595, 0.082259, 0.463683
0.573577, 0.0822674, 0.463761
0.573557, 0.0822771, 0.463839
0.573543, 0.0822762, 0.463896
0.573531, 0.0822864, 0.46394
0.573525, 0.0822992, 0.463958
0.573523, 0.082308, 0.463971
0.573522, 0.0823242, 0.46397
0.57352, 0.0823394, 0.463956
0.573518, 0.0823597, 0.463938
0.573514, 0.0823845, 0.463927
0.573511, 0.0824083, 0.463915
0.573506, 0.082431, 0.463914
0.573503, 0.0824556, 0.463911
0.573499, 0.0824777, 0.463923
0.573493, 0.0825014, 0.463932
0.573491, 0.0825221, 0.463947
0.57349, 0.0825392, 0.463959
0.573486, 0.0825453, 0.46397
0.573486, 0.0825558, 0.463972
0.573482, 0.0825586, 0.463971
0.573481, 0.0825576, 0.463969
0.573478, 0.0825581, 0.463959
0.573476, 0.082548, 0.463952
0.573474, 0.0825443, 0.463945
0.573473, 0.0825464, 0.463948
0.573468, 0.0825478, 0.463945
0.573465, 0.0825461, 0.463947
0.573462, 0.0825511, 0.463956
0.573457, 0.0825498, 0.463954
0.573453, 0.0825515, 0.463957
0.57345, 0.0825509, 0.463962
0.573448, 0.0825507, 0.463965
0.573445, 0.0825528, 0.463962
0.573443, 0.0825515, 0.463965
0.573439, 0.0825469, 0.463964
0.573435, 0.0825496, 0.463965
0.57343, 0.0825514, 0.463964
0.573423, 0.0825556, 0.46396
0.573414, 0.0825593, 0.463956
0.573404, 0.0825641, 0.46395
0.573393, 0.082568, 0.463944
0.573377, 0.0825727, 0.463934
0.573367, 0.0825722, 0.463932
0.573364, 0.082574, 0.463932
0.573363, 0.0825727, 0.463936
0.573362, 0.0825703, 0.463943
0.573361, 0.082574, 0.463945
0.573357, 0.0825742, 0.463948
0.573354, 0.0825771, 0.463943
0.573352, 0.082581, 0.463947
0.573349, 0.0825831, 0.463951
0.573343, 0.0825881, 0.463952
0.573335, 0.0825903, 0.46395
0.573324, 0.0825896, 0.463945
0.573305, 0.0825901, 0.463935
0.573286, 0.0825926, 0.463927
0.573268, 0.0825986, 0.46392
0.573249, 0.0826098, 0.463908
0.573223, 0.0826225, 0.463884
0.573192, 0.0826442, 0.463867
0.57316, 0.0826774, 0.463846
0.573132, 0.0827096, 0.463832
0.573101, 0.0827488, 0.463807
0.573072, 0.082788, 0.463784
0.573039, 0.0828385, 0.463771
0.573008, 0.0828959, 0.463755
0.572982, 0.0829356, 0.463745
0.572956, 0.0829805, 0.463735
0.572933, 0.0830311, 0.463732
0.572918, 0.0830861, 0.46374
0.57291, 0.0831328, 0.463748
0.572901, 0.083177, 0.46377
0.572894, 0.0832206, 0.463789
0.572889, 0.083252, 0.463817
0.572886, 0.0832731, 0.463852
0.572883, 0.0832827, 0.463878
0.572883, 0.0832865, 0.463916
0.572882, 0.083282, 0.463949
0.572879, 0.0832767, 0.463998
0.572873, 0.0832696, 0.464033
0.572867, 0.0832633, 0.464077
0.57286, 0.0832553, 0.46412
0.572854, 0.0832491, 0.464155
0.572844, 0.0832511, 0.464191
0.572836, 0.0832512, 0.464231
0.572827, 0.0832554, 0.464266
0.572818, 0.0832506, 0.464305
0.572804, 0.0832517, 0.464354
0.572796, 0.0832505, 0.464388
0.572789, 0.083249, 0.464424
0.572778, 0.0832465, 0.464484
0.572768, 0.0832454, 0.464535
0.57276, 0.0832453, 0.464583
0.572755, 0.083245, 0.464638
0.572748, 0.0832396, 0.464689
0.572743, 0.0832435, 0.464739
0.572737, 0.0832391, 0.464789
0.572731, 0.0832411, 0.464842
0.572727, 0.0832406, 0.464897
0.572721, 0.0832401, 0.464954
0.572713, 0.0832447, 0.465015
0.572705, 0.0832447, 0.465076
0.572703, 0.083246, 0.465132
0.572704, 0.0832454, 0.465198
0.572705, 0.0832441, 0.465254
0.572705, 0.083248, 0.465311
0.572705, 0.083245, 0.465353
0.57271, 0.0832424, 0.465393
0.572713, 0.0832456, 0.465434
0.572717, 0.0832507, 0.46547
0.572724, 0.0832511, 0.465514
0.572728, 0.0832495, 0.465548
0.572734, 0.0832529, 0.465581
0.572742, 0.083255, 0.465619
0.57275, 0.0832522, 0.46565
0.572756, 0.0832584, 0.465682
0.572761, 0.0832623, 0.465712
0.572768, 0.0832631, 0.465737
0.572776, 0.08327, 0.465764
0.572777, 0.0832781, 0.465781
0.572785, 0.0832746, 0.465795
0.572787, 0.0832766, 0.465806
0.572791, 0.0832763, 0.46582
0.572793, 0.0832732, 0.465828
0.572798, 0.0832733, 0.465835
0.5728, 0.0832734, 0.465844
0.572803, 0.0832721, 0.465844
0.572805, 0.0832745, 0.46585
0.572805, 0.0832757, 0.465859
0.572806, 0.0832805, 0.465859
0.572807, 0.0832825, 0.465865
0.572808, 0.0832852, 0.465868
0.572808, 0.0832882, 0.465866
0.572808, 0.083291, 0.465864
0.572807, 0.0832948, 0.465868
0.572807, 0.0832964, 0.465867
0.572805, 0.0833038, 0.465867
0.572805, 0.0833138, 0.465866
0.572804, 0.0833161, 0.465868
0.572804, 0.0833269, 0.465866
0.572802, 0.08334, 0.465869
0.572801, 0.0833531, 0.465868
0.572801, 0.0833662, 0.465872
0.572798, 0.0833787, 0.465872
0.572797, 0.0833974, 0.465878
0.572798, 0.0834108, 0.465882
0.572797, 0.0834325, 0.465887
0.572795, 0.0834571, 0.465891
0.572797, 0.0834738, 0.465897
0.572798, 0.0834998, 0.465907
0.572798, 0.0835247, 0.465921
0.5728, 0.0835566, 0.465934
0.572803, 0.0835791, 0.465955
0.57281, 0.0836041, 0.465976
0.572819, 0.0836326, 0.466008
0.572843, 0.0836617, 0.466051
0.572872, 0.0836782, 0.466099
0.572904, 0.0837004, 0.466153
0.572941, 0.0837261, 0.466219
0.572976, 0.0837448, 0.46629
0.573015, 0.0837697, 0.46637
0.573061, 0.0837946, 0.466465
0.573104, 0.0838182, 0.466563
0.573154, 0.0838442, 0.466677
0.573202, 0.08388, 0.46681
0.573243, 0.0839055, 0.466931
0.573292, 0.0839364, 0.467077
0.57334, 0.0839677, 0.467224
0.573395, 0.0839987, 0.46739
0.57345, 0.0840301, 0.467557
0.573512, 0.0840637, 0.46774
0.57358, 0.0840991, 0.467945
0.573651, 0.0841352, 0.468158
0.573723, 0.0841626, 0.468369
0.573786, 0.0841953, 0.468566
0.573847, 0.0842199, 0.468749
0.573911, 0.0842485, 0.46894
0.573962, 0.0842638, 0.469105
0.574011, 0.0842776, 0.469251
0.574057, 0.084296, 0.4694
0.574097, 0.0843052, 0.469521
0.574127, 0.0843105, 0.469606
0.57415, 0.0843133, 0.469683
0.574165, 0.0843149, 0.469725
0.574172, 0.0843186, 0.469744
0.574176, 0.0843147, 0.469743
0.574176, 0.0843088, 0.469724
0.574174, 0.0843081, 0.469704
0.574174, 0.084309, 0.469679
0.574174, 0.0843125, 0.469658
0.574176, 0.0843099, 0.469639
0.574178, 0.0843146, 0.469623
0.574181, 0.0843092, 0.46961
0.574181, 0.0843104, 0.469605
0.574183, 0.0843065, 0.469604
0.574183, 0.0843052, 0.469602
0.574182, 0.0843024, 0.469598
0.574181, 0.0843044, 0.469601
0.57418, 0.0843047, 0.469601
0.574177, 0.0843062, 0.469598
0.574175, 0.0843092, 0.469599
0.574172, 0.0843157, 0.469599
0.574171, 0.0843147, 0.469599
0.57417, 0.0843166, 0.469597
0.574171, 0.0843176, 0.469599
0.574165, 0.0843236, 0.469594
0.574165, 0.0843213, 0.46959
0.574162, 0.084318, 0.469587
0.574156, 0.0843175, 0.469581
0.57414, 0.0843183, 0.469575
0.574127, 0.0843211, 0.469569
0.574123, 0.0843224, 0.469565
0.574123, 0.0843178, 0.469564
0.574124, 0.0843193, 0.469564
0.574124, 0.0843206, 0.469565
0.574125, 0.0843209, 0.469564
0.574126, 0.0843128, 0.469563
0.574126, 0.084316, 0.469562
0.574126, 0.0843143, 0.469559
0.574126, 0.0843145, 0.469563
0.574125, 0.0843188, 0.46957
0.574126, 0.0843149, 0.46958
0.574125, 0.0843188, 0.469582
0.574125, 0.0843168, 0.469586
0.574124, 0.0843142, 0.469587
0.574125, 0.0843143, 0.469587
0.574127, 0.0843113, 0.469593
0.574127, 0.0843199, 0.469599
0.574127, 0.0843222, 0.469604
0.57413, 0.0843195, 0.46961
0.574128, 0.0843255, 0.469613
0.574128, 0.0843313, 0.469616
0.574127, 0.0843338, 0.469616
0.574128, 0.0843311, 0.469606
0.574128, 0.0843412, 0.469602
0.574129, 0.0843415, 0.4696
0.574127, 0.0843448, 0.469591
0.574128, 0.0843417, 0.469589
0.574128, 0.0843431, 0.469588
0.574129, 0.0843383, 0.469589
0.574129, 0.0843313, 0.469596
0.574129, 0.0843236, 0.469599
0.574129, 0.0843217, 0.469604
0.574128, 0.0843271, 0.46961
0.574129, 0.0843262, 0.469613
0.574129, 0.0843271, 0.469611
0.574129, 0.0843341, 0.46961
0.57413, 0.0843342, 0.469606
0.57413, 0.0843336, 0.469603
0.574132, 0.0843334, 0.469598
0.574132, 0.0843315, 0.469593
0.574132, 0.0843285, 0.469589
0.574133, 0.0843256, 0.469585
0.574133, 0.0843247, 0.469588
0.574132, 0.0843265, 0.469584
0.574131, 0.0843251, 0.469589
0.574129, 0.0843215, 0.469594
0.57413, 0.0843196, 0.469603
0.57413, 0.0843217, 0.469605
0.574129, 0.084322, 0.469602
0.574129, 0.0843249, 0.469599
0.574131, 0.0843226, 0.469599
0.574131, 0.084323, 0.469593
0.574132, 0.084318, 0.469589
0.574132, 0.084317, 0.469584
0.574133, 0.0843135, 0.469584
0.574131, 0.0843141, 0.46958
0.574129, 0.0843186, 0.469571
0.574129, 0.0843193, 0.469572
0.574127, 0.0843244, 0.469567
0.574125, 0.0843284, 0.469563
0.574124, 0.0843284, 0.46956
0.574123, 0.084324, 0.469561
0.574121, 0.0843171, 0.469559
0.57412, 0.0843125, 0.469554
0.574117, 0.08431, 0.469547
0.574116, 0.0843095, 0.469541
0.574115, 0.0843114, 0.469537
0.574113, 0.0843077, 0.469533
0.574112, 0.0843056, 0.469523
0.574111, 0.0843056, 0.469523
0.574111, 0.0842935, 0.469514
0.574113, 0.0842831, 0.469511
0.574115, 0.0842712, 0.469518
0.574116, 0.0842651, 0.469518
0.574115, 0.0842593, 0.469516
0.574113, 0.0842611, 0.469515
0.574111, 0.0842658, 0.469509
0.574106, 0.0842748, 0.469502
0.574103, 0.0842803, 0.469492
0.574099, 0.0842896, 0.469487
0.574097, 0.0842905, 0.469479
0.574094, 0.084286, 0.469468
0.57409, 0.084285, 0.469452
0.574087, 0.0842727, 0.469445
0.574086, 0.0842683, 0.469435
0.574083, 0.0842611, 0.469429
0.574081, 0.0842589, 0.469422
0.574079, 0.0842638, 0.469414
0.574075, 0.0842717, 0.469403
0.57407, 0.0842806, 0.4694
0.574063, 0.0842948, 0.469387
0.574059, 0.0842934, 0.469379
0.574054, 0.0842962, 0.469369
0.57405, 0.084296, 0.469362
0.574049, 0.0842892, 0.469353
0.574047, 0.0842882, 0.469346
0.574043, 0.0842962, 0.46933
0.574038, 0.0842959, 0.469319
0.574033, 0.0843036, 0.469311
0.574027, 0.084307, 0.469301
0.574022, 0.0843063, 0.469297
0.574019, 0.084301, 0.469302
0.574017, 0.0842972, 0.469304
0.574013, 0.0842934, 0.469308
0.574002, 0.0842907, 0.469303
0.573986, 0.0842943, 0.469296
0.573973, 0.0842913, 0.469279
0.573963, 0.0842959, 0.469267
0.573958, 0.0843029, 0.469259
0.573952, 0.0843061, 0.469255
0.573943, 0.0843169, 0.469244
0.573939, 0.0843176, 0.469238
0.573935, 0.0843184, 0.46924
0.573934, 0.08432, 0.469239
0.573935, 0.0843195, 0.469248
0.573935, 0.0843181, 0.469251
0.573933, 0.0843147, 0.469254
0.573933, 0.0843131, 0.469256
0.573933, 0.0843075, 0.469265
0.573936, 0.0842944, 0.469278
0.573939, 0.0842776, 0.469299
0.573941, 0.0842572, 0.469326
0.57394, 0.0842296, 0.469361
0.573936, 0.0841876, 0.469404
0.573935, 0.0841402, 0.46945
0.573927, 0.0840844, 0.469513
0.57392, 0.0840421, 0.469577
0.573908, 0.0840013, 0.469654
0.573897, 0.0839626, 0.469728
0.573885, 0.0839301, 0.469805
0.573869, 0.0839024, 0.469883
0.573856, 0.0838751, 0.46997
0.573838, 0.0838566, 0.470058
0.573821, 0.083822, 0.470154
0.573801, 0.0837984, 0.470244
0.573784, 0.0837711, 0.470331
0.573761, 0.0837423, 0.470437
0.573738, 0.0837093, 0.470539
0.573717, 0.0836624, 0.470662
0.573703, 0.0836297, 0.470743
0.573668, 0.0835676, 0.470914
0.573638, 0.0835183, 0.471037
0.573609, 0.0834775, 0.47117
0.573586, 0.0834413, 0.471282
0.573562, 0.0834167, 0.471398
0.573533, 0.0834013, 0.471528
0.573506, 0.0834044, 0.471642
0.573475, 0.0834102, 0.471762
0.573445, 0.0834217, 0.471889
0.573415, 0.0834351, 0.47202
0.573385, 0.0834375, 0.472135
0.573353, 0.0834405, 0.472258
0.573321, 0.0834329, 0.472401
0.573295, 0.0834172, 0.472531
0.573269, 0.0833926, 0.472659
0.573236, 0.0833658, 0.472796
0.573203, 0.0833518, 0.472916
0.573173, 0.0833254, 0.473045
0.573148, 0.0833102, 0.473162
0.573121, 0.0832943, 0.473275
0.573095, 0.0832905, 0.473383
0.57307, 0.0832783, 0.473486
0.573046, 0.0832756, 0.473566
0.573027, 0.083276, 0.473641
0.573012, 0.08327, 0.473706
0.572996, 0.0832718, 0.473756
0.572984, 0.0832755, 0.473784
0.572978, 0.0832764, 0.473794
0.572975, 0.0832733, 0.473787
0.572963, 0.0832754, 0.473766
0.572943, 0.0832688, 0.473733
0.572919, 0.0832679, 0.47369
0.572896, 0.0832569, 0.473655
0.572868, 0.083242, 0.473609
0.572837, 0.0832231, 0.473554
0.572797, 0.0831897, 0.473486
0.572756, 0.0831565, 0.473419
0.572724, 0.0831315, 0.473367
0.572674, 0.0830899, 0.473286
0.572637, 0.0830603, 0.473221
0.572596, 0.0830313, 0.473155
0.57256, 0.0830095, 0.473102
0.572525, 0.082987, 0.473045
0.57249, 0.0829969, 0.472999
0.572454, 0.0830032, 0.472956
0.572421, 0.083007, 0.472915
0.572376, 0.0829858, 0.472847
0.572339, 0.0829466, 0.472792
0.572297, 0.082883, 0.472723
0.572263, 0.0828051, 0.472663
0.572233, 0.0827306, 0.472607
0.572206, 0.0826423, 0.472566
0.572192, 0.0825447, 0.472527
0.572194, 0.0824266, 0.472507
0.572205, 0.0823096, 0.472507
0.572225, 0.0821891, 0.472505
0.572244, 0.0820696, 0.472504
0.572263, 0.081944, 0.472495
0.572279, 0.081815, 0.472491
0.572295, 0.0816879, 0.472485
0.572314, 0.0815544, 0.472489
0.572337, 0.0814165, 0.4725
0.572357, 0.0812842, 0.472512
0.572373, 0.0811597, 0.472514
0.572388, 0.0810418, 0.472513
0.572406, 0.0809138, 0.472508
0.572422, 0.0807983, 0.472514
0.57244, 0.0806627, 0.472515
0.572458, 0.0805428, 0.472516
0.572477, 0.0804207, 0.472521
0.572493, 0.080317, 0.472515
0.572508, 0.0802108, 0.472513
0.572522, 0.0801098, 0.472501
0.572534, 0.0800115, 0.472491
0.572547, 0.0799259, 0.472491
0.572555, 0.0798555, 0.472495
0.572566, 0.0797768, 0.472502
0.572576, 0.0797094, 0.472508
0.572587, 0.0796278, 0.472515
0.572597, 0.0795571, 0.472514
0.572606, 0.0794835, 0.472518
0.572615, 0.0794208, 0.47252
0.572626, 0.0793508, 0.472517
0.572633, 0.0792906, 0.472508
0.572643, 0.07923, 0.472513
0.572651, 0.0791783, 0.472504
0.572655, 0.0791377, 0.472504
0.57266, 0.0791098, 0.472502
0.572662, 0.0790876, 0.472501
0.572664, 0.0790727, 0.472501
0.572666, 0.0790693, 0.472503
0.572665, 0.0790684, 0.472506
0.572663, 0.0790685, 0.472508
0.572663, 0.0790704, 0.472507
0.572664, 0.07907, 0.472506
0.572665, 0.079069, 0.472505
0.572664, 0.0790725, 0.472504
0.572664, 0.0790709, 0.4725
0.572664, 0.079069, 0.472491
0.572665, 0.0790677, 0.472491
0.572667, 0.0790656, 0.472489
0.572667, 0.0790645, 0.472492
0.572666, 0.0790642, 0.472497
0.572665, 0.0790599, 0.472501
0.572667, 0.0790541, 0.472506
0.572665, 0.07905, 0.472506
0.572666, 0.0790473, 0.472506
0.572667, 0.0790438, 0.472507
0.572667, 0.0790388, 0.472504
0.572668, 0.0790363, 0.472503
0.572671, 0.0790218, 0.472508
0.572672, 0.0790116, 0.472503
0.572676, 0.0789962, 0.472502
0.572677, 0.0789821, 0.472499
0.572678, 0.0789763, 0.472496
0.572678, 0.0789621, 0.472496
0.57268, 0.0789544, 0.472504
0.572683, 0.0789491, 0.472504
0.572685, 0.0789411, 0.472514
0.572685, 0.078931, 0.472514
0.572686, 0.0789267, 0.472515
0.572688, 0.0789128, 0.472521
0.572689, 0.0789077, 0.472515
0.572691, 0.0789005, 0.47251
0.572691, 0.0788994, 0.472505
0.572694, 0.0788913, 0.472507
0.572695, 0.0788877, 0.472509
0.572695, 0.0788834, 0.472517
0.572697, 0.0788796, 0.472531
0.572698, 0.0788698, 0.472543
0.572698, 0.07887, 0.472555
0.572699, 0.0788651, 0.472564
0.5727, 0.0788656, 0.47257
0.572702, 0.0788663, 0.472571
0.572703, 0.0788705, 0.472567
0.572704, 0.0788744, 0.472567
0.572705, 0.0788753, 0.472563
0.572705, 0.0788733, 0.472559
0.572705, 0.078876, 0.472558
0.572706, 0.0788807, 0.472553
0.572705, 0.0788837, 0.47255
0.572705, 0.07888, 0.47254
0.572706, 0.0788812, 0.472535
0.572708, 0.0788711, 0.472529
0.572708, 0.0788676, 0.472525
0.572709, 0.0788642, 0.472531
0.572709, 0.0788639, 0.47253
0.57271, 0.0788558, 0.47253
0.572711, 0.0788544, 0.47253
0.572711, 0.0788532, 0.472527
0.57271, 0.0788559, 0.472514
0.57271, 0.0788562, 0.472511
0.57271, 0.0788498, 0.472503
0.572712, 0.0788495, 0.472499
0.572712, 0.0788492, 0.472495
0.572714, 0.0788459, 0.47249
0.572716, 0.0788438, 0.472481
0.572718, 0.0788417, 0.472475
0.57272, 0.078836, 0.472464
0.57273, 0.0788222, 0.472443
0.572741, 0.0788055, 0.472417
0.572752, 0.0787861, 0.472387
0.57276, 0.0787701, 0.472352
0.57277, 0.078754, 0.472313
0.572779, 0.0787435, 0.47228
0.572786, 0.0787333, 0.47226
0.572789, 0.0787282, 0.472242
0.57279, 0.0787284, 0.472234
0.572791, 0.0787262, 0.472234
0.572793, 0.078714, 0.472245
0.572797, 0.0787008, 0.472254
0.572799, 0.0786829, 0.472262
0.572802, 0.0786583, 0.472264
0.572804, 0.078629, 0.472264
0.57281, 0.0786038, 0.472266
0.572815, 0.0785852, 0.472276
0.572823, 0.0785663, 0.472276
0.572828, 0.0785486, 0.472278
0.572832, 0.078529, 0.472274
0.572834, 0.0785144, 0.472272
0.572836, 0.0785113, 0.472277
0.57284, 0.0785055, 0.472295
0.572842, 0.078501, 0.472311
0.572843, 0.0785026, 0.472335
0.572846, 0.0785028, 0.472369
0.572851, 0.0784843, 0.472412
0.57286, 0.078476, 0.472471
0.572864, 0.0784865, 0.472535
0.572864, 0.0785187, 0.472628
0.572869, 0.078567, 0.472705
0.572871, 0.0786037, 0.472786
0.572864, 0.0786548, 0.472863
0.572839, 0.0787186, 0.472949
0.572799, 0.0787831, 0.473021
0.572733, 0.0788633, 0.473099
0.572649, 0.0789535, 0.473169
0.572508, 0.0791012, 0.473254
0.572336, 0.0792351, 0.473336
0.572126, 0.0793784, 0.473438
0.571953, 0.0794504, 0.473496
0.571531, 0.0795947, 0.473617
0.571096, 0.0797058, 0.473687
0.570555, 0.0798029, 0.473735
0.569968, 0.0798624, 0.473755
0.569317, 0.0798823, 0.473781
0.568543, 0.079925, 0.47383
0.567808, 0.0799386, 0.473855
0.566949, 0.0799313, 0.473879
0.566078, 0.0798993, 0.473862
0.565126, 0.0798504, 0.473833
0.563717, 0.0798019, 0.473755
0.562615, 0.079724, 0.473646
0.561594, 0.0796481, 0.473498
0.560428, 0.0795502, 0.473301
0.559224, 0.0794837, 0.473111
0.558074, 0.0793873, 0.472952
0.557078, 0.0792713, 0.472837
0.555976, 0.0790727, 0.472704
0.554879, 0.0788422, 0.472543
0.553951, 0.0786146, 0.4724
0.553045, 0.0783169, 0.47226
0.552268, 0.0779808, 0.472142
0.551615, 0.077678, 0.472039
0.550996, 0.0774194, 0.471944
0.55042, 0.0772124, 0.471857
0.549866, 0.0770495, 0.471774
0.549462, 0.0769196, 0.471734
0.549165, 0.0768302, 0.471732
0.548846, 0.0766423, 0.471768
0.548697, 0.0764686, 0.471832
0.548614, 0.0763135, 0.471896
0.548552, 0.0761462, 0.471929
0.548504, 0.0760325, 0.471946
0.548461, 0.0759929, 0.471951
0.548419, 0.0759539, 0.471944
0.548382, 0.0759303, 0.471927
0.548352, 0.0758407, 0.471914
0.548327, 0.0757157, 0.471898
0.548301, 0.0754797, 0.471876
0.548248, 0.0752081, 0.471836
0.548147, 0.0750307, 0.471808
0.548024, 0.0749254, 0.471793
0.547883, 0.0747999, 0.471789
0.547714, 0.0745658, 0.471787
0.547547, 0.0742792, 0.471817
0.547324, 0.0740143, 0.471872
0.547075, 0.0739159, 0.471967
0.546771, 0.0738717, 0.472097
0.546437, 0.0737447, 0.472269
0.546096, 0.0735534, 0.472448
0.545666, 0.0734093, 0.472675
0.545166, 0.0733825, 0.472878
0.544587, 0.0733727, 0.473102
0.544012, 0.0732691, 0.47329
0.543342, 0.073256, 0.473482
0.542708, 0.0733219, 0.473617
0.541965, 0.0734256, 0.473772
0.541176, 0.073438, 0.473933
0.540427, 0.0735011, 0.47407
0.539626, 0.0736528, 0.474102
0.538951, 0.0738437, 0.474071
0.538267, 0.0739563, 0.474048
0.537446, 0.0741243, 0.474014
0.536593, 0.0743187, 0.473957
0.535845, 0.0744636, 0.473835
0.535107, 0.0745866, 0.473594
0.534484, 0.0746606, 0.47328
0.533834, 0.0747145, 0.472949
0.53308, 0.0748309, 0.472635
0.532359, 0.0749883, 0.472315
0.531757, 0.0750641, 0.471949
0.53118, 0.0750319, 0.471416
0.530655, 0.0749369, 0.470779
0.530123, 0.0748575, 0.470191
0.529602, 0.0748266, 0.469682
0.529149, 0.0748359, 0.469203
0.528657, 0.0747505, 0.468677
0.528226, 0.074637, 0.468169
0.527817, 0.0745521, 0.467677
0.527386, 0.0744503, 0.467175
0.526989, 0.0743935, 0.466748
0.526591, 0.074343, 0.46638
0.526202, 0.0742393, 0.466042
0.525771, 0.0741875, 0.465707
0.525323, 0.0741608, 0.465385
0.524859, 0.0741556, 0.465083
0.524411, 0.0742382, 0.464828
0.523996, 0.0742049, 0.464637
0.523589, 0.074246, 0.464535
0.523118, 0.074343, 0.464504
0.52267, 0.0744768, 0.464533
0.522149, 0.0747399, 0.46458
0.521675, 0.0748605, 0.464646
0.52117, 0.0751062, 0.464748
0.520712, 0.0753111, 0.464846
0.520067, 0.0758305, 0.46508
0.519627, 0.0761472, 0.465364
0.519167, 0.0764928, 0.465709
0.51873, 0.0769521, 0.466062
0.518353, 0.0773942, 0.466371
0.517974, 0.0779163, 0.466741
0.517611, 0.078352, 0.467116
0.51721, 0.0789479, 0.467504
0.516857, 0.0795046, 0.467878
0.516491, 0.0800228, 0.468305
0.516092, 0.0806767, 0.468781
0.515728, 0.0813045, 0.469205
0.515387, 0.0818116, 0.469563
0.515041, 0.0823488, 0.469915
0.514738, 0.0829016, 0.470255
0.51439, 0.0835499, 0.470694
0.514079, 0.0839765, 0.471108
0.513781, 0.0845791, 0.471494
0.513547, 0.0850097, 0.471811
0.513321, 0.085491, 0.472094
0.513154, 0.0858876, 0.472322
0.51299, 0.0861659, 0.472514
0.512862, 0.086407, 0.472644
0.512742, 0.0866017, 0.472694
0.512626, 0.0867251, 0.472677
0.512547, 0.0867446, 0.47252
0.512504, 0.0866217, 0.472295
0.512447, 0.0864382, 0.471873
0.512469, 0.0861632, 0.471357
0.512466, 0.0859603, 0.470822
0.512511, 0.0855843, 0.470115
0.512576, 0.0851879, 0.469377
0.512672, 0.0846981, 0.468522
0.512796, 0.0841497, 0.467621
0.512904, 0.0837679, 0.466686
0.513048, 0.0832222, 0.465649
0.513197, 0.0826313, 0.46466
0.513368, 0.082137, 0.463558
0.513558, 0.0815471, 0.462556
0.513734, 0.0810939, 0.461689
0.514024, 0.0805427, 0.460409
0.514283, 0.0799841, 0.459446
0.514599, 0.0794867, 0.458446
0.514969, 0.07903, 0.457448
0.515329, 0.0785753, 0.456618
0.515743, 0.0782152, 0.455811
0.516163, 0.077896, 0.455074
0.516557, 0.0774767, 0.454496
0.516971, 0.0771075, 0.454005
0.517412, 0.0768168, 0.45361
0.517877, 0.0764904, 0.453261
0.51834, 0.0760786, 0.453049
0.518843, 0.0757651, 0.452911
0.519355, 0.0755761, 0.452852
0.519916, 0.0753163, 0.452854
0.5204, 0.074992, 0.452863
0.520842, 0.0746978, 0.452894
0.521147, 0.0745583, 0.452894
0.521385, 0.0745262, 0.452962
0.521521, 0.0745275, 0.452985
0.521559, 0.0745818, 0.453005
0.521506, 0.07469, 0.452993
0.521416, 0.0748765, 0.453011
0.521295, 0.075141, 0.453058
0.521174, 0.0754535, 0.45308
0.521, 0.0759362, 0.453141
0.520822, 0.0764403, 0.453257
0.520623, 0.0769883, 0.453495
0.520389, 0.0776554, 0.453778
0.520171, 0.0782214, 0.454074
0.519956, 0.0787829, 0.45436
0.519718, 0.0793851, 0.454702
0.519495, 0.07991, 0.455044
0.519271, 0.080466, 0.45538
0.519036, 0.0810678, 0.455746
0.518799, 0.0816589, 0.456168
0.518589, 0.0821565, 0.456566
0.518353, 0.0826782, 0.456997
0.518112, 0.0832222, 0.457378
0.517883, 0.083716, 0.4577
0.517689, 0.0841011, 0.457969
0.517513, 0.0844099, 0.458169
0.517326, 0.0847221, 0.458314
0.517156, 0.0849635, 0.458418
0.517025, 0.0851803, 0.458437
0.516901, 0.0854699, 0.458362
0.51681, 0.0857271, 0.458219
0.516722, 0.0859349, 0.45807
0.516642, 0.0861466, 0.457875
0.516587, 0.0863196, 0.457594
0.516535, 0.0864719, 0.457214
0.516503, 0.0865883, 0.456745
0.516511, 0.0866558, 0.456231
0.516541, 0.0867132, 0.45563
0.516569, 0.0868232, 0.45495
0.516604, 0.0869396, 0.454316
0.516637, 0.0869882, 0.453813
0.516708, 0.0870399, 0.452872
0.516774, 0.0870481, 0.452133
0.516868, 0.0870485, 0.451337
0.516973, 0.0870919, 0.450473
0.517077, 0.0871359, 0.449673
0.517188, 0.0871694, 0.448907
0.517305, 0.0871883, 0.44819
0.517429, 0.0872545, 0.44743
0.517588, 0.0872691, 0.446661
0.517755, 0.0872534, 0.445941
0.51793, 0.0872689, 0.445233
0.518088, 0.0873268, 0.444569
0.518223, 0.087376, 0.444018
0.518342, 0.0874761, 0.44349
0.518471, 0.0875279, 0.44297
0.518605, 0.0876367, 0.442396
0.518684, 0.0877363, 0.442014
0.51884, 0.0879317, 0.441239
0.518923, 0.0881275, 0.440705
0.518965, 0.0884057, 0.440262
0.519013, 0.0886779, 0.439867
0.519055, 0.0889525, 0.439499
0.519074, 0.0892696, 0.439133
0.519071, 0.0896634, 0.438831
0.519071, 0.0900794, 0.43856
0.519048, 0.0904804, 0.438325
0.518977, 0.0911437, 0.438029
0.518942, 0.0916926, 0.437826
0.51891, 0.0921866, 0.437664
0.518842, 0.0927008, 0.437547
0.518754, 0.0932326, 0.437449
0.518682, 0.0937392, 0.437377
0.51862, 0.0942289, 0.437324
0.518527, 0.0947505, 0.437307
0.518395, 0.0953129, 0.437355
0.518258, 0.0958478, 0.437432
0.518121, 0.096412, 0.437541
0.518005, 0.0968934, 0.43762
0.517866, 0.0974553, 0.437675
0.517743, 0.0979596, 0.437778
0.517613, 0.0984617, 0.437934
0.517456, 0.0989677, 0.438061
0.517293, 0.0994854, 0.438139
0.517179, 0.0998756, 0.438191
0.517072, 0.100249, 0.438215
0.516968, 0.100583, 0.438195
0.516831, 0.100974, 0.438177
0.516708, 0.101298, 0.438133
0.516583, 0.101637, 0.438022
0.51649, 0.101914, 0.437866
0.516416, 0.102156, 0.437632
0.516327, 0.102413, 0.437394
0.516246, 0.102615, 0.437139
0.516193, 0.102779, 0.43685
0.516141, 0.102982, 0.436493
0.516123, 0.103102, 0.436087
0.516133, 0.103161, 0.435685
0.516117, 0.10326, 0.435201
0.516115, 0.103323, 0.434705
0.516163, 0.103317, 0.434219
0.516218, 0.103339, 0.433649
0.516275, 0.103399, 0.433058
0.516359, 0.103405, 0.432527
0.516464, 0.103391, 0.43194
0.516558, 0.103384, 0.431397
0.516636, 0.103384, 0.430983
0.51679, 0.103361, 0.430265
0.516924, 0.10331, 0.429686
0.517063, 0.103291, 0.42906
0.517192, 0.10329, 0.428498
0.517321, 0.1033, 0.427976
0.517444, 0.103345, 0.427403
0.51756, 0.103416, 0.426797
0.517665, 0.103479, 0.426257
0.517774, 0.103561, 0.425688
0.517888, 0.103642, 0.425118
0.517989, 0.103739, 0.424603
0.518068, 0.103849, 0.424186
0.51815, 0.103976, 0.423813
0.518235, 0.104117, 0.423415
0.518296, 0.104274, 0.423107
0.518352, 0.104434, 0.422851
0.518438, 0.104659, 0.422522
0.518507, 0.10489, 0.422243
0.518563, 0.105128, 0.42201
0.518604, 0.105391, 0.421842
0.518636, 0.105677, 0.421701
0.518656, 0.105959, 0.421611
0.518649, 0.106305, 0.421563
0.518622, 0.106645, 0.421571
0.518566, 0.107049, 0.42162
0.518489, 0.1075, 0.421681
0.518395, 0.107962, 0.421784
0.518281, 0.108453, 0.421923
0.518181, 0.108871, 0.422066
0.518033, 0.109448, 0.422281
0.517901, 0.109988, 0.422493
0.517781, 0.110529, 0.422705
0.517673, 0.111081, 0.42291
0.517595, 0.11157, 0.42309
0.51753, 0.11209, 0.423283
0.517491, 0.11261, 0.423478
0.517485, 0.113115, 0.423689
0.51749, 0.113614, 0.423915
0.517512, 0.114118, 0.424145
0.517553, 0.114562, 0.424378
0.517605, 0.115055, 0.424652
0.517653, 0.115494, 0.424895
0.517694, 0.115978, 0.425153
0.517725, 0.116456, 0.425427
0.517738, 0.116885, 0.425686
0.517731, 0.117353, 0.426004
0.517698, 0.11779, 0.426317
0.517642, 0.118263, 0.426682
0.517572, 0.118748, 0.427057
0.517509, 0.119163, 0.427404
0.517441, 0.119603, 0.427756
0.517394, 0.120035, 0.428127
0.517358, 0.120507, 0.42856
0.517329, 0.120946, 0.428973
0.51729, 0.121435, 0.429434
0.517257, 0.121942, 0.429919
0.517231, 0.122416, 0.430377
0.517232, 0.12293, 0.430912
0.517247, 0.12345, 0.431488
0.517281, 0.12398, 0.432109
0.517349, 0.124519, 0.43276
0.517456, 0.125044, 0.43344
0.517569, 0.125547, 0.434103
0.51773, 0.126097, 0.43489
0.517903, 0.12666, 0.435742
0.518116, 0.1272, 0.436657
0.518362, 0.127738, 0.437604
0.518646, 0.128263, 0.438613
0.518967, 0.128773, 0.439664
0.519316, 0.129291, 0.440763
0.519695, 0.129817, 0.441891
0.520121, 0.130344, 0.443037
0.52055, 0.130828, 0.444126
0.521039, 0.131353, 0.445367
0.521493, 0.131837, 0.446539
0.522029, 0.132351, 0.447852
0.522468, 0.132834, 0.449083
0.522846, 0.133344, 0.45031
0.523218, 0.133916, 0.451621
0.523546, 0.134442, 0.452754
0.523855, 0.13496, 0.45387
0.524152, 0.135554, 0.455084
0.524433, 0.136168, 0.456315
0.52471, 0.136735, 0.457396
0.525004, 0.1374, 0.458542
0.525249, 0.138036, 0.459562
0.525493, 0.13868, 0.460582
0.525765, 0.139401, 0.461729
0.526046, 0.140032, 0.462779
0.526377, 0.140738, 0.463928
0.526666, 0.141427, 0.464957
0.526974, 0.142208, 0.466086
0.527284, 0.142969, 0.467223
0.52759, 0.143736, 0.468363
0.527866, 0.144523, 0.469519
0.528134, 0.145319, 0.470706
0.528381, 0.146051, 0.471808
0.528635, 0.146854, 0.473033
0.52885, 0.147579, 0.474129
0.529048, 0.148278, 0.475234
0.529253, 0.148939, 0.476332
0.529387, 0.149415, 0.477082
0.529684, 0.150311, 0.478587
0.529901, 0.150916, 0.479699
0.530112, 0.151609, 0.48089
0.53032, 0.152261, 0.482059
0.530514, 0.152885, 0.483192
0.530684, 0.153494, 0.484285
0.530853, 0.154083, 0.485329
0.531023, 0.154625, 0.486359
0.53119, 0.155147, 0.487375
0.531353, 0.155599, 0.48828
0.531521, 0.156003, 0.489168
0.531702, 0.156435, 0.490115
0.531861, 0.1568, 0.490961
0.532017, 0.157174, 0.491889
0.532156, 0.15752, 0.4928
0.532275, 0.157814, 0.49359
0.532401, 0.158079, 0.494359
0.532525, 0.158362, 0.495193
0.53265, 0.158625, 0.496
0.532776, 0.158838, 0.4967
0.532911, 0.159057, 0.497415
0.53306, 0.159222, 0.498103
0.5332, 0.159349, 0.498683
0.533355, 0.159438, 0.499229
0.533544, 0.159515, 0.499801
0.533737, 0.159551, 0.500275
0.533955, 0.159581, 0.500736
0.534166, 0.159571, 0.501114
0.534392, 0.159543, 0.501458
0.534599, 0.159501, 0.501726
0.534791, 0.159464, 0.501968
0.53499, 0.159398, 0.502214
0.535155, 0.159329, 0.502428
0.535322, 0.159251, 0.502646
0.53547, 0.159172, 0.502828
0.535624, 0.159079, 0.503014
0.535791, 0.158972, 0.503186
0.535958, 0.158859, 0.503343
0.536128, 0.158748, 0.503477
0.536296, 0.15864, 0.503587
0.536484, 0.158525, 0.503694
0.536673, 0.158413, 0.503793
0.536851, 0.158318, 0.503883
0.537002, 0.158232, 0.503967
0.537176, 0.15814, 0.504049
0.537328, 0.158068, 0.50412
0.537493, 0.157987, 0.504197
0.537638, 0.157925, 0.504252
0.537797, 0.157857, 0.504304
0.53793, 0.157804, 0.504347
0.538074, 0.157757, 0.504389
0.53821, 0.157717, 0.504421
0.538367, 0.157683, 0.50445
0.538538, 0.157657, 0.504489
0.538707, 0.157641, 0.504524
0.53892, 0.157629, 0.504565
0.53915, 0.15763, 0.504611
0.539353, 0.157635, 0.504657
0.539567, 0.157658, 0.504715
0.539772, 0.157688, 0.504776
0.539936, 0.157725, 0.504827
0.540077, 0.157775, 0.504875
0.540209, 0.157848, 0.504935
0.540302, 0.157921, 0.504987
0.540359, 0.15802, 0.505046
0.540382, 0.158116, 0.505099
0.540375, 0.15823, 0.505152
0.54035, 0.158352, 0.5052
0.540317, 0.158468, 0.505242
0.540276, 0.158598, 0.505283
0.540231, 0.158719, 0.50532
0.540187, 0.158833, 0.505355
0.540138, 0.158964, 0.505389
0.540092, 0.159094, 0.505426
0.540051, 0.159206, 0.505449
0.540013, 0.15933, 0.505474
0.539973, 0.15945, 0.505501
0.53995, 0.159551, 0.505515
0.539931, 0.159661, 0.505527
0.539917, 0.159753, 0.505533
0.539899, 0.159845, 0.505539
0.539884, 0.159937, 0.505542
0.539873, 0.160026, 0.505544
0.539863, 0.160105, 0.505543
0.539854, 0.16019, 0.505544
0.539843, 0.160268, 0.505544
0.539838, 0.16035, 0.505548
0.539837, 0.160427, 0.505548
0.539836, 0.1605, 0.505545
0.539843, 0.160566, 0.505546
0.539851, 0.160619, 0.505547
0.539855, 0.160672, 0.505548
0.53986, 0.160722, 0.505545
0.539861, 0.160762, 0.50555
0.539865, 0.160796, 0.50555
0.53987, 0.16084, 0.505555
0.539875, 0.160865, 0.505554
0.539888, 0.160888, 0.505555
0.539901, 0.160911, 0.505557
0.539914, 0.160926, 0.505559
0.53993, 0.160944, 0.505557
0.539942, 0.160962, 0.505558
0.53996, 0.160968, 0.505563
0.539978, 0.160981, 0.505565
0.539999, 0.160987, 0.505565
0.540016, 0.160998, 0.505566
0.54004, 0.161005, 0.505567
0.540063, 0.161006, 0.505568
0.540087, 0.161009, 0.50557
0.540113, 0.16101, 0.505571
0.540142, 0.161009, 0.505574
0.54018, 0.161007, 0.505576
0.54023, 0.161003, 0.505578
0.540283, 0.160997, 0.505581
0.540345, 0.160984, 0.505584
0.540405, 0.160979, 0.505588
0.540477, 0.160969, 0.505591
0.540556, 0.160959, 0.5056
0.54064, 0.160944, 0.505603
0.540725, 0.16093, 0.505609
0.540813, 0.160917, 0.505613
0.540917, 0.160903, 0.505621
0.54104, 0.160885, 0.505626
0.541204, 0.160859, 0.505637
0.541377, 0.160836, 0.505649
0.541594, 0.160808, 0.505665
0.541802, 0.160775, 0.505677
0.542135, 0.160732, 0.505697
0.542368, 0.160702, 0.505712
0.54259, 0.16067, 0.505729
0.542785, 0.160646, 0.505739
0.542966, 0.160625, 0.505748
0.543105, 0.160614, 0.505756
0.543214, 0.160611, 0.50576
0.543294, 0.160616, 0.505767
0.543332, 0.160634, 0.50577
0.543338, 0.160657, 0.505769
0.543325, 0.160693, 0.505769
0.543308, 0.160734, 0.50577
0.543293, 0.160768, 0.505773
0.543282, 0.160809, 0.505774
0.543272, 0.160843, 0.505774
0.543262, 0.160882, 0.505772
0.543249, 0.16092, 0.505773
0.54324, 0.160958, 0.505767
0.543227, 0.160999, 0.505765
0.543217, 0.161036, 0.505767
0.543205, 0.161076, 0.505762
0.543194, 0.161117, 0.505767
0.543181, 0.161157, 0.505768
0.543173, 0.161189, 0.505773
0.543161, 0.161228, 0.505767
0.54315, 0.161262, 0.505772
0.543138, 0.161301, 0.505769
0.543129, 0.161336, 0.505768
0.543119, 0.161373, 0.505765
0.54311, 0.16141, 0.505767
0.5431, 0.161444, 0.505766
0.543088, 0.161484, 0.505762
0.543083, 0.161511, 0.50576
0.543074, 0.161537, 0.505758
0.54307, 0.16155, 0.505761
0.543071, 0.161551, 0.50576
0.543076, 0.161546, 0.505759
0.543087, 0.161523, 0.505759
0.543106, 0.161489, 0.505767
0.543135, 0.161431, 0.505771
0.543181, 0.161345, 0.505778
0.543233, 0.161246, 0.505793
0.543298, 0.161119, 0.505815
0.543374, 0.16097, 0.505845
0.543461, 0.160798, 0.505885
0.543549, 0.160627, 0.50592
0.543655, 0.160428, 0.50597
0.543771, 0.160223, 0.506024
0.543901, 0.160006, 0.506093
0.544038, 0.159791, 0.506161
0.54417, 0.159597, 0.506229
0.544321, 0.159386, 0.506312
0.544458, 0.159203, 0.506389
0.544596, 0.159026, 0.506472
0.5447, 0.158895, 0.506543
0.544871, 0.158698, 0.506647
0.545012, 0.158548, 0.506742
0.545137, 0.158419, 0.506834
0.545265, 0.158286, 0.506925
0.545379, 0.158173, 0.507007
0.545477, 0.158071, 0.507076
0.545558, 0.157983, 0.507128
0.545622, 0.157914, 0.507174
0.545669, 0.157866, 0.50721
0.545704, 0.157826, 0.507232
0.545725, 0.157806, 0.507244
0.545729, 0.1578, 0.507247
0.545728, 0.157802, 0.50724
0.545719, 0.157815, 0.507232
0.545712, 0.157829, 0.507222
0.545701, 0.157847, 0.507212
0.545689, 0.157865, 0.507204
0.545681, 0.157877, 0.507194
0.545671, 0.157894, 0.507189
0.545665, 0.157909, 0.507187
0.545661, 0.157921, 0.507179
0.545653, 0.157936, 0.507177
0.54565, 0.157954, 0.507174
0.545644, 0.157972, 0.507171
0.54564, 0.157988, 0.507167
0.545635, 0.158007, 0.507169
0.545631, 0.158025, 0.507161
0.545623, 0.15805, 0.507157
0.545619, 0.158067, 0.507156
0.545614, 0.158086, 0.507152
0.545609, 0.158107, 0.507142
0.545607, 0.158123, 0.507139
0.5456, 0.158147, 0.507132
0.5456, 0.158162, 0.507128
0.545596, 0.15818, 0.507123
0.545592, 0.158199, 0.507118
0.54559, 0.158211, 0.507111
0.545585, 0.158227, 0.507108
0.545583, 0.158242, 0.507102
0.545582, 0.158253, 0.507099
0.545579, 0.158265, 0.507098
0.54558, 0.158274, 0.50709
0.545579, 0.158283, 0.507084
0.545584, 0.158281, 0.507076
0.545587, 0.158287, 0.507065
0.545592, 0.158285, 0.507053
0.5456, 0.158279, 0.507041
0.545608, 0.158273, 0.507026
0.545611, 0.158273, 0.50701
0.545618, 0.158266, 0.506994
0.545622, 0.158265, 0.506982
0.545625, 0.158264, 0.506971
0.545629, 0.158265, 0.506964
0.545632, 0.158271, 0.506952
0.545634, 0.158272, 0.50695
0.54563, 0.158279, 0.506953
0.545625, 0.158283, 0.50696
0.545624, 0.158284, 0.506972
0.545619, 0.158288, 0.506985
0.545613, 0.158288, 0.50701
0.545606, 0.158292, 0.507039
0.545604, 0.158285, 0.50708
0.545603, 0.158276, 0.507119
0.545603, 0.158259, 0.507171
0.545597, 0.158245, 0.507226
0.545596, 0.158217, 0.50729
0.545593, 0.158193, 0.50735
0.545593, 0.158164, 0.507427
0.545588, 0.158143, 0.507497
0.545586, 0.158108, 0.507583
0.545589, 0.158067, 0.507668
0.545596, 0.158007, 0.507774
0.545599, 0.157954, 0.507893
0.545602, 0.157892, 0.508042
0.545611, 0.15781, 0.508216
0.545615, 0.157724, 0.508428
0.545623, 0.15763, 0.508649
0.545631, 0.157538, 0.50889
0.545639, 0.157442, 0.509136
0.545659, 0.157329, 0.509372
0.54568, 0.1572, 0.50965
0.545693, 0.157087, 0.509925
0.545711, 0.156963, 0.510237
0.545724, 0.156838, 0.510566
0.545736, 0.156713, 0.510882
0.545749, 0.156599, 0.511166
0.545772, 0.156477, 0.511442
0.5458, 0.15633, 0.511738
0.545819, 0.1562, 0.51201
0.545837, 0.156049, 0.512343
0.545846, 0.155924, 0.512657
0.54586, 0.155789, 0.51301
0.545873, 0.155671, 0.51336
0.545886, 0.15557, 0.513666
0.545909, 0.155449, 0.514001
0.545924, 0.155356, 0.514301
0.545928, 0.155274, 0.514636
0.545932, 0.155195, 0.515009
0.545926, 0.155129, 0.515361
0.545909, 0.155072, 0.515713
0.545873, 0.155026, 0.5161
0.545838, 0.154969, 0.516475
0.545828, 0.154914, 0.51678
0.545827, 0.154857, 0.517109
0.545829, 0.154807, 0.51743
0.545831, 0.154756, 0.517722
0.54583, 0.154694, 0.518032
0.54582, 0.154641, 0.51834
0.545816, 0.154586, 0.518644
0.545812, 0.154539, 0.51892
0.545822, 0.154489, 0.519149
0.545829, 0.154454, 0.519377
0.545829, 0.154432, 0.519613
0.545823, 0.154423, 0.519879
0.545817, 0.154421, 0.52015
0.545798, 0.154436, 0.520405
0.545779, 0.154446, 0.520667
0.545748, 0.154482, 0.520928
0.545729, 0.154507, 0.521195
0.545722, 0.154528, 0.521428
0.545701, 0.154567, 0.521625
0.54569, 0.154595, 0.521842
0.545681, 0.154609, 0.522058
0.545653, 0.154638, 0.522267
0.545631, 0.154649, 0.522449
0.545605, 0.154663, 0.522649
0.545587, 0.154663, 0.522817
0.545583, 0.154643, 0.522998
0.54557, 0.154621, 0.523183
0.545549, 0.154593, 0.523376
0.545537, 0.154544, 0.523574
0.545508, 0.154518, 0.523801
0.54548, 0.154462, 0.524044
0.545468, 0.154383, 0.524278
0.545477, 0.154293, 0.524494
0.545505, 0.154189, 0.524685
0.545539, 0.15407, 0.524899
0.545569, 0.153937, 0.525123
0.545611, 0.153772, 0.525368
0.545667, 0.153589, 0.525634
0.545734, 0.153392, 0.52589
0.545798, 0.153184, 0.526187
0.545843, 0.153041, 0.526408
0.545926, 0.152789, 0.526754
0.545991, 0.152582, 0.527011
0.546077, 0.152335, 0.527286
0.54617, 0.15207, 0.527537
0.546249, 0.151835, 0.527766
0.546335, 0.151594, 0.527982
0.546428, 0.151324, 0.528205
0.546519, 0.151067, 0.528398
0.546602, 0.150825, 0.528599
0.546678, 0.150601, 0.528805
0.546748, 0.150385, 0.528988
0.546812, 0.150183, 0.529138
0.54688, 0.149984, 0.529267
0.546965, 0.14977, 0.529386
0.547034, 0.149596, 0.529488
0.547107, 0.149432, 0.529579
0.547189, 0.14928, 0.529654
0.54725, 0.149157, 0.529731
0.547292, 0.149052, 0.529828
0.547327, 0.148968, 0.529946
0.54736, 0.148912, 0.530069
0.547392, 0.148884, 0.530184
0.547419, 0.148873, 0.530292
0.547428, 0.148892, 0.530419
0.547421, 0.148927, 0.530568
0.547416, 0.148971, 0.530729
0.547406, 0.149018, 0.530878
0.547393, 0.149074, 0.531051
0.547375, 0.149135, 0.531229
0.547359, 0.149192, 0.531387
0.547334, 0.149258, 0.531558
0.547307, 0.149316, 0.531713
0.54727, 0.149383, 0.531868
0.54724, 0.149446, 0.532013
0.547212, 0.149513, 0.532153
0.54718, 0.149577, 0.532308
0.547155, 0.149635, 0.532467
0.547134, 0.149689, 0.532625
0.547122, 0.14974, 0.532802
0.547118, 0.149792, 0.532999
0.547116, 0.149835, 0.533187
0.547116, 0.149892, 0.533394
0.547117, 0.149948, 0.533602
0.547118, 0.149998, 0.533798
0.547114, 0.150059, 0.534004
0.54711, 0.15013, 0.534223
0.54711, 0.150203, 0.534452
0.547109, 0.150275, 0.534699
0.547111, 0.15035, 0.534959
0.547111, 0.150417, 0.535203
0.547114, 0.150495, 0.535456
0.547109, 0.150573, 0.535674
0.547109, 0.150641, 0.535876
0.547106, 0.15071, 0.536094
0.547106, 0.150764, 0.536281
0.547106, 0.150815, 0.536474
0.547107, 0.150851, 0.536625
0.547108, 0.150882, 0.536768
0.547113, 0.150902, 0.536881
0.547114, 0.150915, 0.536971
0.547121, 0.150913, 0.537047
0.547127, 0.1509, 0.537101
0.547135, 0.150882, 0.537137
0.547143, 0.150871, 0.537152
0.547151, 0.150855, 0.537154
0.547167, 0.150828, 0.537158
0.547182, 0.1508, 0.537166
0.547193, 0.150782, 0.537163
0.547215, 0.150759, 0.537161
0.547245, 0.150733, 0.537162
0.547279, 0.150712, 0.53716
0.547308, 0.15069, 0.537162
0.547332, 0.150663, 0.537166
0.547357, 0.150639, 0.537174
0.547385, 0.150612, 0.537183
0.547418, 0.150584, 0.53719
0.547451, 0.150553, 0.5372
0.547481, 0.150535, 0.537208
0.547504, 0.150519, 0.537219
0.547522, 0.150509, 0.537222
0.547528, 0.150509, 0.537219
0.547519, 0.150523, 0.537218
0.547515, 0.150534, 0.537221
0.547508, 0.150554, 0.537219
0.547502, 0.150581, 0.537221
0.547494, 0.150606, 0.537225
0.547485, 0.150636, 0.537223
0.547476, 0.15067, 0.537224
0.547464, 0.150714, 0.537225
0.547449, 0.150764, 0.537222
0.547439, 0.150808, 0.53722
0.547423, 0.150866, 0.537222
0.547408, 0.150919, 0.537222
0.547391, 0.150973, 0.537225
0.547374, 0.151026, 0.537229
0.547364, 0.151066, 0.537231
0.547354, 0.1511, 0.537229
0.547344, 0.151135, 0.53723
0.547339, 0.151151, 0.537227
0.547336, 0.151164, 0.537224
0.547334, 0.151175, 0.537223
0.547333, 0.15118, 0.537225
0.547336, 0.151186, 0.537227
0.547338, 0.151194, 0.537227
0.547334, 0.151217, 0.537232
0.547332, 0.151244, 0.537234
0.547333, 0.151273, 0.537238
0.547326, 0.151312, 0.537243
0.547315, 0.151361, 0.537249
0.547309, 0.151396, 0.537255
0.547299, 0.151432, 0.537265
0.547286, 0.151464, 0.537278
0.547267, 0.151488, 0.537302
0.547251, 0.15149, 0.537343
0.547233, 0.151494, 0.537388
0.547218, 0.151483, 0.53744
0.5472, 0.151463, 0.537516
0.54718, 0.151425, 0.537607
0.547146, 0.151385, 0.53773
0.547105, 0.151324, 0.537892
0.547053, 0.151253, 0.53809
0.546987, 0.151172, 0.538317
0.546914, 0.151097, 0.53857
0.54683, 0.15101, 0.538864
0.546715, 0.150908, 0.539252
0.546592, 0.150802, 0.53969
0.546457, 0.150685, 0.540188
0.546322, 0.150559, 0.540706
0.54615, 0.150405, 0.541346
0.545972, 0.150255, 0.542011
0.545791, 0.150075, 0.542734
0.545546, 0.14987, 0.543639
0.545305, 0.149652, 0.544534
0.545063, 0.149428, 0.545448
0.544782, 0.149171, 0.546531
0.544513, 0.14892, 0.547577
0.544204, 0.148647, 0.548765
0.54389, 0.148392, 0.549934
0.543502, 0.148099, 0.551331
0.5431, 0.14784, 0.552677
0.542647, 0.147556, 0.554167
0.54222, 0.147268, 0.555587
0.54177, 0.146975, 0.557052
0.541317, 0.146677, 0.55852
0.540823, 0.146321, 0.560158
0.540341, 0.145965, 0.561738
0.539882, 0.145639, 0.563218
0.539395, 0.145254, 0.564851
0.538962, 0.144915, 0.566327
0.538522, 0.144581, 0.567823
0.538081, 0.14425, 0.569318
0.537624, 0.143919, 0.570857
0.537086, 0.143575, 0.572579
0.536651, 0.143289, 0.573988
0.536054, 0.142851, 0.576067
0.535631, 0.142524, 0.577589
0.535199, 0.142193, 0.579121
0.534789, 0.141895, 0.580517
0.534349, 0.141569, 0.582039
0.533969, 0.141282, 0.583401
0.533586, 0.140997, 0.584738
0.533225, 0.140725, 0.586024
0.532858, 0.140432, 0.587391
0.532481, 0.140134, 0.588779
0.532171, 0.139871, 0.589985
0.531855, 0.139603, 0.591262
0.531572, 0.139354, 0.592458
0.531312, 0.139113, 0.593603
0.53107, 0.138906, 0.594623
0.530866, 0.138708, 0.595575
0.53069, 0.138496, 0.596549
0.530528, 0.138313, 0.597413
0.530361, 0.138104, 0.598342
0.530211, 0.137914, 0.599194
0.530074, 0.137696, 0.600099
0.529956, 0.137465, 0.600988
0.529842, 0.137244, 0.601812
0.529708, 0.136987, 0.602732
0.529589, 0.13674, 0.603568
0.529475, 0.136457, 0.604498
0.529401, 0.136226, 0.605241
0.529299, 0.135892, 0.606265
0.529192, 0.135582, 0.607214
0.529106, 0.135269, 0.608163
0.529035, 0.134949, 0.609118
0.528965, 0.134634, 0.610054
0.528893, 0.134295, 0.611006
0.528809, 0.133975, 0.611894
0.528719, 0.133626, 0.612865
0.528636, 0.133287, 0.613757
0.528546, 0.132895, 0.614734
0.528443, 0.132506, 0.615726
0.528345, 0.132134, 0.616643
0.528255, 0.131756, 0.617541
0.528162, 0.131388, 0.618413
0.528066, 0.130984, 0.619342
0.527956, 0.130609, 0.620212
0.52782, 0.130233, 0.621082
0.527675, 0.129828, 0.62199
0.527571, 0.12945, 0.622772
0.527486, 0.129069, 0.623522
0.52741, 0.128727, 0.624177
0.527306, 0.12824, 0.62505
0.527208, 0.127787, 0.625829
0.527127, 0.127302, 0.626576
0.527043, 0.126853, 0.627258
0.526956, 0.126404, 0.627915
0.526871, 0.125901, 0.628608
0.526813, 0.125457, 0.629197
0.52673, 0.124974, 0.629863
0.52662, 0.124471, 0.630554
0.526491, 0.123976, 0.63123
0.526364, 0.123542, 0.631829
0.526227, 0.123005, 0.632515
0.526119, 0.122543, 0.633066
0.525991, 0.122028, 0.633661
0.52589, 0.121558, 0.63418
0.525797, 0.121037, 0.634726
0.525675, 0.120528, 0.635265
0.525572, 0.120051, 0.635734
0.525472, 0.119588, 0.636192
0.525408, 0.119108, 0.636626
0.525381, 0.118673, 0.636974
0.525356, 0.118225, 0.637323
0.525344, 0.117832, 0.637614
0.525353, 0.117413, 0.63791
0.525378, 0.117039, 0.638134
0.525397, 0.116689, 0.638335
0.525424, 0.11635, 0.638503
0.525451, 0.116023, 0.638645
0.525485, 0.115679, 0.63876
0.525528, 0.11538, 0.638827
0.525588, 0.115049, 0.638867
0.525665, 0.114737, 0.638867
0.52576, 0.114426, 0.638829
0.525866, 0.114131, 0.638762
0.525965, 0.113862, 0.638698
0.526076, 0.113556, 0.638623
0.526185, 0.113272, 0.638547
0.526297, 0.11299, 0.638466
0.526443, 0.112604, 0.638366
0.52657, 0.112309, 0.638278
0.526724, 0.111993, 0.638168
0.526864, 0.111697, 0.638065
0.527021, 0.111363, 0.637945
0.527168, 0.110998, 0.637832
0.52731, 0.110603, 0.637727
0.527466, 0.110168, 0.637622
0.527607, 0.109745, 0.637536
0.527779, 0.109246, 0.637429
0.527952, 0.108771, 0.637326
0.528153, 0.108224, 0.6372
0.528371, 0.107662, 0.637059
0.528596, 0.107083, 0.636909
0.5288, 0.106541, 0.636774
0.529005, 0.105977, 0.636642
0.529223, 0.105333, 0.636514
0.529419, 0.104728, 0.636407
0.529641, 0.104036, 0.636286
0.529861, 0.103328, 0.636166
0.530077, 0.102615, 0.636036
0.530296, 0.101897, 0.635894
0.530529, 0.101171, 0.635738
0.530742, 0.100519, 0.635597
0.531007, 0.0997853, 0.635416
0.531253, 0.0991081, 0.635254
0.531485, 0.0984443, 0.635097
0.531747, 0.0977415, 0.634917
0.532028, 0.0970952, 0.634711
0.532263, 0.0966401, 0.634528
0.532671, 0.0959896, 0.634193
0.532975, 0.095524, 0.633943
0.53329, 0.0950608, 0.633679
0.533608, 0.0946471, 0.633406
0.5339, 0.0942961, 0.633147
0.534192, 0.0939735, 0.632891
0.534488, 0.0936958, 0.63263
0.534808, 0.093437, 0.632348
0.535137, 0.0932158, 0.632058
0.535512, 0.0930067, 0.631747
0.535883, 0.0928434, 0.631473
0.536294, 0.0927145, 0.631206
0.536797, 0.0926023, 0.63091
0.537275, 0.0925075, 0.630666
0.537801, 0.0924152, 0.63042
0.53826, 0.0923264, 0.630214
0.538725, 0.0922253, 0.630008
0.539129, 0.0921261, 0.629837
0.539545, 0.0920156, 0.629667
0.539954, 0.0919194, 0.629492
0.540358, 0.0918313, 0.62932
0.540792, 0.0917697, 0.629138
0.541215, 0.0917326, 0.628962
0.541629, 0.0917118, 0.628788
0.542026, 0.0916979, 0.62862
0.542415, 0.0916751, 0.62846
0.542754, 0.0916348, 0.628329
0.543009, 0.091601, 0.628236
0.543235, 0.0915606, 0.628156
0.54341, 0.0915249, 0.628095
0.543559, 0.0914905, 0.628043
0.543675, 0.0914678, 0.62801
0.543752, 0.0914516, 0.627995
0.543795, 0.0914506, 0.627999
0.543813, 0.0914495, 0.628024
0.54381, 0.0914589, 0.628058
0.543795, 0.0914735, 0.628095
0.543766, 0.0914867, 0.62814
0.543717, 0.0915134, 0.628187
0.543664, 0.0915386, 0.628238
0.543609, 0.0915661, 0.628285
0.543553, 0.0915919, 0.628335
0.543495, 0.0916147, 0.628386
0.543442, 0.0916363, 0.628434
0.543386, 0.091656, 0.628486
0.543346, 0.0916684, 0.628526
0.543311, 0.0916726, 0.628575
0.543273, 0.0916708, 0.628633
0.543249, 0.0916637, 0.628682
0.543223, 0.0916547, 0.628733
0.543203, 0.0916508, 0.62877
0.54319, 0.091641, 0.628803
0.543175, 0.0916381, 0.628828
0.543163, 0.0916296, 0.628856
0.543156, 0.0916308, 0.628869
0.543153, 0.0916227, 0.628884
0.543153, 0.091616, 0.628889
0.543152, 0.0916157, 0.628895
0.543153, 0.0916164, 0.628892
0.543158, 0.091617, 0.628891
0.543159, 0.0916261, 0.62889
0.54317, 0.0916225, 0.628884
0.543179, 0.0916239, 0.628881
0.543185, 0.0916245, 0.628878
0.543184, 0.0916221, 0.62888
0.543184, 0.0916191, 0.628884
0.543184, 0.0916146, 0.628888
0.54318, 0.0916094, 0.628893
0.543178, 0.0915998, 0.628902
0.543176, 0.0915894, 0.628914
0.543169, 0.0915778, 0.628937
0.543161, 0.0915733, 0.628956
0.543145, 0.0915743, 0.628981
0.543133, 0.0915746, 0.629001
0.543116, 0.0915822, 0.629027
0.543099, 0.0915835, 0.629058
0.543073, 0.0915988, 0.629091
0.54305, 0.0915973, 0.629131
0.543025, 0.0916065, 0.629171
0.542996, 0.091609, 0.629219
0.542967, 0.0916146, 0.629261
0.54294, 0.091622, 0.629298
0.542913, 0.0916227, 0.629344
0.54288, 0.0916225, 0.629395
0.54285, 0.0916253, 0.629443
0.542824, 0.09162, 0.62949
0.542797, 0.0916125, 0.629537
0.542774, 0.0916136, 0.629577
0.542755, 0.0916069, 0.629614
0.542735, 0.091603, 0.62965
0.542724, 0.0915944, 0.629675
0.542706, 0.0915951, 0.629704
0.542693, 0.0915925, 0.629728
0.54268, 0.09159, 0.629747
0.542668, 0.0915891, 0.629764
0.542656, 0.0915913, 0.629778
0.542648, 0.0915944, 0.629788
0.542643, 0.0915961, 0.629793
0.542635, 0.0916028, 0.629797
0.54263, 0.0916103, 0.629795
0.542627, 0.0916091, 0.629794
0.542616, 0.0916146, 0.62979
0.542609, 0.0916072, 0.629784
0.542596, 0.0915874, 0.629786
0.542582, 0.0915672, 0.629784
0.542559, 0.0915308, 0.629789
0.542532, 0.0914872, 0.6298
0.542495, 0.091425, 0.629814
0.542459, 0.0913458, 0.629829
0.542431, 0.0912545, 0.629834
0.5424, 0.0911684, 0.629833
0.542372, 0.0910669, 0.629823
0.542358, 0.0909622, 0.629797
0.542354, 0.0908725, 0.629757
0.542362, 0.0907658, 0.629705
0.542371, 0.0906768, 0.629658
0.542389, 0.0905699, 0.629602
0.542411, 0.0904618, 0.629557
0.542433, 0.090364, 0.629512
0.542454, 0.0902568, 0.629467
0.542471, 0.0901547, 0.629418
0.542494, 0.0900351, 0.629368
0.542509, 0.0899316, 0.629319
0.542517, 0.0898187, 0.629264
0.542524, 0.0896989, 0.629206
0.542522, 0.0895713, 0.629139
0.542506, 0.0894505, 0.629081
0.542488, 0.0893208, 0.629017
0.542453, 0.089186, 0.628951
0.542399, 0.089034, 0.62889
0.54233, 0.0888457, 0.628817
0.542243, 0.0886764, 0.628746
0.542128, 0.0884983, 0.628672
0.541984, 0.0882898, 0.628584
0.541838, 0.0881048, 0.628486
0.541667, 0.087895, 0.628371
0.54149, 0.0877014, 0.628263
0.54127, 0.087489, 0.628128
0.541053, 0.0872925, 0.628001
0.540807, 0.0870756, 0.62785
0.540604, 0.0868838, 0.627688
0.540415, 0.0866714, 0.627486
0.540255, 0.0864994, 0.627293
0.540105, 0.0863286, 0.627114
0.539949, 0.0861295, 0.626935
0.539836, 0.0859626, 0.626783
0.539656, 0.085729, 0.626537
0.539544, 0.0855721, 0.626348
0.539455, 0.0854229, 0.626144
0.539368, 0.0852722, 0.62591
0.539285, 0.0851213, 0.62568
0.539233, 0.0849735, 0.625466
0.539186, 0.0848297, 0.625238
0.539149, 0.084686, 0.624972
0.539115, 0.0845833, 0.624689
0.539116, 0.0844973, 0.624404
0.53917, 0.0844443, 0.624137
0.53927, 0.0844052, 0.623875
0.539401, 0.0843531, 0.623601
0.539539, 0.0843126, 0.623351
0.53965, 0.0842758, 0.623145
0.539775, 0.0842189, 0.622961
0.539896, 0.0841734, 0.622789
0.539981, 0.0841331, 0.622636
0.54004, 0.0840875, 0.622516
0.540084, 0.0840375, 0.622418
0.540096, 0.0839917, 0.622362
0.540073, 0.0839402, 0.62233
0.540017, 0.0838911, 0.622332
0.53994, 0.0838375, 0.622353
0.539859, 0.0837922, 0.622392
0.539768, 0.0837525, 0.622446
0.539684, 0.0837315, 0.622508
0.539581, 0.0837219, 0.622599
0.539469, 0.0837309, 0.622708
0.539344, 0.0837616, 0.622837
0.539222, 0.0837888, 0.622974
0.539096, 0.0838176, 0.623127
0.53894, 0.0838654, 0.623311
0.538781, 0.0838998, 0.623512
0.538606, 0.0839344, 0.623739
0.538403, 0.083973, 0.624003
0.538211, 0.084006, 0.624274
0.538016, 0.0840434, 0.624554
0.537799, 0.084084, 0.624871
0.537587, 0.0841158, 0.625188
0.537369, 0.0841665, 0.625518
0.537154, 0.0842184, 0.625883
0.53699, 0.0842803, 0.626199
0.536847, 0.0843596, 0.626533
0.536767, 0.0844428, 0.626814
0.536707, 0.0845679, 0.627195
0.536733, 0.0846728, 0.627495
0.53679, 0.0847842, 0.627794
0.536864, 0.0848943, 0.628069
0.536907, 0.0849695, 0.628342
0.53693, 0.0850387, 0.628674
0.536946, 0.0850986, 0.629012
0.537001, 0.085156, 0.629323
0.537112, 0.0852029, 0.629581
0.537268, 0.08525, 0.629841
0.537458, 0.0853017, 0.630132
0.537626, 0.0853417, 0.630385
0.537818, 0.0853676, 0.630626
0.537972, 0.0853748, 0.630842
0.538116, 0.0853812, 0.631083
0.538241, 0.0853794, 0.631296
0.53841, 0.0853782, 0.631519
0.538637, 0.0853886, 0.631655
0.538914, 0.0854096, 0.631785
0.53914, 0.0854131, 0.631918
0.539313, 0.0854159, 0.632068
0.539446, 0.0854146, 0.632214
0.539571, 0.0853997, 0.632364
0.539646, 0.0854083, 0.632493
0.539705, 0.0854122, 0.632628
0.539727, 0.0854283, 0.632767
0.53972, 0.0854388, 0.63291
0.539693, 0.0854636, 0.633061
0.539672, 0.0855093, 0.633183
0.53967, 0.0855725, 0.633278
0.53967, 0.0856462, 0.63335
0.539677, 0.0857461, 0.633412
0.539687, 0.0858806, 0.633453
0.539677, 0.0860443, 0.633479
0.539687, 0.0862145, 0.633462
0.539683, 0.0864295, 0.633423
0.539646, 0.0866434, 0.633391
0.53956, 0.0869022, 0.633348
0.539457, 0.0871558, 0.633297
0.53931, 0.0874557, 0.633228
0.539122, 0.0877907, 0.633138
0.53891, 0.0881408, 0.633044
0.538701, 0.0884618, 0.632968
0.538481, 0.0887804, 0.632904
0.53825, 0.0890954, 0.63284
0.537999, 0.0894325, 0.632784
0.537772, 0.0897334, 0.63274
0.537532, 0.0900505, 0.632691
0.537326, 0.0903331, 0.632648
0.537113, 0.090626, 0.632604
0.53692, 0.0908883, 0.632564
0.536718, 0.0911578, 0.632523
0.536526, 0.0914146, 0.632477
0.536343, 0.0916693, 0.632426
0.536173, 0.091894, 0.632383
0.536008, 0.0921335, 0.632327
0.535874, 0.0923423, 0.632273
0.535755, 0.0925542, 0.63221
0.535642, 0.0927623, 0.632147
0.535535, 0.0929883, 0.632072
0.535458, 0.0931948, 0.631994
0.535387, 0.0934214, 0.631906
0.535321, 0.0936631, 0.631804
0.535284, 0.0938747, 0.631701
0.535293, 0.0940998, 0.631576
0.53534, 0.0943209, 0.63144
0.53542, 0.0945346, 0.6313
0.535519, 0.0947161, 0.631171
0.535643, 0.0948895, 0.631036
0.535766, 0.0950377, 0.630906
0.535875, 0.095182, 0.630785
0.535946, 0.0952865, 0.630696
0.536003, 0.0953872, 0.630621
0.536038, 0.0954529, 0.630572
0.536039, 0.0955046, 0.630546
0.536018, 0.0955317, 0.630546
0.535996, 0.0955511, 0.630553
0.535983, 0.0955533, 0.63057
0.535967, 0.0955437, 0.630603
0.535953, 0.0955254, 0.63064
0.535935, 0.0955093, 0.630685
0.535918, 0.0954911, 0.63073
0.535892, 0.0954675, 0.630788
0.535863, 0.0954523, 0.630844
0.535828, 0.0954397, 0.630912
0.535789, 0.0954227, 0.630985
0.53575, 0.0954054, 0.631062
0.535709, 0.0953932, 0.631136
0.535669, 0.0953684, 0.631216
0.53563, 0.0953574, 0.631285
0.535591, 0.0953389, 0.631362
0.535555, 0.0953213, 0.631435
0.53551, 0.095305, 0.631517
0.535472, 0.0952913, 0.63159
0.535426, 0.095277, 0.631674
0.535387, 0.0952606, 0.631748
0.53534, 0.0952424, 0.631833
0.535293, 0.0952264, 0.63192
0.535244, 0.0952025, 0.632016
0.535197, 0.0951723, 0.632111
0.535151, 0.0951473, 0.632199
0.53511, 0.0951177, 0.632285
0.535061, 0.0950895, 0.632383
0.535013, 0.095071, 0.632473
0.534962, 0.0950442, 0.632574
0.534919, 0.0950228, 0.632661
0.53487, 0.0950028, 0.632751
0.534825, 0.0949789, 0.63284
0.534781, 0.0949573, 0.632925
0.534741, 0.0949342, 0.633006
0.534698, 0.0949146, 0.63309
0.534656, 0.0949003, 0.633167
0.53462, 0.0948851, 0.633237
0.534585, 0.0948649, 0.633306
0.534557, 0.0948478, 0.633365
0.534525, 0.094832, 0.633426
0.534499, 0.0948117, 0.633485
0.534473, 0.094799, 0.633538
0.534446, 0.0947853, 0.633594
0.534414, 0.0947718, 0.633654
0.534396, 0.0947655, 0.633691
0.534376, 0.0947573, 0.633727
0.534355, 0.0947512, 0.633762
0.534335, 0.094744, 0.633798
0.534319, 0.0947352, 0.633831
0.534309, 0.0947292, 0.633854
0.534296, 0.094725, 0.633877
0.534289, 0.0947171, 0.633894
0.534277, 0.0947137, 0.633915
0.534271, 0.0947131, 0.63393
0.534263, 0.0947104, 0.633941
0.534256, 0.094706, 0.633952
0.534252, 0.0946977, 0.633967
0.534247, 0.0946897, 0.633979
0.53424, 0.0946892, 0.633989
0.534235, 0.0946831, 0.634
0.53423, 0.0946836, 0.634008
0.534229, 0.0946812, 0.634014
0.534223, 0.0946866, 0.634021
0.534218, 0.0946932, 0.634024
0.534218, 0.0946968, 0.634029
0.534212, 0.0947062, 0.634032
0.53421, 0.0947166, 0.634033
0.534209, 0.0947341, 0.634032
0.534205, 0.09475, 0.634035
0.534201, 0.0947775, 0.634037
0.534197, 0.0948015, 0.634038
0.534192, 0.0948255, 0.634039
0.534185, 0.0948512, 0.634042
0.534178, 0.0948795, 0.634047
0.534169, 0.0949193, 0.634051
0.534161, 0.0949578, 0.634052
0.534148, 0.0949913, 0.634064
0.534139, 0.0950308, 0.634069
0.534127, 0.0950754, 0.634078
0.534115, 0.0951219, 0.634085
0.534104, 0.0951716, 0.63409
0.534093, 0.0952257, 0.634096
0.534077, 0.0952826, 0.634102
0.534067, 0.095329, 0.634108
0.534055, 0.0953797, 0.634114
0.534044, 0.0954316, 0.63412
0.534032, 0.0954857, 0.634126
0.534021, 0.0955388, 0.634132
0.53401, 0.095591, 0.634136
0.534, 0.0956431, 0.634137
0.533987, 0.0957032, 0.634142
0.533974, 0.0957568, 0.634147
0.533961, 0.0958113, 0.634153
0.533948, 0.0958694, 0.634158
0.533934, 0.095917, 0.634164
0.533925, 0.095958, 0.63417
0.533914, 0.0959912, 0.634176
0.533908, 0.0960216, 0.634178
0.533898, 0.0960475, 0.634187
0.533893, 0.0960656, 0.63419
0.533887, 0.0960838, 0.634202
0.533882, 0.0961053, 0.634207
0.533878, 0.096117, 0.634217
0.533869, 0.0961395, 0.634229
0.533865, 0.0961569, 0.634242
0.533858, 0.0961793, 0.634254
0.533848, 0.0962015, 0.634276
0.533838, 0.0962195, 0.634294
0.533828, 0.0962427, 0.634313
0.533812, 0.096269, 0.634334
0.533798, 0.0962827, 0.634361
0.53378, 0.0963057, 0.634388
0.533765, 0.0963253, 0.634415
0.533744, 0.0963515, 0.634447
0.53373, 0.0963773, 0.634471
0.533722, 0.0964038, 0.634491
0.533707, 0.0964335, 0.634512
0.533694, 0.0964522, 0.634537
0.533681, 0.0964761, 0.634554
0.533669, 0.0964942, 0.634573
0.53366, 0.0965162, 0.634592
0.533656, 0.0965353, 0.634608
0.53365, 0.0965593, 0.634624
0.533648, 0.0965803, 0.634648
0.533646, 0.0966056, 0.63466
0.533642, 0.0966231, 0.634678
0.533634, 0.0966527, 0.634697
0.533628, 0.0966664, 0.634711
0.533617, 0.0966866, 0.634733
0.53361, 0.096702, 0.634743
0.533602, 0.0967256, 0.634755
0.533597, 0.0967445, 0.634772
0.533586, 0.0967745, 0.634785
0.53359, 0.0967934, 0.63479
0.533588, 0.0968148, 0.634802
0.533588, 0.096839, 0.63481
0.533584, 0.0968628, 0.634824
0.533586, 0.0968847, 0.634836
0.533585, 0.0969131, 0.634851
0.533586, 0.0969423, 0.634869
0.533591, 0.0969713, 0.634887
0.53359, 0.0970153, 0.634913
0.53359, 0.097052, 0.634942
0.533594, 0.0970944, 0.634961
0.533596, 0.0971387, 0.634988
0.533593, 0.0971826, 0.63501
0.533581, 0.0972382, 0.635035
0.533568, 0.0972899, 0.635063
0.533561, 0.0973471, 0.635094
0.533549, 0.0974158, 0.635128
0.533533, 0.0974897, 0.635175
0.533521, 0.0975638, 0.635226
0.533518, 0.0976394, 0.635268
0.533509, 0.0977303, 0.635324
0.533496, 0.0978325, 0.635383
0.533477, 0.0979483, 0.635447
0.533456, 0.0980517, 0.635509
0.533432, 0.0981659, 0.635581
0.533404, 0.0982757, 0.635648
0.53337, 0.0984048, 0.635725
0.533337, 0.0985308, 0.635794
0.533297, 0.0986678, 0.635872
0.53326, 0.0987865, 0.635948
0.533216, 0.0989249, 0.636025
0.533171, 0.0990548, 0.636095
0.533132, 0.099184, 0.63616
0.533093, 0.0993194, 0.636228
0.533065, 0.0994351, 0.636281
0.533037, 0.0995679, 0.63634
0.533014, 0.0996954, 0.636396
0.533, 0.0998147, 0.636447
0.532996, 0.0999213, 0.636486
0.533001, 0.100021, 0.636525
0.533009, 0.100121, 0.636565
0.53303, 0.100212, 0.636597
0.533057, 0.10029, 0.636623
0.533091, 0.100366, 0.636654
0.533127, 0.100438, 0.636679
0.533172, 0.100505, 0.636697
0.533227, 0.100559, 0.636713
0.5333, 0.100603, 0.636722
0.533368, 0.100642, 0.636727
0.533477, 0.100686, 0.636726
0.53358, 0.100709, 0.636715
0.533682, 0.100731, 0.636701
0.533824, 0.100746, 0.636668
0.533979, 0.100757, 0.636636
0.534184, 0.100761, 0.636584
0.534432, 0.100761, 0.636522
0.534673, 0.100758, 0.636457
0.534933, 0.100752, 0.636392
0.535175, 0.100733, 0.63634
0.535379, 0.100717, 0.636298
0.535535, 0.100694, 0.636275
0.535665, 0.100677, 0.636257
0.535747, 0.100661, 0.636266
0.535794, 0.100639, 0.636286
0.535816, 0.100623, 0.636318
0.53581, 0.100608, 0.636365
0.535783, 0.100593, 0.636421
0.535751, 0.100573, 0.636484
0.535715, 0.100568, 0.636545
0.53568, 0.100558, 0.636609
0.535643, 0.100553, 0.636672
0.535615, 0.10054, 0.636731
0.535582, 0.100522, 0.636797
0.53555, 0.100524, 0.636851
0.535523, 0.100507, 0.636909
0.535496, 0.1005, 0.636962
0.53547, 0.100497, 0.637009
0.535444, 0.100497, 0.637053
0.535409, 0.100493, 0.637114
0.535384, 0.10049, 0.63716
0.535356, 0.100498, 0.637203
0.535334, 0.100488, 0.637251
0.535307, 0.100496, 0.637293
0.53529, 0.100493, 0.63733
0.535265, 0.100499, 0.63737
0.535245, 0.100502, 0.637405
0.53522, 0.100507, 0.637445
0.535198, 0.100516, 0.637481
0.535173, 0.100519, 0.637523
0.535153, 0.10052, 0.637556
0.535131, 0.100518, 0.637599
0.53511, 0.100517, 0.637636
0.535086, 0.100513, 0.637679
0.535058, 0.100509, 0.637726
0.535039, 0.100504, 0.637767
0.535012, 0.100506, 0.63781
0.534992, 0.100503, 0.637848
0.534978, 0.100494, 0.637883
0.534958, 0.100496, 0.637912
0.534941, 0.100505, 0.637935
0.534927, 0.100508, 0.637957
0.534918, 0.100517, 0.637969
0.534913, 0.100527, 0.637975
0.534908, 0.10054, 0.63798
0.534906, 0.10055, 0.637979
0.5349, 0.100567, 0.637983
0.534893, 0.100582, 0.637986
0.534887, 0.100595, 0.637988
0.534884, 0.100614, 0.637991
0.534878, 0.100626, 0.637998
0.534877, 0.100635, 0.637998
0.534874, 0.100645, 0.638001
0.53487, 0.100649, 0.638006
0.534869, 0.100651, 0.638011
0.534867, 0.100651, 0.638016
0.534827, 0.100658, 0.638026
0.534823, 0.100663, 0.638022
0.534816, 0.100675, 0.638027
0.534812, 0.10069, 0.638026
0.534803, 0.100701, 0.638026
0.534799, 0.10071, 0.638027
0.534802, 0.100701, 0.638027
0.534803, 0.100697, 0.638026
0.534811, 0.100685, 0.638023
0.534817, 0.100676, 0.638026
0.534817, 0.100671, 0.638027
0.534817, 0.100668, 0.638029
0.534815, 0.10067, 0.638031
0.534814, 0.100672, 0.638031
0.534816, 0.100673, 0.63803
0.534814, 0.100683, 0.638027
0.534813, 0.100683, 0.638026
0.534813, 0.100685, 0.638024
0.534814, 0.100684, 0.638022
0.534814, 0.100683, 0.638023
0.534815, 0.100679, 0.638026
0.534817, 0.100673, 0.638026
0.534817, 0.100676, 0.638027
0.534816, 0.100679, 0.638027
0.534819, 0.100677, 0.638025
0.534819, 0.100674, 0.638022
0.534819, 0.100673, 0.638022
0.53482, 0.100674, 0.638024
0.534821, 0.100669, 0.638022
0.534824, 0.100663, 0.638027
0.534821, 0.10067, 0.638027
0.53482, 0.100671, 0.638026
0.534821, 0.100673, 0.638023
0.534818, 0.100679, 0.638022
0.534819, 0.100678, 0.638019
0.534816, 0.100686, 0.638021
0.534818, 0.100681, 0.638021
0.53482, 0.100673, 0.638023
0.534819, 0.100676, 0.638024
0.534819, 0.100674, 0.638025
0.534819, 0.100675, 0.638022
0.53482, 0.100675, 0.638023
0.534819, 0.100676, 0.638022
0.534819, 0.100675, 0.638022
0.534823, 0.100671, 0.63802
0.534825, 0.100669, 0.638019
0.534826, 0.10067, 0.638018
0.534824, 0.100674, 0.638017
0.534824, 0.100671, 0.638018
0.534827, 0.100671, 0.638014
0.534829, 0.100673, 0.638012
0.534828, 0.100671, 0.638013
0.534831, 0.10067, 0.63801
0.534834, 0.100668, 0.638006
0.534835, 0.100669, 0.638004
0.534836, 0.100666, 0.638008
0.534839, 0.100664, 0.638006
0.534843, 0.100662, 0.638003
0.534841, 0.100663, 0.638003
0.534844, 0.100659, 0.638004
0.534843, 0.100659, 0.638003
0.534841, 0.100663, 0.638003
0.53484, 0.100664, 0.638004
0.534841, 0.100661, 0.638004
0.534838, 0.100665, 0.638007
0.534841, 0.100662, 0.638003
0.53484, 0.100664, 0.638006
0.534841, 0.100661, 0.638003
0.534842, 0.100664, 0.637998
0.534838, 0.100669, 0.638001
0.534843, 0.100664, 0.637997
0.534846, 0.100661, 0.637995
0.534843, 0.10066, 0.637997
0.534845, 0.100659, 0.637998
0.534847, 0.100653, 0.637998
0.534849, 0.10065, 0.637995
0.534851, 0.100649, 0.637994
0.534852, 0.100647, 0.637992
0.534853, 0.10065, 0.637989
0.534852, 0.100656, 0.637987
0.534855, 0.100655, 0.637982
0.534852, 0.100663, 0.637981
0.534847, 0.10067, 0.63798
0.534848, 0.100672, 0.637979
0.534843, 0.100676, 0.637983
0.534841, 0.100683, 0.637978
0.534844, 0.100678, 0.637976
0.534847, 0.100678, 0.637974
0.534855, 0.100668, 0.637969
0.534863, 0.100666, 0.63796
0.534873, 0.100659, 0.637948
0.534871, 0.100661, 0.637946
0.534872, 0.100664, 0.637943
0.534874, 0.100659, 0.637946
0.534875, 0.100658, 0.637946
0.534879, 0.100653, 0.637946
0.53488, 0.10065, 0.637945
0.534886, 0.100641, 0.637943
0.534886, 0.100639, 0.637945
0.534891, 0.10064, 0.637941
0.534891, 0.100642, 0.637937
0.534891, 0.100651, 0.63793
0.534892, 0.100652, 0.637927
0.534897, 0.100645, 0.637929
0.534895, 0.100648, 0.637927
0.534898, 0.100645, 0.637929
0.5349, 0.10064, 0.637927
0.534898, 0.100641, 0.637928
0.534898, 0.100642, 0.63793
0.534894, 0.100648, 0.637931
0.534895, 0.100646, 0.637932
0.534894, 0.100651, 0.637929
0.534891, 0.10065, 0.63793
0.534891, 0.100654, 0.637929
0.534891, 0.10065, 0.637933
0.534892, 0.100654, 0.637932
0.534892, 0.10065, 0.637932
0.534898, 0.100645, 0.637926
0.534897, 0.100646, 0.637928
0.534898, 0.100645, 0.637926
0.534899, 0.100643, 0.637925
0.534899, 0.100645, 0.637924
0.534898, 0.100642, 0.637927
0.5349, 0.100641, 0.637928
0.534899, 0.100644, 0.637925
0.534898, 0.100646, 0.637925
0.534895, 0.10065, 0.637926
0.534897, 0.100647, 0.637925
0.534895, 0.10065, 0.637925
0.534894, 0.10065, 0.637928
0.534899, 0.100647, 0.637926
0.534899, 0.100643, 0.637926
0.534898, 0.100645, 0.637926
0.534901, 0.100644, 0.637923
0.534902, 0.100643, 0.637922
0.534902, 0.100644, 0.637922
0.5349, 0.100647, 0.637924
0.5349, 0.100645, 0.637924
0.534898, 0.100647, 0.637925
0.534898, 0.100648, 0.637925
0.5349, 0.100645, 0.637924
0.534897, 0.100651, 0.637925
0.534899, 0.100649, 0.637923
0.534897, 0.100649, 0.637924
0.534899, 0.100649, 0.637922
0.534901, 0.100646, 0.637921
0.534905, 0.100643, 0.637921
0.534903, 0.100647, 0.637919
0.534903, 0.100646, 0.637919
0.534899, 0.100651, 0.637921
0.5349, 0.100648, 0.637922
0.534899, 0.10065, 0.637921
0.534902, 0.100647, 0.637918
0.534899, 0.100651, 0.63792
0.534899, 0.100651, 0.63792
0.5349, 0.100649, 0.63792
0.534903, 0.100647, 0.637919
0.534901, 0.100646, 0.637919
0.534899, 0.100647, 0.637921
0.534908, 0.100638, 0.637917
0.5349, 0.100642, 0.637922
0.534907, 0.100637, 0.637922
0.534905, 0.100641, 0.637921
0.534904, 0.100644, 0.637916
0.534909, 0.100647, 0.637913
0.534907, 0.100647, 0.637911
0.534902, 0.100652, 0.637913
0.5349, 0.100655, 0.637917
0.534897, 0.100658, 0.63792
0.534896, 0.100649, 0.637926
0.534899, 0.100646, 0.637926
0.534903, 0.100646, 0.637922
0.534908, 0.100637, 0.637918
0.534911, 0.100637, 0.637915
0.534914, 0.10064, 0.637906
0.534914, 0.100639, 0.637905
0.53491, 0.100643, 0.637911
0.534908, 0.100648, 0.637915
0.5349, 0.100647, 0.637923
0.5349, 0.100647, 0.637922
0.5349, 0.100649, 0.637922
0.5349, 0.100654, 0.637917
0.534901, 0.10065, 0.637916
0.534907, 0.100649, 0.63791
0.534911, 0.100646, 0.637907
0.534909, 0.100647, 0.637907
0.534909, 0.100645, 0.637912
0.534909, 0.100644, 0.637914
0.534907, 0.100645, 0.637914
0.534906, 0.100647, 0.637914
0.534908, 0.100646, 0.637914
0.534909, 0.100643, 0.637912
0.534909, 0.10064, 0.637913
0.534909, 0.100641, 0.637913
0.53491, 0.100643, 0.637913
0.534909, 0.10064, 0.637915
0.534907, 0.100649, 0.637914
0.534905, 0.100653, 0.637915
0.534902, 0.10066, 0.63791
0.534901, 0.100661, 0.63791
0.534902, 0.10066, 0.63791
0.534904, 0.100654, 0.637912
0.534906, 0.100646, 0.637915
0.534906, 0.100637, 0.637916
0.534908, 0.100637, 0.637915
0.534911, 0.100632, 0.637917
0.534913, 0.100631, 0.637914
0.534914, 0.100634, 0.637913
0.534914, 0.100638, 0.637909
0.534913, 0.100647, 0.637905
0.534907, 0.100653, 0.637906
0.534905, 0.100653, 0.63791
0.534904, 0.100655, 0.63791
0.534901, 0.100654, 0.637915
0.5349, 0.100654, 0.637918
0.534903, 0.100649, 0.637917
0.534906, 0.100645, 0.637915
0.534912, 0.100638, 0.637911
0.534912, 0.100642, 0.637908
0.534913, 0.10064, 0.637907
0.534913, 0.100642, 0.637909
0.534913, 0.100639, 0.637909
0.534913, 0.100637, 0.637911
0.534911, 0.100642, 0.637913
0.534907, 0.100646, 0.637914
0.534907, 0.100647, 0.637914
0.534904, 0.100651, 0.637915
0.534904, 0.100654, 0.637911
0.534904, 0.100655, 0.637911
0.534906, 0.100653, 0.637909
0.534909, 0.100647, 0.637908
0.534913, 0.10064, 0.637911
0.53491, 0.100641, 0.637911
0.534913, 0.100639, 0.637911
0.534909, 0.10064, 0.637913
0.534909, 0.100641, 0.637912
0.534909, 0.100642, 0.637913
