1700818479998069797,24,0,,0.0005765981500939585,-0.7844637472881455,-0.0004992346183077437,-2.338057733167623,0.002695777667045826,1.1803923969890526,0.7939737783033058
1700818480009170921,25,0,,0.0006296648708139065,-0.78450263892865,-0.0005080782000277353,-2.3381655199347184,0.002678491671546102,1.1584348383761014,0.7939789738355156
1700818480020428095,26,0,,0.0006424154048028524,-0.7849661854448433,-0.0005130437644762347,-2.337907737967157,0.0026769730045675096,1.1302840426493725,0.7939585386034511
1700818480034518872,27,0,,0.0006198083560037138,-0.7853516851521246,-0.0005162925138516342,-2.3373317199947317,0.002707467779682174,1.0991563736366576,0.7939714249369895
1700818480040081192,28,0,,0.000626102677223854,-0.785275420809487,-0.0005020209585789827,-2.3369871724472455,0.0027517062844643167,1.071682448068283,0.7939982921925989
1700818480051746480,29,0,,0.0006060144462893487,-0.785269401654134,-0.0004989310244338723,-2.3373234874127693,0.0027254458519353993,1.0500508701812237,0.7939788147160773
1700818480062033142,30,0,,0.0006453603378988767,-0.7856156807912613,-0.0005035505172896751,-2.3376760431976966,0.0027063643764361853,1.0278043710018798,0.7939644202369541
1700818480072337066,31,0,,0.000675330779074269,-0.7859939363548736,-0.0005083454335203327,-2.3375607415182804,0.0027053991134753513,1.0008183291313801,0.7939511715025288
1700818480082893844,32,0,,0.0007079509645297296,-0.7861235407501,-0.0005115037069389338,-2.3371934162617167,0.002760652701137181,0.967100227297442,0.7939768925330599
1700818480296212707,33,0,,0.0007172595679107418,-0.7857099628080416,-0.0004917899716011472,-2.3368411579917336,0.00272604296191051,0.8718275035316463,0.7939523135120331
1700818480307195924,34,0,,0.0007024878151998932,-0.7857139807439636,-0.000505585537437349,-2.3368360431217114,0.002724602175716793,0.871843618540339,0.7939547940063796
1700818480318113959,35,0,,0.0006885874493742846,-0.7857130716809718,-0.0005104027809840971,-2.336846824412192,0.002721957318277826,0.8718547887578656,0.7939504155318023
1700818480328252240,36,0,,0.0006990751912439601,-0.7856565096153996,-0.0005073507433165734,-2.3368443187579775,0.0027212452414549057,0.8718625305641614,0.7939547940781635
1700818480339030757,37,0,,0.0007069494659365039,-0.7856061219158892,-0.0005055567149695701,-2.336833460924918,0.002724602175048656,0.8718886499993651,0.7939533699245916
1700818480349499652,38,0,,0.0007040299594240775,-0.7855752476084129,-0.0005027801277901698,-2.336855167320616,0.002724602175048656,0.871898620083487,0.7939565885754095
1700818480360316394,39,0,,0.00069206903855943,-0.7855347926221254,-0.0005025433677614785,-2.336893317025741,0.0027212452414549057,0.8718991163075036,0.793948995756977
1700818480370058557,40,0,,0.0006970235942817332,-0.7855149743020189,-0.0005020318506423559,-2.3369105605265075,0.0027232797466632394,0.8718952252613786,0.7939534935490403
1700818480380166510,41,0,,0.0007090799859115174,-0.7855303969354557,-0.0005019909267050545,-2.3368780768195223,0.002723991823486156,0.8718976312931408,0.7939489957409012
1700818480390591047,42,0,,0.0007062989208864194,-0.7855484826608422,-0.0004995974906826978,-2.336826257750947,0.002724602175048656,0.8719065370211998,0.7939540820014146
1700818480401077440,43,0,,0.0006941011259605591,-0.7855739573542188,-0.0005027150017361169,-2.3368309922657793,0.002723991823486156,0.8718999886947314,0.7939518440460993
1700818480412373125,44,0,,0.0007023436393761798,-0.7855798386981249,-0.0005045041307330749,-2.3368517526075245,0.002723634984375441,0.871896830736235,0.7939482836619848
1700818480421585940,45,0,,0.0007070283874306513,-0.7856037988686149,-0.00049969100672365,-2.3368690995214343,0.002723991829502138,0.871895358251241,0.7939565790386663
1700818480432236923,46,0,,0.0007070316235976544,-0.7856302119900425,-0.0005019562486035928,-2.336855491972612,0.002723279746663273,0.8718932078513485,0.7939478968608781
1700818480443298940,47,0,,0.0006970802610468212,-0.7856363901181028,-0.0005017283048603996,-2.336834494072094,0.0027246023374059287,0.8718936640094044,0.793955863831234
1700818480452922727,48,0,,0.0006963700513262752,-0.7856454952132699,-0.0004981361461306957,-2.3368142635275144,0.002723279746665989,0.8718920242173803,0.7939489957448649
1700818480463807927,49,0,,0.0007041654066232369,-0.7856219981241191,-0.0004995870647302613,-2.3368088479452602,0.0027253142518715726,0.8718991571535777,0.7939539642638447
1700818480474002974,50,0,,0.0007038000503596463,-0.7855882863915638,-0.0005018340434159865,-2.3368411563060545,0.002724602175048656,0.8718976312925414,0.7939547940762435
1700818480485314605,51,0,,0.0006966077900538429,-0.7855463048762512,-0.0005047723599342489,-2.336872995529213,0.002724602175048656,0.8718976727187236,0.7939540820014146
1700818480495319186,52,0,,0.0006941040405159916,-0.7855197653545749,-0.0005033549659141948,-2.336878958532664,0.002722669395100739,0.8718976710296731,0.7939547940782374
1700818480506053017,53,0,,0.0007022314613830166,-0.7855083204993535,-0.0005079829832645086,-2.3368681038794707,0.00272327980078233,0.8719014968526618,0.7939475715851618
1700818480517326333,54,0,,0.00069850061228027,-0.7855154879306171,-0.0004999513728776936,-2.3368551851409807,0.002723991823486461,0.8719030668829325,0.7939489957388076
1700818480526845770,55,0,,0.0006985006309899101,-0.7855408998707547,-0.0004971881796993195,-2.3368552033607317,0.0027232797466632394,0.8719003349795994,0.7939497078156306
1700818480537637809,56,0,,0.0007016597889220316,-0.7855754024604147,-0.0005006497753282337,-2.336857759089629,0.0027236348220181688,0.8718988645997511,0.7939562182318833
1700818480546981220,57,0,,0.0007016598610843243,-0.7856059947022405,-0.0005025063491677111,-2.3368443187592787,0.002724344491645784,0.8718998390694702,0.7939524383849385
1700818480558232492,58,0,,0.000704244316090812,-0.7856323181812669,-0.0004999027434554084,-2.3368380088917693,0.00272280091050197,0.8718980673598767,0.793953369923927
1700818480569261467,59,0,,0.0007016860564413978,-0.7856411939557304,-0.0005046145329723927,-2.3368137103918807,0.0027232841310520046,0.871896302744623,0.7939489957388076
1700818480580383494,60,0,,0.0007013899756818742,-0.7856293904279749,-0.0005006205970525128,-2.3368169693492127,0.0027239918235109056,0.8718974474516084,0.7939569303087062
1700818480592020278,61,0,,0.0006991542126516803,-0.7856111422561279,-0.0004981412497743223,-2.336834638864236,0.002724602175048657,0.8718976328376121,0.7939533699245916
1700818480602006693,62,0,,0.0007018965894848803,-0.7855796415694227,-0.0005018244586744113,-2.3368578732431313,0.0027232797466632394,0.8718978903740653,0.7939555061550604
1700818480613217061,63,0,,0.0006998759758890287,-0.785559403022517,-0.0005053244274448696,-2.336860177851736,0.002724602175048656,0.8718976312985981,0.7939511319692764
1700818480623235350,64,0,,0.000699154219525866,-0.7855534776915566,-0.0005034218684904201,-2.3368523101100935,0.002725096502368158,0.871901057102614,0.7939555061550604
1700818480633924093,65,0,,0.000701283680494714,-0.7855506770299334,-0.000503423159369601,-2.336849141326525,0.002724602668356418,0.8719006830564854,0.7939489957388076
1700818480644400292,66,0,,0.0007023787418267693,-0.7855528193033099,-0.0005027452379056842,-2.33685211741606,0.0027247205335086534,0.8718998268627458,0.7939569303087062
1700818480654341819,67,0,,0.0006998642964368084,-0.7855601850397607,-0.0005003846354086665,-2.3368529479546885,0.0027249616360543534,0.8718991571965711,0.7939540820014146
1700818480664277702,68,0,,0.0007023962532264938,-0.7855656859903393,-0.0004999373416879559,-2.336852923841123,0.0027239918295736596,0.8718999891247404,0.7939518442096236
1700818480675709541,69,0,,0.0007070061515938846,-0.7855815771511365,-0.0005059141605197375,-2.336851647719415,0.002728152928597984,0.8718987187124794,0.7939511319692772
1700818480684863070,70,0,,0.0007001796455126575,-0.7855946466602983,-0.0005058324538185666,-2.3368392724769054,0.002725412185038196,0.8718979908890596,0.7939497344701082
1700818480697004626,71,0,,0.0006991629923870969,-0.7856024421390714,-0.0005023700523207506,-2.3368354407208836,0.002724641651919818,0.8719013406861817,0.7939509030874778
1700818480706262001,72,0,,0.0006993908275086784,-0.7856081063575407,-0.0005005365529230866,-2.3368437613858606,0.0027239918237090036,0.8718962644260813,0.7939497077976855
1700818480716130134,73,0,,0.0007016597568492913,-0.7856178537065673,-0.0004994865464967717,-2.336840980902524,0.002723992310557977,0.8718962672032539,0.7939533699245913
1700818480727058946,74,0,,0.0007090803467221877,-0.7856106395073875,-0.0005048455592291525,-2.3368356600272495,0.0027246023374141773,0.871897117798375,0.7939540820014146
1700818480737321764,75,0,,0.0007016597648691561,-0.785597805497082,-0.0004999319300599542,-2.3368384440884036,0.002723991823487072,0.8719000422524764,0.7939555061550604
1700818480746828995,76,0,,0.0007063836394188257,-0.7855771951089082,-0.0005027450094467707,-2.336840980902057,0.0027232797466632394,0.8719016023017971,0.7939504198924535
1700818480757195831,77,0,,0.0007015847791402397,-0.78555846271503,-0.0005024877480915422,-2.336847012358102,0.0027243600497801564,0.8718995801596123,0.7939544352686325
1700818480767571905,78,0,,0.0007016688440194641,-0.7855456474271395,-0.0005071120688541944,-2.336855333732023,0.0027241101881737436,0.8719003690717413,0.793952327246655
1700818480778086076,79,0,,0.0006998642843119867,-0.7855421708783603,-0.0005023971451859916,-2.3368572201744597,0.0027232797473314115,0.8718994167503851,0.7939540819834695
1700818480788153834,80,0,,0.0006971591459959765,-0.7855499649452745,-0.0004981361103092688,-2.3368622307892206,0.0027246021750486674,0.8718988620869477,0.7939569303087058
1700818480798828379,81,0,,0.0007048726737613642,-0.7855656999836846,-0.0004980273692121148,-2.3368523925255222,0.002724602175048656,0.8719023207392735,0.7939518440460993
1700818480809293430,82,0,,0.0007069494783595719,-0.7855890437179401,-0.0004956132617122654,-2.3368443478528507,0.0027253142518715726,0.8719012466283209,0.7939534891338812
1700818480820231768,83,0,,0.0007016519594724255,-0.7856049449021563,-0.00049716226722632,-2.3368467864116664,0.0027253142518715726,0.8719008257754719,0.7939511319699493
1700818480830398459,84,0,,0.0006998652583196364,-0.785617588848117,-0.000505668776520859,-2.3368382894851454,0.002728152928597949,0.8718985858792244,0.7939547940782374
1700818480841020365,85,0,,0.0007016870342014174,-0.785617442631529,-0.000499928889801461,-2.3368355074049965,0.002724641647909978,0.871897076809184,0.7939479361006783
1700818480851987488,86,0,,0.0006992593118340928,-0.7856055235117628,-0.0005052233913746634,-2.3368354127788864,0.0027277978534658454,0.8719008164356361,0.7939551529363689
1700818480862228531,87,0,,0.0006991287723535161,-0.7855900017824886,-0.000502461331996792,-2.3368432061379414,0.002723319253599548,0.8719011539120727,0.7939504203770449
1700818480872229017,88,0,,0.0007023700458580906,-0.7855764150973661,-0.0004998613441985152,-2.3368434865893373,0.0027244652579617814,0.8718973141875069,0.7939547935937289
1700818480883187190,89,0,,0.0006994698491785711,-0.7855638565327839,-0.000499939711025673,-2.33684905467117,0.0027232812105512432,0.8718980514484047,0.7939555061550576
1700818480892933537,90,0,,0.0006991550785955866,-0.7855584539967954,-0.0005055381616205838,-2.336849302937552,0.002723279909045303,0.871902295356452,0.7939525561225084
1700818480903369558,91,0,,0.0007018964812579585,-0.7855612380546436,-0.0005019894235558974,-2.336849892404833,0.00272403127630612,0.8718978056885412,0.7939525561225084
1700818480914188769,92,0,,0.0007016597541766131,-0.785566239732439,-0.000502435482635324,-2.3368494254927175,0.0027232797468859514,0.8719012606086273,0.7939510941951393
1700818480924995412,93,0,,0.0006938643855157203,-0.7855659363946176,-0.0005054475736036407,-2.3368484958535762,0.0027232797466632402,0.8718999509982549,0.7939562182316701
1700818480936118884,94,0,,0.0007016598610837132,-0.7855765406091164,-0.0005027508659963822,-2.3368493334746687,0.0027232797466632394,0.8719016454485061,0.793954913287527
1700818480946105421,95,0,,0.0007023611704865274,-0.7855843457504758,-0.0005047413355440229,-2.3368516380707436,0.0027241101819377987,0.8719016410515259,0.7939555061570792
1700818480956324624,96,0,,0.0007062960823550394,-0.785598556446053,-0.0004992407541841511,-2.3368485274372737,0.00272327974866765,0.8719008315010026,0.7939533699245916
1700818480966098442,97,0,,0.0007012850154807391,-0.7855999633792828,-0.0004980279049697757,-2.336843487042088,0.0027232802337350905,0.8719016438314383,0.7939540820014146
1700818480976872520,98,0,,0.0007042443281192864,-0.7855999730011439,-0.000500405044889116,-2.336843578125321,0.0027233323504222747,0.8719007109835835,0.7939547548323808
1700818480987344181,99,0,,0.0007016335597436538,-0.7855975589690758,-0.0005005716370331281,-2.336840983951876,0.0027249572512944346,0.8719024195302949,0.793953369923927
1700818480998223458,100,0,,0.0007023699378957008,-0.78559450748998,-0.0005018080710057725,-2.3368435140237698,0.002723279748667655,0.8718984209287644,0.7939518440460993
1700818481008072910,101,0,,0.0007076684313308336,-0.7855867215620662,-0.0005046172748559547,-2.336847296576092,0.0027243464339435134,0.8719024458051596,0.7939547940782374
1700818481018050158,102,0,,0.0006991281332868291,-0.7855725619045973,-0.0005019792332626544,-2.3368434958394477,0.0027239918415505986,0.871902418060391,0.7939504198924535
1700818481029294635,103,0,,0.000699417130467575,-0.7855636686019914,-0.0005031062359251488,-2.336846298083563,0.002724602175048758,0.8719016322209758,0.7939569303087062
1700818481041509823,104,0,,0.0006999532618523459,-0.7855612380542195,-0.0005027130574805727,-2.3368462838388737,0.002724602175048656,0.8719016410514515,0.7939547940782374
1700818481051014535,105,0,,0.0006998730925809022,-0.7855609260500832,-0.0005052146393219952,-2.3368493304103235,0.002723991823486156,0.8719020940466022,0.793951489597145
1700818481061145998,106,0,,0.0007016597541931874,-0.7855679748970069,-0.000499931849275976,-2.3368490669317574,0.0027240444272424416,0.8719016322191814,0.7939497078163035
1700818481071240618,107,0,,0.0007041663808141429,-0.7855823080904875,-0.0005052104063238617,-2.336846531426985,0.0027232797475540884,0.8719016454664608,0.7939540820014146
1700818481081655043,108,0,,0.000701767563327932,-0.7855971524334572,-0.0004996134095522934,-2.336841814222643,0.0027232799090205267,0.8719033599611784,0.7939518837825291
1700818481092177012,109,0,,0.0007051123208361454,-0.7856024747871507,-0.0004970839307763146,-2.336841064336358,0.0027246065586959294,0.8719016454717695,0.7939576423857534
1700818481103233913,110,0,,0.0007042481821188742,-0.7855997635233677,-0.0004978720006861825,-2.3368434865521235,0.0027239918235109017,0.8719018913027312,0.7939555061550604
1700818481113164648,111,0,,0.0007069492513027876,-0.7855976902089643,-0.000503351799635211,-2.3368410633141687,0.002724384425545242,0.8719016454846302,0.7939562182318833
1700818481124334974,112,0,,0.0007016597528390601,-0.7855931063947964,-0.0005027814143400002,-2.3368409819158202,0.0027239918297221003,0.8719008315010776,0.7939525561225084
1700818481135185973,113,0,,0.0006970891004638931,-0.7855793681541064,-0.0005000288742660008,-2.336843486589343,0.0027239923105580083,0.8719016454121761,0.7939497078156306
1700818481146165696,114,0,,0.0007042444283927613,-0.7855687550534199,-0.0004980561721271772,-2.3368382792544105,0.0027239918234889054,0.8719025770063381,0.7939468877653556
1700818481157084936,115,0,,0.0007038195346247468,-0.7855687551229898,-0.0005031943364783858,-2.336849054671635,0.0027232797466632394,0.8719016454673497,0.7939555193805979
1700818481168206706,116,0,,0.0006963712665545023,-0.7855637427454513,-0.0004999143949310843,-2.3368435689679514,0.0027236348220181688,0.871900804519551,0.7939511363846592
1700818481177800083,117,0,,0.0007023703710242454,-0.7855660066919904,-0.0005052936760857345,-2.336846273664332,0.00272327974866765,0.8719024592686152,0.7939584561876374
1700818481188342957,118,0,,0.0007016860680303329,-0.7855765503792072,-0.0005047497742929034,-2.33684627400308,0.0027246023374059626,0.8719024592687684,0.7939547955499571
1700818481199174234,119,0,,0.0007016860561445016,-0.7855790531481686,-0.0005023994190660761,-2.3368465183502276,0.002723991823487072,0.871901645466685,0.7939540820014228
1700818481209089362,120,0,,0.0006999519618917066,-0.7855868514043752,-0.0005002723639503093,-2.3368435140279478,0.002723991823486156,0.8719024592687684,0.7939555061550604
1700818481219205461,121,0,,0.0006963700528104848,-0.7855889574352063,-0.0005001675315282022,-2.336843486552118,0.002723991823486156,0.8719007962888228,0.7939540820014146
1700818481230023304,122,0,,0.0007012846546673177,-0.7855974549316777,-0.000501742596781238,-2.33684348994327,0.002724602175048656,0.8719000129020785,0.7939547940782374
1700818481241343136,123,0,,0.0007016715634021742,-0.7855928460330098,-0.0004998496647444409,-2.3368462706114306,0.002723991823486156,0.871901645466657,0.7939489957388076
1700818481252066757,124,0,,0.0006961333152758613,-0.7855903233561453,-0.000502429409034143,-2.3368434865893373,0.002722669395100739,0.8719024455327187,0.7939547940782374
1700818481263301730,125,0,,0.0007040874714480003,-0.7855917059073209,-0.000499910103440869,-2.336846273663867,0.0027237360823809792,0.8719024592686909,0.7939539642638447
1700818481274135617,126,0,,0.0007041654061832227,-0.7855765543554817,-0.000504527506874072,-2.3368434896041252,0.002724602181070137,0.8719016847125418,0.7939511276079609
1700818481284485678,127,0,,0.0007041654066231616,-0.7855740447296011,-0.0005055557272847475,-2.3368437348180864,0.0027233982674722567,0.8719048243817378,0.7939580127289814
1700818481295004657,128,0,,0.0007016627836565662,-0.7855743474377861,-0.0005047410112820793,-2.336849241669516,0.002724602338074982,0.8719031713635366,0.7939482841707274
1700818481306154726,129,0,,0.0007016694947668934,-0.7855637466132108,-0.0005054825328963203,-2.3368434875859094,0.0027232798007832504,0.871902457797049,0.7939489957388105
1700818481317688355,130,0,,0.0007019753908733822,-0.7855684430114811,-0.0005048451382240754,-2.3368434870038857,0.002723991823487072,0.8719007919281471,0.7939475715851618
1700818481327263089,131,0,,0.0007016626771949131,-0.7855719643763782,-0.0005003056156838683,-2.3368434865516554,0.0027246026621204735,0.8719008316643775,0.793946757782975
1700818481338030614,132,0,,0.0006991524754755331,-0.7855843457388977,-0.0005027020718646258,-2.336843495709019,0.002724615325990477,0.8719016847125418,0.7939562182318833
1700818481348135371,133,0,,0.0006991540990298839,-0.7855870825189132,-0.0004999373809339458,-2.3368442313509536,0.0027239932849243203,0.8719008709111231,0.7939481659244149
1700818481358066321,134,0,,0.0007041741743417276,-0.7855922547531703,-0.0005045356291091609,-2.336844228650118,0.0027236349844001907,0.8718989405644183,0.7939497078136366
1700818481369020380,135,0,,0.0006993995952265284,-0.7855967537661493,-0.0005059376591595527,-2.336844228302532,0.002724957252408913,0.8719000207453681,0.7939518440460993
1700818481380423402,136,0,,0.0007016607284170583,-0.7855896295926029,-0.0005025416599422569,-2.3368434865558396,0.002723293061964005,0.8718999781261049,0.7939525561225084
1700818481390998883,137,0,,0.0007039402645892035,-0.7855889575437423,-0.0005053245397349592,-2.3368435689679514,0.0027232797467384045,0.8718997587807715,0.7939511319692764
1700818481402294868,138,0,,0.0007063047286806568,-0.7855790589735858,-0.0004974973133318034,-2.336840980898335,0.002723991823486156,0.8719016454606286,0.7939540820014146
1700818481413581072,139,0,,0.0007044021712538717,-0.7855741487311038,-0.0005017994556231975,-2.3368462706114115,0.0027273058601321627,0.8719008316646017,0.7939497034549798
1700818481422128205,140,0,,0.0007015301547965262,-0.7855687550177536,-0.0005006242660008001,-2.3368470155236114,0.0027239918796096575,0.871901645466685,0.7939482822083607
1700818481434102496,141,0,,0.0007016597662531784,-0.785568754695,-0.0005058489308730334,-2.336838939606492,0.0027232802337353737,0.8719016456281907,0.7939565903414647
1700818481446110000,142,0,,0.0007016597528403499,-0.7855729430962706,-0.0005026358104913729,-2.336849799474509,0.00272329744360869,0.8719024592687694,0.7939540819994955
1700818481457226710,143,0,,0.0006991553979786475,-0.7855818400977391,-0.0005054833134479289,-2.336846274794873,0.002723991985854528,0.8719012878388165,0.7939551548850206
1700818481468039220,144,0,,0.0007037990761760278,-0.7855790560370998,-0.0005025348523094987,-2.3368462746813754,0.0027258650732960195,0.8719008272474241,0.7939475715912183
1700818481478172029,145,0,,0.000699154135287008,-0.7855843467136184,-0.0005023973629071522,-2.3368435699855055,0.002723992364677064,0.871900831664527,0.7939486481775013
1700818481488986222,146,0,,0.0007016597528404787,-0.7855923751213915,-0.0005018070914227423,-2.336846273664338,0.002723142828910366,0.8719000178625184,0.7939547940722558
1700818481501760789,147,0,,0.000704165406623169,-0.785592375125349,-0.000500187972722837,-2.3368409808979216,0.0027232797546808823,0.8719016057302552,0.7939482836619847
1700818481510150324,148,0,,0.0006991542073008184,-0.7855921671196668,-0.0005052982018357238,-2.3368432062509954,0.0027246021750487012,0.8719024641137116,0.7939504198924535
1700818481521011061,149,0,,0.0006991540990579906,-0.7855869298337009,-0.0005045305884155254,-2.3368462706239734,0.0027232929517214018,0.8719008316646292,0.7939540820014146
1700818481531803603,150,0,,0.0007037932310229893,-0.7855818910776081,-0.0005018344163951611,-2.33684098089787,0.00272400497449977,0.8719024592687685,0.7939518304796302
1700818481541928759,151,0,,0.0007069495025125813,-0.7855790560851114,-0.0005005413536287607,-2.3368434875691375,0.002723991823708869,0.8719008316646019,0.7939533699243618
1700818481553120236,152,0,,0.0006963701475422505,-0.7855740448365316,-0.0005054598302775434,-2.3368485080613106,0.0027239918234861567,0.8719024592687685,0.7939547940782374
1700818481563035430,153,0,,0.0007041650819005997,-0.7855740450505281,-0.000505561588112971,-2.336849796455752,0.0027246460115122276,0.8719016459512019,0.7939475715851618
1700818481573053106,154,0,,0.0007014494401444742,-0.7855740447295393,-0.0005024536716067242,-2.3368485263886005,0.0027232797474056134,0.8719016454666932,0.7939555061550604
1700818481583096049,155,0,,0.0006992333296930644,-0.7855766283844569,-0.0005002405890259331,-2.336846270649613,0.0027232797466632515,0.871902812965995,0.7939533699245916
1700818481593077416,156,0,,0.0006991628708012719,-0.7855820741042415,-0.0005024877469207401,-2.3368457117917263,0.0027246036362641086,0.8719008316825715,0.7939569303087062
1700818481604294855,157,0,,0.0007016597528567798,-0.7855843457510817,-0.0004992226739980095,-2.3368462797729648,0.002723279746665989,0.8719005740366295,0.7939562182318833
1700818481615638198,158,0,,0.0007044021711054112,-0.7855875544133278,-0.0004980400395974959,-2.3368434865517043,0.0027236348220181688,0.8719008316585536,0.7939525561225084
1700818481626060737,159,0,,0.0007063748730366053,-0.7855900591081021,-0.0004978958552867834,-2.3368434957467037,0.0027275406529268017,0.8718997587809958,0.7939497078156306
1700818481636172560,160,0,,0.0006998643216781745,-0.785586862972038,-0.0005024578337591282,-2.33684571179188,0.0027246022472074776,0.871905991377697,0.7939542017012773
1700818481646782233,161,0,,0.0006991662263317751,-0.7855839461277058,-0.0005055351614414094,-2.3368463530402717,0.0027246021750490634,0.871901645486624,0.793947936101354
1700818481661623792,162,0,,0.0007016597529087331,-0.7855843804653692,-0.0005017201912373063,-2.336841063314634,0.002724004974425227,0.8719011995743198,0.7939525561165267
1700818481669156306,163,0,,0.0007062425414168597,-0.7855765533794413,-0.0005053245350977444,-2.336840980898335,0.0027239918235603933,0.8719008316666788,0.7939555061550604
1700818481680757737,164,0,,0.0007001802428684994,-0.78557656004877,-0.0004996249599619638,-2.336845804495929,0.002723991823486156,0.8719005774282467,0.7939489957388076
1700818481690039892,165,0,,0.0007019052663377646,-0.78557404505069,-0.0005033284067312839,-2.336846270650666,0.0027232797466632394,0.8719024592506811,0.7939569347238651
1700818481701178250,166,0,,0.0007017419109964071,-0.785576551667288,-0.000507824337203719,-2.3368434866647068,0.002722314302499095,0.8719016455736824,0.7939547935937455
1700818481712281523,167,0,,0.0007044031096790011,-0.785576550383324,-0.0005034251905845701,-2.336845711791725,0.002722670854311683,0.8719018913027318,0.7939497078156278
1700818481722049944,168,0,,0.0007016607310567474,-0.7855765503833169,-0.000497396080806027,-2.336846270649096,0.0027278153878531604,0.8719013736421477,0.7939518440460993
1700818481733214353,169,0,,0.0007041654066286911,-0.7855818487636518,-0.0004996150229316744,-2.3368434865516527,0.0027240049925639077,0.8719024195262103,0.7939511319692764
1700818481744192413,170,0,,0.000701896589484809,-0.7855790647039419,-0.0005048455547203308,-2.336843596440051,0.002723992310632313,0.8719008491069804,0.7939525168766517
1700818481754999999,171,0,,0.00070166018715098,-0.7855892174390555,-0.0004971181488995576,-2.3368434957096396,0.0027232799090232615,0.8719016454667836,0.7939562182316617
1700818481765750197,172,0,,0.0007041644324524133,-0.7855868600845739,-0.0005048192160128017,-2.3368434875691895,0.002723991823487072,0.8719010775006478,0.7939479248523797
1700818481777659927,173,0,,0.0007016591033808861,-0.7855889661021467,-0.000502541442864728,-2.3368434868908317,0.0027232797466632394,0.8719024592867136,0.7939562182378659
1700818481787110176,174,0,,0.0007078964160638041,-0.7855864519360242,-0.0005002666433349578,-2.336849054671172,0.002726475424857603,0.871900831664602,0.7939548338146672
1700818481797662113,175,0,,0.0007016636656407543,-0.7855765507399776,-0.0004971623153277205,-2.3368470123581018,0.0027226826001589014,0.8719008316646019,0.7939533655646138
1700818481807661806,176,0,,0.0007017737332478062,-0.7855775908265137,-0.0004995945288235844,-2.3368470123706633,0.002723634822241797,0.8719027051048145,0.7939486651316374
1700818481818017664,177,0,,0.0007016630007868669,-0.7855741227365473,-0.000497425179936263,-2.3368434865558396,0.002723442105940138,0.8719016454726668,0.793954795532012
1700818481829173351,178,0,,0.0007040270368695668,-0.7855765243833771,-0.0005047461908359292,-2.33684098089787,0.002726475425774126,0.8719024636832545,0.7939587248058865
1700818481839237860,179,0,,0.0007016597929304371,-0.7855766283840165,-0.0005001617809133127,-2.336841228146767,0.002723991877605262,0.8719008316646766,0.7939511320237844
1700818481848903029,180,0,,0.0007016686288029512,-0.7855792900418409,-0.0005030809100196938,-2.336841063318356,0.002725274797138973,0.8719008316646019,0.7939562182318842
1700818481860108212,181,0,,0.0007042355485814386,-0.7855843457519623,-0.0005001584974381368,-2.336843486552118,0.0027271875555768873,0.8719000119756399,0.7939547942417617
1700818481870934838,182,0,,0.0007012856292541459,-0.785584422467812,-0.0005018227314966777,-2.3368434865516527,0.002725057067590945,0.8719000183470019,0.7939504198924544
1700818481880938949,183,0,,0.0007017650015606346,-0.7855850480831935,-0.0005054602596531025,-2.3368434865516527,0.002723319217520456,0.8719024592687766,0.7939504198924535
1700818481891660875,184,0,,0.0007076596569324171,-0.7855915420887886,-0.0005031105647661725,-2.33684098089787,0.0027226693971060664,0.8719016454666851,0.7939547809962852
1700818481902102681,185,0,,0.000701896530685914,-0.7855889921183797,-0.0005047412953617157,-2.3368439479976857,0.002724957250403589,0.8719000178625185,0.7939509030870019
1700818481913142226,186,0,,0.000703870193444737,-0.7855790560848499,-0.0004973985658728075,-2.3368434957257684,0.0027239918254905664,0.8719001512395623,0.7939482834825341
1700818481923833818,187,0,,0.0006994970267501374,-0.7855868514044245,-0.0005024763310317788,-2.3368492508255323,0.0027240049744252383,0.871900844742713,0.7939518440460982
1700818481935229662,188,0,,0.000699469847104783,-0.7855818391695472,-0.0005020331361331436,-2.336838206012301,0.002723279746737477,0.8719000178625923,0.7939511319692764
1700818481946149408,189,0,,0.0006991804039954638,-0.7855740447295286,-0.000500272846309688,-2.3368490547842757,0.002724602175048656,0.8719016454666851,0.793954446516931
1700818481956341446,190,0,,0.0006991773718974432,-0.785576316486894,-0.0005005592294590381,-2.3368410083699716,0.002724606558695013,0.8719016454666851,0.7939518440281542
1700818481966282622,191,0,,0.0006994960404753121,-0.7855740447255728,-0.0005046068625258337,-2.3368442282988084,0.002723319199554691,0.8719016459512019,0.7939540820014143
1700818481976046100,192,0,,0.0007023191430065561,-0.7855820744212709,-0.0004992115267106143,-2.336849057849241,0.002723991824154294,0.87190083166461,0.7939525561225084
1700818481987259608,193,0,,0.00070165977070704,-0.7855759264825164,-0.0005046085177732521,-2.336844476564743,0.002724724971265751,0.8719024592687685,0.7939547940782374
1700818481997970311,194,0,,0.0007016597889215214,-0.7855818400933364,-0.0005018068152608629,-2.3368409809034585,0.002723991824179344,0.8719016454666851,0.7939540820014146
1700818482008056193,195,0,,0.0007044284381805531,-0.7855868517254165,-0.0004973464177134138,-2.336843489604108,0.002723279746663251,0.8719008321491186,0.7939547940782374
1700818482019125492,196,0,,0.0006970831485595689,-0.7855846058614409,-0.000503188126627665,-2.3368462706114284,0.002724602175048656,0.8719048243810759,0.7939555458914902
1700818482030700264,197,0,,0.0007062959662585537,-0.7855818400983268,-0.0004998237153166901,-2.336843514136806,0.002723281207878692,0.8719016450478921,0.7939565790388906
1700818482041090173,198,0,,0.0007019005343568309,-0.7855845797540616,-0.0005070452110526846,-2.3368484958516387,0.0027239918234944044,0.8719008316645995,0.7939525561285649
1700818482051317033,199,0,,0.0006993908315361313,-0.7855818401008213,-0.0005003342863649396,-2.3368462981211957,0.002723991823486156,0.871902244515441,0.7939539642638447
1700818482061829376,200,0,,0.0007051123215639139,-0.7855790560370998,-0.0005079655911330049,-2.3368485050090047,0.0027258650732951027,0.871902459276744,0.793953369923927
1700818482071948411,201,0,,0.0006991541150934671,-0.7855790563580921,-0.0004995555325412187,-2.336841723021562,0.0027226694492198298,0.8719009098272477,0.7939547940782374
1700818482083219181,202,0,,0.0007016685205589239,-0.7855790560727673,-0.0004970891041040367,-2.336845795229698,0.0027250585107667018,0.871899435493693,0.7939482836619848
1700818482092891327,203,0,,0.0006994171307626346,-0.7855791343592328,-0.0005058616615769158,-2.3368434865907504,0.0027254121429703157,0.8719027050811702,0.7939555061550604
1700818482104247388,204,0,,0.0007040280125270047,-0.785579058926473,-0.0005047373186547035,-2.3368462706114115,0.0027232812158964367,0.8718994864599782,0.7939495900780607
1700818482114009152,205,0,,0.0006991541391640653,-0.7855790589260797,-0.0005055270468490414,-2.3368470123581018,0.002724641627890752,0.8719024592322056,0.7939540819994206
1700818482124386902,206,0,,0.0006991540990580586,-0.7855843457506902,-0.0005005632337919197,-2.3368412312117837,0.0027246021757167936,0.871899305785695,0.7939518440460993
1700818482134917265,207,0,,0.0007016631083868833,-0.7855825421071191,-0.0005031676008438615,-2.33684852336268,0.0027226693951007425,0.87190323650728,0.7939562180165425
1700818482145991359,208,0,,0.000706535613225922,-0.7855820741042415,-0.0004998324827596889,-2.336846517873025,0.0027239962071325128,0.8719016454848545,0.7939504198924523
1700818482156911413,209,0,,0.0007041663941940057,-0.7855818402051769,-0.000499691188453375,-2.3368472597214485,0.0027246026621452193,0.871900831664602,0.7939551517061061
1700818482168005559,210,0,,0.0006991804022186316,-0.785583946163307,-0.0005054737525471542,-2.3368434865572363,0.002724110181940548,0.8719008360252526,0.7939511319712952
1700818482179226486,211,0,,0.0007040864987418454,-0.7855843544293235,-0.0005053024593112394,-2.3368434876068225,0.0027239918241542924,0.8719017632042796,0.7939525301221283
1700818482188873577,212,0,,0.0007016598597474013,-0.7855811620680287,-0.0005027012154545221,-2.3368382059954955,0.0027243468988410965,0.871901645468679,0.7939533743393101
1700818482199907519,213,0,,0.000699154099057983,-0.7855791343711207,-0.0005027247609888088,-2.3368434865517043,0.0027239918254905664,0.8719031712910833,0.7939497034550047
1700818482210030960,214,0,,0.0007019227843970473,-0.7855843460729602,-0.0005027148994406137,-2.336841228146767,0.0027232841303096306,0.8719016057302543,0.7939497078155566
1700818482220186486,215,0,,0.000699157026084695,-0.7855790560371051,-0.0004998227062888056,-2.3368490638327235,0.0027239918235603933,0.8719016410508533,0.7939523272406723
1700818482231551455,216,0,,0.0006991540995035046,-0.7855818400968585,-0.0005030925840387899,-2.336843486553049,0.0027232797466632507,0.8719017762855342,0.7939525556379916
1700818482241941278,217,0,,0.0006991834290204057,-0.7855790561559858,-0.0004979085276332957,-2.336844228298343,0.0027240327375188224,0.8719024592687958,0.7939497078136366
1700818482252358503,218,0,,0.0007016618099800643,-0.7855864517814254,-0.0005026894897409135,-2.3368434865642143,0.0027232797473561218,0.8719016454666851,0.7939555061550604
1700818482262932522,219,0,,0.0007016597528518868,-0.7855850478084564,-0.0004973268419939419,-2.3368434865516527,0.0027232797466632433,0.8719016454666851,0.7939518440460993
1700818482274316265,220,0,,0.000702396241199239,-0.7855843727179616,-0.0005006507851433036,-2.336846270649096,0.00272327980078233,0.8719008360252526,0.7939460455446465
1700818482284325385,221,0,,0.0007018994162867181,-0.7855844237522381,-0.0005049586208974978,-2.336846270611412,0.00272331919948137,0.8719016444795561,0.7939576423855264
1700818482293956019,222,0,,0.00070168638478499,-0.7855818402051769,-0.0005052146232881496,-2.336851838843983,0.002723279747331376,0.8719016585486206,0.7939482836619848
1700818482304017031,223,0,,0.0006966101236973268,-0.7855843486395743,-0.0005034346391240418,-2.3368462706114133,0.002723281207878703,0.8719019988411221,0.7939523272406723
1700818482315242231,224,0,,0.0007042444256889234,-0.7855790563581083,-0.0005046155113671557,-2.3368435170762076,0.002723996261259852,0.871902463631414,0.7939547984754511
1700818482325144440,225,0,,0.0006991541003955742,-0.7855764752711133,-0.0004996249813147173,-2.3368484961911618,0.0027239918235613097,0.8719024607223926,0.7939547940783118
1700818482335909005,226,0,,0.0007041654066231766,-0.7855790560366757,-0.0005054569025849725,-2.3368409809104334,0.0027232797466632394,0.87190083166461,0.7939547942417617
1700818482346133497,227,0,,0.0007009817289266367,-0.785581869093167,-0.000501833121500702,-2.3368434865516527,0.002724602175048656,0.8719016454666851,0.7939540815169006
1700818482356863117,228,0,,0.0007048794847627955,-0.7855790560372634,-0.000502071249214865,-2.3368434865516527,0.0027246416278658703,0.8719016454666851,0.7939540820014118
1700818482367446514,229,0,,0.0006963697266671811,-0.7855797581543579,-0.0005073596571852128,-2.3368462706114115,0.002723279747331376,0.871901641536043,0.7939497078156306
1700818482377403857,230,0,,0.0007069494663766464,-0.7855767843986274,-0.0005005690674331147,-2.3368434865516527,0.0027232797466632507,0.8718992411024008,0.7939540824919877
1700818482388214949,231,0,,0.000699153990815912,-0.7855818429871105,-0.0004992377970522763,-2.3368434865516527,0.0027239932847016083,0.8719048243629065,0.7939497078156332
1700818482398099124,232,0,,0.0006999431937258656,-0.7855818400969073,-0.0005056941401735333,-2.3368464545559,0.002724606558719759,0.8719024607761536,0.7939555061550604
1700818482408233467,233,0,,0.0007017656282929195,-0.7855864781027958,-0.0004995382836806651,-2.3368462981337745,0.002723279746737477,0.8719008316646273,0.7939547940782374
1700818482418840543,234,0,,0.0006991541008503896,-0.7855846057905532,-0.000500377696078162,-2.336840980898336,0.002723292897602312,0.8719008321491186,0.7939533699245916
1700818482428989844,235,0,,0.0007041654066231791,-0.7855790589274988,-0.0005055293925368035,-2.3368462991009964,0.0027246022292419843,0.8718976130137867,0.7939497078156306
1700818482440256703,236,0,,0.0007069582341005,-0.7855790560384214,-0.000503434953286432,-2.3368434865646797,0.0027264754248823827,0.8719016483556162,0.7939562182318833
1700818482450037141,237,0,,0.0007016608713576437,-0.7855811620678818,-0.000502616615743303,-2.3368434865516527,0.002723279747331376,0.8719040105789905,0.7939555061371153
1700818482461192119,238,0,,0.0006991544237940105,-0.7855818443173134,-0.0005018246277781655,-2.336846270649096,0.0027239918234861593,0.871900831682547,0.7939504198924534
1700818482470983744,239,0,,0.0007016597528457737,-0.7855811621749508,-0.0004973558350227427,-2.336846270611412,0.0027239919858434284,0.8719008315010777,0.7939540820014146
1700818482482213120,240,0,,0.0006991540990573795,-0.7855792929413402,-0.0005048434995237554,-2.3368434865516527,0.0027246021750495725,0.8718967992116996,0.7939540820014146
1700818482492419682,241,0,,0.0007016608352746642,-0.7855790560411117,-0.0005027684256333139,-2.3368462706114115,0.002723281207878692,0.8719008316100937,0.7939540815168978
1700818482502793523,242,0,,0.0007037903084562466,-0.7855817630586954,-0.000497159284647851,-2.33684635302771,0.0027232798007905787,0.8719024592687682,0.7939537344401053
1700818482516017090,243,0,,0.0007024502546753008,-0.7855843460677198,-0.0004995274496960757,-2.336843495713206,0.0027226693951034886,0.871901645466685,0.7939547940244023
1700818482528058143,244,0,,0.0007045074560556873,-0.7855838681265005,-0.0005073343392159685,-2.336846356080168,0.002724004974425227,0.871901645466685,0.7939555066456335
1700818482537054655,245,0,,0.0006992339846462414,-0.7855772524050257,-0.0004971067473697536,-2.3368434960486635,0.002723279746737477,0.8719016057302552,0.7939482836619874
1700818482547871701,246,0,,0.0006998731606736214,-0.7855811630348217,-0.00050332086539436,-2.3368409808979234,0.0027232797466632394,0.8719035189066735,0.7939562182318833
1700818482561666261,247,0,,0.0007069523569334286,-0.7855845799086189,-0.0005003787422308428,-2.33684098089787,0.0027232797466632394,0.8719016498333175,0.7939511319692764
1700818482569593624,248,0,,0.000704401810348814,-0.7855818404218162,-0.0004980361081597663,-2.3368434865516527,0.0027232797466632394,0.8719024234024901,0.7939562095650899
1700818482579905300,249,0,,0.0007023962452027567,-0.7855826201082646,-0.0005020415584770604,-2.3368434865516527,0.002723991823486156,0.8719008316639945,0.7939518440459525
1700818482589022425,250,0,,0.0006996198482665264,-0.7855793170170865,-0.0005048461012723755,-2.3368442293158282,0.002722669395100739,0.8719008316646017,0.7939518440460993
1700818482600303904,251,0,,0.00070629595071771,-0.7855818400983317,-0.0004992455988658185,-2.336843489608301,0.0027241101819377987,0.871901645466685,0.7939547945149754
1700818482610884277,252,0,,0.000701660089597575,-0.7855818411668329,-0.0005003758626472985,-2.3368457117917414,0.0027246066134822408,0.871901645466685,0.7939576423855316
1700818482622059638,253,0,,0.000698500430345263,-0.785579290040526,-0.0004999289258638841,-2.3368434865642143,0.0027236348220432234,0.8719036366444678,0.7939497078156306
1700818482633045800,254,0,,0.0006985094671804887,-0.7855819213092429,-0.0005000039626260954,-2.3368409819153553,0.00272327974866765,0.8719008331247984,0.7939482836619848
1700818482642915983,255,0,,0.0006991629030073377,-0.7855765802369803,-0.000502488068829543,-2.336849054671187,0.0027239918234861897,0.8719016459512265,0.7939518455178189
1700818482654129901,256,0,,0.0007041657314031845,-0.785581841060004,-0.000505325389648077,-2.3368462706114115,0.002723284292666869,0.8719017632042578,0.7939511319692846
1700818482663926548,257,0,,0.0007062959622385312,-0.7855687579049396,-0.0005078344122225146,-2.336846270950573,0.002717278118732915,0.8719141707593182,0.7939555061550604
1700818482675032832,258,0,,0.0007016597648673231,-0.7855767929108833,-0.0005054511822690851,-2.3368543474371695,0.0027200806243392636,0.8719016459512757,0.7939533699245916
1700818482685242507,259,0,,0.000704875700070099,-0.785579082041587,-0.0005025091976098178,-2.336859916574222,0.0027239918261587033,0.8719000178625266,0.7939504218547463
1700818482695898718,260,0,,0.0007069499394464705,-0.7855868600713644,-0.0005027512259301542,-2.336849907775983,0.002722669395100754,0.871900831718437,0.7939489957388187
1700818482706839250,261,0,,0.0007069494663899523,-0.7855902930720348,-0.0005052235512878201,-2.3368252997588863,0.002723991823486156,0.8719031713455924,0.7939511319692764
1700818482716642535,262,0,,0.0006985005949084697,-0.7855868894043699,-0.000502781096321221,-2.3368245549579068,0.002728510417137754,0.8719071429913984,0.7939555061550604
1700818482726852311,263,0,,0.0007016688573161992,-0.7855722767163765,-0.0005027450216208938,-2.3368434865516527,0.0027246022472101933,0.8719063546206549,0.7939538487240426
1700818482738261362,264,0,,0.0007024751867988121,-0.7855715391155808,-0.0005034251917722727,-2.3368599125042295,0.0027239932847020155,0.8718998765365354,0.7939504198951562
1700818482747853518,265,0,,0.0007038994316460952,-0.7855715390757517,-0.0005027547631892428,-2.3368629441520468,0.002722669395125485,0.8719008316484267,0.7939530262355431
1700818482758862122,266,0,,0.0007062960831195225,-0.7855722410860116,-0.0005020712183370701,-2.3368575871113535,0.0027226708563161915,0.871902744350671,0.7939540819833957
1700818482769836640,267,0,,0.0007018935707494787,-0.7855843497135098,-0.000501965606886651,-2.336841732875402,0.0027246021750569047,0.8719024592749717,0.7939518441006073
1700818482779978418,268,0,,0.0007016600815303181,-0.7855868552563995,-0.0005017278988171916,-2.3368354129041413,0.002724602175048656,0.8719032105914482,0.7939504596288842
1700818482790977616,269,0,,0.0006963612717415957,-0.785584648137923,-0.0005006497855892126,-2.336838196838112,0.0027232797466632394,0.8719035250430396,0.7939547940784617
1700818482801659992,270,0,,0.0007041754731145168,-0.7855790560846542,-0.000501988413745909,-2.3368518417833846,0.0027236348220181688,0.8719011843927282,0.7939530398080685
1700818482811982712,271,0,,0.0007048759167272503,-0.7855740456925117,-0.0005019655974660525,-2.3368540914431524,0.0027227088539311856,0.8719008313415078,0.7939475715313349
1700818482821964611,272,0,,0.0007044373542339369,-0.7855818400968638,-0.00050735804098474,-2.3368459621434776,0.0027271875019032658,0.8719024608838225,0.7939540820014143
1700818482832244961,273,0,,0.0006992680840041045,-0.7855818516525829,-0.0005026762040535195,-2.3368381968800356,0.0027239918776052504,0.8719036383652564,0.7939525561225084
1700818482843129696,274,0,,0.0006998642849041152,-0.7855820770249408,-0.000503433995023152,-2.3368434865516527,0.0027239932847019136,0.8719024636320556,0.7939547945688106
1700818482852936926,275,0,,0.0006991541110844392,-0.7855864517854358,-0.0004980620907046435,-2.3368472596069987,0.002724004974449973,0.8719008709105324,0.7939511319692846
1700818482862906327,276,0,,0.0007023699380437653,-0.7855896594811329,-0.0005026907912391276,-2.336843486568401,0.0027239932849243208,0.8719017632049196,0.7939511319692764
1700818482874123990,277,0,,0.0007019081755417984,-0.7855923751372378,-0.0005000299200886165,-2.3368462706114115,0.002726636680265239,0.8718996633597208,0.7939500666797438
1700818482886798537,278,0,,0.0007041657355605463,-0.7855851289759287,-0.000504843187118947,-2.3368434865516527,0.0027243449727280275,0.8719055502784931,0.7939504198864719
1700818482895179656,279,0,,0.0006999433019729945,-0.7855793680460813,-0.0005004011928886546,-2.3368434865516527,0.002725057055564176,0.8719047990038149,0.7939547940782374
1700818482905960551,280,0,,0.0007019052534150027,-0.785579298816072,-0.0005052897460604041,-2.3368434865516527,0.0027271875076937857,0.8719025770063388,0.7939569303087062
1700818482916247761,281,0,,0.0006998642884182406,-0.7855786593071415,-0.0005080584714566073,-2.336849301920067,0.0027226696115772043,0.8719035245602951,0.7939562182318833
1700818482926150115,282,0,,0.0006991542073014522,-0.7855741230521073,-0.0005052995353785147,-2.3368490547088547,0.00272543261035621,0.8719008317184374,0.7939518440460993
1700818482937038116,283,0,,0.0007024488475106614,-0.785581840085019,-0.0005002743256581121,-2.3368410083699693,0.0027239918235603933,0.8719019986793949,0.7939489957388076
1700818482947856118,284,0,,0.0007069504450273544,-0.7855846481379011,-0.0004969809307228431,-2.3368410636534858,0.002724602662120474,0.8719024597552791,0.7939562182318833
1700818482958741974,285,0,,0.0007038253793409461,-0.7855868639706801,-0.0004946020946348422,-2.3368434865530543,0.002725314251879821,0.8719016454666934,0.7939489957388076
1700818482968984889,286,0,,0.0007070065926350993,-0.7855818404179217,-0.0004999045311490965,-2.33684098089787,0.00272403127630337,0.8719016847125418,0.7939555061012252
1700818482980315443,287,0,,0.0006992623946161053,-0.7855846507058418,-0.0005045276511645728,-2.33684905467117,0.002723991823708868,0.8719008316648234,0.7939489957388073
1700818482991039195,288,0,,0.000699890624108822,-0.7855825537143754,-0.0005071111048636582,-2.33684098089787,0.002727797853243021,0.8719000178625185,0.7939555061550604
1700818483000923261,289,0,,0.0007016568427937682,-0.7855811881873445,-0.0005052036994042308,-2.3368434865516527,0.0027272270086168247,0.8719016454666851,0.7939482836619848
1700818483011911503,290,0,,0.0006991541351220985,-0.7855740447415699,-0.0004979042945552407,-2.3368434865516527,0.002724615344250442,0.8719020117613471,0.793956575859752
1700818483025533737,291,0,,0.0007016860559961551,-0.7855790560370998,-0.0005027025054194567,-2.33684098089787,0.0027246021751229964,0.8719024592708362,0.7939557747753451
1700818483032933357,292,0,,0.0007091150933114856,-0.7855792988143108,-0.0004971940288957688,-2.3368462706114115,0.0027239976683479665,0.8719016454666851,0.7939555062095686
1700818483044417587,293,0,,0.000701660125876765,-0.7855818404192213,-0.0004992982991249051,-2.3368434865893373,0.002723279746696234,0.871905760765894,0.7939562579683135
1700818483055392977,294,0,,0.0007041654066252748,-0.785586926516635,-0.0005026338691715267,-2.3368410083699698,0.00272718750168052,0.8719012937786519,0.7939532872734557
1700818483064770905,295,0,,0.0007023533772764698,-0.7855839461289126,-0.0005004108890509326,-2.336840980898335,0.0027239918776052465,0.8719049421126872,0.7939547941509149
1700818483074958598,296,0,,0.0007041663925607107,-0.7855790560727655,-0.0005001661925430602,-2.33684098089787,0.0027271935089005182,0.8719024460791208,0.7939555061550616
1700818483085924583,297,0,,0.0006998642842662324,-0.785576550383317,-0.0005006507650910314,-2.3368434865516527,0.002723279764736847,0.8719016454666106,0.7939511319692764
1700818483097252476,298,0,,0.000699943197736715,-0.7855790555021124,-0.0005024352225151337,-2.3368434865516527,0.0027240049744253294,0.8719024592687684,0.7939504198924535
1700818483106914534,299,0,,0.000699162880139394,-0.7855818404178417,-0.000499210995874659,-2.336843495709019,0.0027281529288206616,0.8719024597532853,0.7939555056705436
1700818483116860334,300,0,,0.0007018977803113464,-0.7855825421071245,-0.0004980397027857734,-2.3368434865518077,0.0027243601099124835,0.8719027051048227,0.793956930308698
1700818483127936873,301,0,,0.0007010314139555796,-0.7855820750672186,-0.0005046084029168043,-2.336846270649096,0.002723279748742227,0.8719007919341537,0.7939555061550604
1700818483138089447,302,0,,0.0006998642736196926,-0.7855818401008376,-0.0004996150229793253,-2.336843486551653,0.0027232797466632745,0.8719011804614799,0.7939489957388076
1700818483148811472,303,0,,0.0007016685245677895,-0.7855839464842987,-0.0005005718758858576,-2.336843742957916,0.0027236348220181688,0.8719032890851304,0.7939555061550604
1700818483159161846,304,0,,0.0007026329697488846,-0.7855812661050737,-0.0004995389359652379,-2.336840981919697,0.0027239918294993883,0.8718976566222852,0.7939511319692764
1700818483169060980,305,0,,0.0007016626918946411,-0.7855742787703818,-0.0005033283394664593,-2.3368462980835285,0.0027239918234862573,0.8718987799748074,0.7939536687425441
1700818483180121804,306,0,,0.0007017396365148482,-0.7855740360640617,-0.000497033631696924,-2.336849055010487,0.002723991823486156,0.8719011893832922,0.7939504198987343
1700818483190243971,307,0,,0.0006991541004102165,-0.78557685277043,-0.0004995856932774479,-2.3368462707244713,0.0027232797466632394,0.8719000193221267,0.79395550762678
1700818483201181641,308,0,,0.0006991629028570925,-0.7855819182565132,-0.0005006216667953395,-2.336843486551653,0.0027239918776052465,0.8719016454666934,0.7939490001539747
1700818483213676322,309,0,,0.0006992333693855724,-0.7855843456440851,-0.0005027024705341244,-2.3368434865516527,0.002723991823486461,0.8719016590331541,0.7939548073782471
1700818483223156689,310,0,,0.0007019316608065288,-0.7855811620678812,-0.0005048542314664628,-2.3368434865516527,0.0027241101819377987,0.8719008316646784,0.7939547940783125
1700818483233354748,311,0,,0.0007041741789465133,-0.7855843547740928,-0.000502043965673099,-2.3368434865516527,0.0027239918254905664,0.8719035190684035,0.7939533699245916
1700818483243808891,312,0,,0.0007016600776201112,-0.7855846057901583,-0.0005006507976271159,-2.3368434865516527,0.0027253187978752134,0.8719020379312341,0.7939555061550604
1700818483254001639,313,0,,0.0007038169363416308,-0.7855826462200405,-0.0005006469772563506,-2.3368437338005497,0.002724606558772,0.8719032120516448,0.7939504198924535
1700818483264908219,314,0,,0.0007016600897479553,-0.7855790558276554,-0.000497660855500314,-2.3368410083713655,0.0027244652573174743,0.8719016454669148,0.7939551529423506
1700818483276207286,315,0,,0.0007041654427062171,-0.7855818400968573,-0.0005078330085327028,-2.3368381968382663,0.0027239918261587038,0.8719008331719873,0.793957629301583
1700818483285960259,316,0,,0.0006963700392992187,-0.7855765850504902,-0.0005006148615901129,-2.3368437338005497,0.0027239962071325583,0.8719059913958919,0.793954082001193
1700818483296865679,317,0,,0.0007019752824669345,-0.7855797580475561,-0.0005026731731385062,-2.3368434875705337,0.0027239918235109017,0.8719016454866241,0.7939533699245916
1700818483307431224,318,0,,0.0006991891752751377,-0.7855792900524086,-0.0005002374537406533,-2.3368462706114284,0.0027239932847016083,0.8719024592687689,0.7939537275524603
1700818483317738382,319,0,,0.000696378915458612,-0.7855818400981794,-0.0005019803315190648,-2.33684098089787,0.0027246021750569047,0.8719024592687685,0.7939504198944723
1700818483328939253,320,0,,0.0006991800775387604,-0.7855818402038559,-0.0005027020813184457,-2.33684098089787,0.0027295751561307244,0.8719031713455915,0.7939534082074712
1700818483339237287,321,0,,0.0007018964816813178,-0.785579056144099,-0.0005025320371514903,-2.3368434865516527,0.0027246158852183328,0.8719005725830792,0.7939497076547732
1700818483349025764,322,0,,0.0007009495845810464,-0.7855850480818961,-0.000502721870779035,-2.3368434865516527,0.0027240312765355527,0.8719040105608205,0.7939565790386636
1700818483359906430,323,0,,0.0007018964772324494,-0.7855843573103305,-0.0005045794629348809,-2.336846270724465,0.0027241101821605124,0.8719008321670636,0.7939542144622371
1700818483370220330,324,0,,0.0007062987805733649,-0.785584345750837,-0.000503320974826673,-2.3368434865516545,0.0027226693971051535,0.871902465082978,0.7939518440483425
1700818483381562303,325,0,,0.0006991544358306549,-0.7855818402038559,-0.0004970810856308861,-2.33684098089787,0.0027246028244777573,0.8719024592688013,0.7939518440460993
1700818483391217751,326,0,,0.0006991544237933997,-0.7855843458576406,-0.0005027458695326767,-2.3368434865516527,0.002724720533511297,0.8719008360252526,0.7939518440460993
1700818483402216085,327,0,,0.000696291131270635,-0.7855791350368833,-0.0005017455557916542,-2.336846270950573,0.0027241101826059357,0.8718992538614331,0.7939511305157261
1700818483413165019,328,0,,0.0006991544233422584,-0.7855818400973044,-0.0005020670273033216,-2.336838279254412,0.002724031276971511,0.871905638165062,0.7939562182318751
1700818483425552897,329,0,,0.0007023728606219064,-0.7855765503833169,-0.0005052380440575009,-2.336846270612807,0.0027239918241543037,0.8719031713994263,0.7939525561225084
1700818483433094576,330,0,,0.0007045365507951539,-0.7855790560370998,-0.0004999043630849743,-2.3368412284859286,0.002723991823486167,0.871901645466686,0.7939522004922316
1700818483443078340,331,0,,0.0006991544725065224,-0.7855790560370998,-0.0005025151041029567,-2.336846517864501,0.002724606558695013,0.8719008316646019,0.7939548073418096
1700818483453978348,332,0,,0.0006991551093315849,-0.7855820741002787,-0.0005005369302628987,-2.33684571179312,0.0027239918235109017,0.8719024597532853,0.7939504198925283
1700818483465780489,333,0,,0.0006991804022187598,-0.7855818660985594,-0.0004981442694052223,-2.3368457118042856,0.002723996207132513,0.8719016454666878,0.7939576423855291
1700818483474962425,334,0,,0.0007048496143256177,-0.7855825425355493,-0.000500639183855882,-2.3368434865893373,0.0027239919859176655,0.8719008301928822,0.7939547940782374
1700818483486036694,335,0,,0.0007016597567026467,-0.7855872625871148,-0.0005026758793124935,-2.33684098089787,0.0027249577374763197,0.8719016453031524,0.7939516137102991
1700818483497173813,336,0,,0.0007041770969146029,-0.7855825420952958,-0.0005031628140647483,-2.336841011422425,0.0027253142538787327,0.8719035203604472,0.7939525561045551
1700818483507275825,337,0,,0.0007013635643322495,-0.7855818665371167,-0.0005001837271165901,-2.3368434865521697,0.0027239919858434622,0.8719008491251745,0.7939547940782371
1700818483517864773,338,0,,0.0007016684969508403,-0.7855819270859334,-0.0005006382091797848,-2.3368462706114115,0.0027232798007832465,0.8719048243811718,0.7939489957388076
1700818483529128576,339,0,,0.0006991539908652727,-0.785584336121362,-0.0005019893036786544,-2.3368462706114115,0.0027246021750489615,0.8719008447644991,0.7939562182318833
1700818483539903602,340,0,,0.0007062959983135666,-0.7855864528513435,-0.0005078067020013397,-2.3368462706114115,0.0027232797466632394,0.8719024592688425,0.7939525561225084
1700818483550073088,341,0,,0.000701694859796268,-0.7855783540625229,-0.0005045909841849321,-2.33684098089787,0.0027232797466632394,0.8719000222231692,0.7939555061550604
1700818483560822968,342,0,,0.0006991540992555593,-0.7855818727409731,-0.0004998614634275296,-2.33684098089787,0.002724602175048656,0.8719017632042796,0.7939504198924535
1700818483572420509,343,0,,0.000697407552661436,-0.785579056053,-0.0004998237122536778,-2.3368410633141687,0.0027239932847016083,0.8719016498280004,0.7939525561225084
1700818483582133595,344,0,,0.0007070149327252573,-0.7855868514044245,-0.0005002728004446546,-2.336844228299739,0.0027239918235109017,0.871901645466759,0.7939489957388076
1700818483592835190,345,0,,0.0006961420990134078,-0.7855818401325242,-0.0005053023515708329,-2.336849054675357,0.0027250575366227613,0.8719024550151152,0.7939569303087062
1700818483604769107,346,0,,0.0006963788057304371,-0.7855791438106736,-0.0004995899978427355,-2.3368462706114115,0.0027232797526792214,0.871901645466661,0.7939504198924535
1700818483613763074,347,0,,0.0006964492736444168,-0.7855818400983449,-0.000499937328230699,-2.336845711791724,0.002724123495234245,0.871901645466685,0.7939554669092037
1700818483625409846,348,0,,0.0007038169376779711,-0.785574044729534,-0.0005045353043838658,-2.336849063866221,0.0027232799112503845,0.8719009494021718,0.7939565885747448
1700818483635826492,349,0,,0.0007016599012239834,-0.7855820750632557,-0.0005054502074937454,-2.3368434865516696,0.002725058997838523,0.8719051775940045,0.7939540820074711
1700818483646415272,350,0,,0.0006991625420540489,-0.7855820754952246,-0.0004969776815347271,-2.3368434865516527,0.0027241496528277046,0.871901645526502,0.7939489957388076
1700818483657463528,351,0,,0.0006991628668235996,-0.7855843458589676,-0.0004978957551927624,-2.336843495709019,0.0027232797475541907,0.8719024592687689,0.793955863782929
1700818483668171958,352,0,,0.0007016655980887052,-0.7855818429857901,-0.0004994748810001482,-2.3368434865517043,0.0027246026621204783,0.8719016851970585,0.7939525561245272
1700818483679257830,353,0,,0.0007012817321806156,-0.7855765529512718,-0.0005024393792779766,-2.3368434865516527,0.0027246023374086783,0.8719000180242483,0.7939490089842842
1700818483688872260,354,0,,0.000701659788871928,-0.7855818400969019,-0.0005001691494153428,-2.3368410083699693,0.0027239918234889054,0.8719016848740501,0.793951844209848
1700818483699210013,355,0,,0.0007016597528408845,-0.7855790560370998,-0.0004993015980402745,-2.336843487569603,0.0027232797466632394,0.8719020117620144,0.7939547940782401
1700818483713658283,356,0,,0.000704165406623169,-0.7855790570000768,-0.0004992411595273559,-2.336846270611417,0.0027239918776052465,0.8719048244369761,0.7939511319692764
1700818483719902870,357,0,,0.0006963700392986076,-0.785574053503341,-0.0005034309473347768,-2.33684098089787,0.00272460266212139,0.8719025770601746,0.7939540834731342
1700818483729881648,358,0,,0.0007026154341632164,-0.7855814740725907,-0.000504501220338054,-2.3368462736638667,0.002723319199488702,0.8719024592707633,0.7939555061550853
1700818483741040250,359,0,,0.0007015246357663563,-0.785575849349683,-0.0005020623366794383,-2.3368419698934746,0.0027239918237088683,0.8719024636294193,0.7939543231279577
1700818483751430850,360,0,,0.0007023699781888089,-0.785581840940966,-0.0005031851363055058,-2.3368470124879046,0.0027256674011134478,0.871900936156769,0.7939562182239077
1700818483762185468,361,0,,0.0007016626794223702,-0.7855818400968632,-0.0005047762846184281,-2.3368412282640083,0.0027239918294993883,0.8719017632048449,0.7939555061550603
1700818483777087976,362,0,,0.0006993908275080372,-0.7855820766682174,-0.0005034046488142411,-2.336843486555842,0.002723279746663341,0.8719008316665957,0.7939569435541828
1700818483782080778,363,0,,0.0007041683332050391,-0.7855844497561678,-0.0005020438328828219,-2.3368409900552365,0.002723991823486156,0.8719019305485879,0.7939504208798807
1700818483792177356,364,0,,0.0007016597528898362,-0.785582101065397,-0.0005047400246727451,-2.3368457117918795,0.0027232928976023106,0.8719016459698116,0.7939504198924702
1700818483802249491,365,0,,0.0007016607270312261,-0.7855843457550609,-0.0005006157175753664,-2.3368409809355546,0.002724615813282257,0.8719016454666937,0.7939523270791667
1700818483812213516,366,0,,0.0007016598611002113,-0.7855797580473605,-0.0005048465100915045,-2.3368409808978705,0.002725314252102537,0.8719008301928822,0.7939555061012225
1700818483823243573,367,0,,0.0007037932310236004,-0.7855765504942771,-0.000502780448604477,-2.3368381968381113,0.0027240049744252284,0.8719009257957806,0.7939504197309476
1700818483834446753,368,0,,0.0007016714912563795,-0.7855787354852141,-0.000504592287555307,-2.3368434875691375,0.002724044427316679,0.8719048243770107,0.7939504198924526
1700818483843977195,369,0,,0.0007024492806831406,-0.7855818489076541,-0.000502701203427701,-2.3368462706114284,0.0027232797475540897,0.8719024594841093,0.7939533699245916
1700818483855275703,370,0,,0.0006992418889433173,-0.7855790637766316,-0.0005027247970692301,-2.3368434865516527,0.002723279746663244,0.8719019991639129,0.7939525561225084
1700818483865319199,371,0,,0.000701548012441061,-0.7855790560372308,-0.0004978284936074541,-2.33684098089787,0.002724602175048656,0.8719024458657574,0.7939511318077708
1700818483876597282,372,0,,0.0007016600910843023,-0.7855839461633064,-0.0005027780214553822,-2.33684098089787,0.002723991823486156,0.8719016455204447,0.7939555061550595
1700818483886669888,373,0,,0.0006991290953077738,-0.7855811707703415,-0.0005027803443639825,-2.3368434868908143,0.0027246153259877274,0.8719009494021727,0.7939482836619848
1700818483896843664,374,0,,0.0007016626752719804,-0.7855797330218951,-0.0005019559773990809,-2.3368462706114133,0.002723279746737477,0.8719024592694331,0.7939537275524603
1700818483908169926,375,0,,0.0007016626754296245,-0.7855818664577182,-0.0004980400408825847,-2.3368462706114115,0.0027239923105579736,0.871900831718437,0.7939547942437806
1700818483919090753,376,0,,0.0006991541351550239,-0.7855818487638005,-0.0005052922725103625,-2.3368409839503252,0.0027239918234889054,0.8719018913027314,0.7939525561225093
1700818483929616124,377,0,,0.0007026076406362197,-0.7855843460717805,-0.0005047725049773082,-2.3368493019201186,0.0027239919858434284,0.8719008321670636,0.7939489957388076
1700818483940197902,378,0,,0.0007019228979913407,-0.7855818400611944,-0.0004981156657711581,-2.3368412281481623,0.0027246021750495725,0.87190201176135,0.7939540820014146
1700818483951887047,379,0,,0.0007016627129797357,-0.7855818400968583,-0.0005006507895962369,-2.336843486553048,0.002726392628875432,0.8719048243831409,0.7939569303087062
1700818483962195292,380,0,,0.0007016599693458338,-0.7855818487636518,-0.0004974084084714239,-2.33684098089787,0.0027239918295736253,0.8719008317363821,0.7939518484612582
1700818483973087265,381,0,,0.0007017390952822844,-0.7855765503833657,-0.0005053244888216041,-2.3368434865516527,0.0027246021750486904,0.8719056383446625,0.7939518396854734
1700818483983294230,382,0,,0.0007012846560109126,-0.7855797590103374,-0.0004974232815791513,-2.3368462980835107,0.002723991823486156,0.8719025755884567,0.7939518440460254
1700818483993585608,383,0,,0.0006990763095431329,-0.7855790560490046,-0.0005081304886882505,-2.336846273664332,0.0027232928976023106,0.8719008318280773,0.7939547984933963
1700818484004292537,384,0,,0.0007049545369355105,-0.7855818142391418,-0.0005033969632257876,-2.3368462707244824,0.0027256674011876814,0.8719008447465549,0.7939525561225332
1700818484014851045,385,0,,0.0007016597572949379,-0.7855765507041631,-0.0005048463902046465,-2.3368409808978705,0.002725412130919106,0.8719031713456653,0.7939533699245916
1700818484024783904,386,0,,0.0007037904166936506,-0.7855843457506467,-0.0005002656944189955,-2.3368434865516527,0.0027239918475391867,0.8718993583555206,0.7939493546029208
1700818484035815855,387,0,,0.0007023796919807314,-0.7855790910252655,-0.0005023825379449721,-2.33684098089787,0.0027271875016806556,0.8719024594127693,0.7939555061530664
1700818484047383885,388,0,,0.0007020312137301107,-0.7855825421073166,-0.0005034229009391255,-2.3368462980835107,0.002724602193088353,0.8719013009207695,0.7939540820014146
1700818484057143210,389,0,,0.0006991659463164203,-0.7855819209988183,-0.0004998585462046148,-2.336840980898335,0.0027253147389436957,0.8719016454608501,0.7939555061550604
1700818484067214089,390,0,,0.0007016597530409086,-0.7855818487650218,-0.0005030886558365803,-2.3368409900552365,0.002723279746671488,0.8719028124814782,0.7939471154108436
1700818484077141844,391,0,,0.0007019052489599325,-0.7855850477610488,-0.0005045918126496128,-2.3368434865518077,0.0027232841303095967,0.8719035195589019,0.7939518440521558
1700818484088059936,392,0,,0.0007026855772975221,-0.7855828541156423,-0.0005018312777382163,-2.3368434865516527,0.0027233191995051993,0.8719019986853802,0.7939563374411729
1700818484098903299,393,0,,0.0007016860617867607,-0.7855825421128433,-0.0004994856049770816,-2.33684098089787,0.0027239918237088683,0.8719016587121369,0.7939557880194757
1700818484108995507,394,0,,0.0007013109582684631,-0.7855792988261995,-0.0005045909752816536,-2.3368462706114115,0.0027246021750486596,0.8719005769439542,0.7939562182866158
1700818484119213222,395,0,,0.0007048757365964955,-0.7855765590542217,-0.0005030841426907509,-2.3368434865516527,0.002723991823486156,0.8719019986612994,0.7939523991390827
1700818484129734186,396,0,,0.0007041663848239535,-0.7855790560371486,-0.0005019923325310117,-2.33684098089787,0.0027253537046887867,0.8719008331201459,0.7939547940773513
1700818484139924655,397,0,,0.0006964489487822054,-0.7855818400968585,-0.000505214446152624,-2.3368434865516527,0.0027246023380740653,0.8719025770063631,0.7939562183954076
1700818484150196771,398,0,,0.0007016607283675643,-0.7855790560370998,-0.0005017551835380827,-2.33684098089787,0.0027250570495537044,0.871902498516619,0.7939504198924562
1700818484160299583,399,0,,0.0006991569134052857,-0.7855790820374797,-0.0005020584646953913,-2.336849055688655,0.002724114583623853,0.8719016454673498,0.7939543504585886
1700818484171051219,400,0,,0.0007018994038301101,-0.7855843457507882,-0.000504827708671494,-2.3368490638285424,0.0027232798014753144,0.8719024607223188,0.7939569303268745
1700818484181224334,401,0,,0.0007017415889386697,-0.7855844237517814,-0.0005056774760714194,-2.3368462706115665,0.002727187501681448,0.8719016456282154,0.7939495900780609
1700818484191229975,402,0,,0.0007016714445175878,-0.7855893602694516,-0.0004995378504325871,-2.3368462980835107,0.0027249573045226762,0.8719056381831592,0.7939547945668167
1700818484201953986,403,0,,0.0007012846547332413,-0.7855850477609202,-0.0005033969367891696,-2.3368409819155103,0.002723639207669242,0.8719016585665824,0.793950419838621
1700818484213034694,404,0,,0.0006991541110844286,-0.7855843547423899,-0.0005019908910771769,-2.3368434875691437,0.0027239918255153235,0.871901763204329,0.793956218231883
1700818484225065145,405,0,,0.0006963729618715285,-0.7855790647039438,-0.0004981185883045875,-2.336846270611417,0.0027243468988410965,0.871902459214925,0.7939511319692764
1700818484235305532,406,0,,0.0007021137993019442,-0.785576559050159,-0.0004995655525273215,-2.3368434865516527,0.00272472053550471,0.8719024593226034,0.7939562182318833
1700818484247637128,407,0,,0.0006991569868860823,-0.7855790560372465,-0.0005001695761461712,-2.3368434865516527,0.002723992312562418,0.8719016585486382,0.7939507775203222
1700818484259417166,408,0,,0.0007009466580542115,-0.7855798620488804,-0.0005027434179788539,-2.3368462706114115,0.0027246065586953197,0.8719024592506074,0.7939511319695006
1700818484269027774,409,0,,0.000704166376788679,-0.785579056362642,-0.0004977915229183354,-2.3368434865516527,0.002724602175073402,0.8719056381831565,0.7939489957388076
1700818484279742455,410,0,,0.0007041917458654693,-0.7855790820374816,-0.0004998608415366437,-2.336846270649096,0.0027246416278658707,0.8719035184342697,0.7939569303087062
1700818484290008951,411,0,,0.0007016597532863316,-0.7855790561445375,-0.0005025065522899832,-2.336843486551653,0.0027239918241542924,0.8719016454846222,0.7939525168766517
1700818484300980923,412,0,,0.0007016597889214231,-0.785581840096859,-0.0004969416375266373,-2.3368462706114115,0.0027246021750486596,0.8719027181867668,0.7939518439920425
1700818484310715176,413,0,,0.0007042706192464893,-0.7855839547944339,-0.0005026721971652118,-2.336843489604108,0.002723991823486156,0.8718995258795255,0.7939482836619839
1700818484321001199,414,0,,0.0006992358246375819,-0.7855845797898742,-0.0005031095940892334,-2.3368434865517043,0.0027249574127608577,0.8719016501124328,0.7939562182318833
1700818484330825279,415,0,,0.0006998646103750137,-0.7855864527483639,-0.0005026984722814696,-2.3368381968381113,0.0027243451411012817,0.8719024592688471,0.7939558650191736
1700818484342072605,416,0,,0.0007041741783525853,-0.7855893599946981,-0.0005020449514231936,-2.336844228298343,0.0027253144743621185,0.8719024595897609,0.7939510927214258
1700818484352784306,417,0,,0.0007016862003700535,-0.7855791341452538,-0.0005025180351079919,-2.336843517080395,0.002724602175049912,0.8719019986793968,0.7939519676703262
1700818484363971534,418,0,,0.0007041741747896193,-0.7855790560384225,-0.0005024560485244683,-2.3368462706119284,0.002723991823486156,0.8719031713515731,0.793954794080331
1700818484374037989,419,0,,0.0007076596516347247,-0.7855818402038559,-0.0005026995583696406,-2.33684098089787,0.002723991823486156,0.8719056381831566,0.7939525561225084
1700818484385198223,420,0,,0.0006991628707849551,-0.7855811617468901,-0.0004973560311665147,-2.3368434865516527,0.0027239918776052465,0.8719008321670636,0.7939555061550604
1700818484396416691,421,0,,0.000699233333304245,-0.7855818401087452,-0.0005034319225472268,-2.3368434865516527,0.0027240312763036757,0.871903524558304,0.7939518440460993
1700818484407130801,422,0,,0.0007017475026360947,-0.7855791337529133,-0.0004994863199064528,-2.3368462706114115,0.002724602175271368,0.8719038722831071,0.7939504331379301
1700818484416961497,423,0,,0.0007041741758277786,-0.7855790560384158,-0.0005002714300252751,-2.3368435689679514,0.0027239918234861593,0.8719028532048146,0.7939496947339026
1700818484427199955,424,0,,0.0007016597529887814,-0.7855818429857896,-0.0005000289824339893,-2.336846270612807,0.0027232797466632394,0.8719016847192131,0.7939511188871026
1700818484437924938,425,0,,0.0007019948398705296,-0.7855844093071421,-0.0005025348513802282,-2.3368462706114115,0.002724602175048656,0.8719016454669066,0.7939569303086322
1700818484448048300,426,0,,0.0007069495144901359,-0.7855829678385737,-0.0005006499316825888,-2.3368434865516527,0.0027250570495509436,0.8719020001329452,0.793946757782975
1700818484458970289,427,0,,0.000699154099057651,-0.785584345742863,-0.0005000088375622317,-2.33684098089787,0.00272495871763227,0.8719015267439144,0.7939511319692764
1700818484469748877,428,0,,0.000704168329196022,-0.7855843467136182,-0.0005019889865322023,-2.336840981915355,0.0027239918295242356,0.8719018956613713,0.7939482836619848
1700818484479709830,429,0,,0.000704165406639667,-0.7855843487465753,-0.0005020418805765466,-2.3368412281467723,0.002724110344295105,0.8719059914018726,0.7939555061550604
1700818484490197298,430,0,,0.0007012856288581928,-0.7855818670602662,-0.0005033209790007894,-2.336841063318356,0.0027230244724628285,0.871904828801541,0.7939511318077708
1700818484501084311,431,0,,0.0007035341558544975,-0.7855825421072713,-0.0005053024471587698,-2.336843486552118,0.002722669397105161,0.8719008360432225,0.7939555061550595
1700818484511181588,432,0,,0.0006998642735703796,-0.7855791340501284,-0.0005049050729990948,-2.3368434865516527,0.00272460217504869,0.8719008301929564,0.7939511319692764
1700818484520759861,433,0,,0.0007017682247930213,-0.7855839461289617,-0.0005026995426692707,-2.3368435689679514,0.002724602175048656,0.8719024592687435,0.7939482836619848
1700818484531850085,434,0,,0.0006991542079131458,-0.7855825421190078,-0.0005026719581699603,-2.3368434865521177,0.0027239962071325128,0.8719024592687684,0.7939518441006074
1700818484545901363,435,0,,0.0007016597528408888,-0.7855818401008213,-0.000497444311835417,-2.3368434865516527,0.002724602175073402,0.8719012878926516,0.7939555459459987
1700818484555449047,436,0,,0.0007069786921104712,-0.7855818400968585,-0.0005006154771520199,-2.3368462706114115,0.0027243449727280275,0.8719028517253163,0.7939518440463239
1700818484566090238,437,0,,0.0006963700513806497,-0.7855790820374797,-0.0005003352618099041,-2.3368381968381113,0.002725314253875983,0.8719027051055529,0.7939504198924535
1700818484576135631,438,0,,0.0007063222653889129,-0.785579065346318,-0.0005025153278831995,-2.3368434865516527,0.0027282527277453414,0.8719024607402638,0.7939569303087062
1700818484586773580,439,0,,0.000704174186517259,-0.7855790560371523,-0.00050266730274696,-2.3368434865516527,0.002724602199101585,0.8719020030400539,0.7939569347238651
1700818484598097181,440,0,,0.000701668520608396,-0.7855843544174347,-0.0005005628729937747,-2.336848495851483,0.002724957250403721,0.8719000587254494,0.7939555061550853
1700818484609052179,441,0,,0.0007017474300753595,-0.7855818323930911,-0.0005033546060171715,-2.336846270623973,0.0027239918254905664,0.8719008713952059,0.7939569303087062
1700818484619509607,442,0,,0.0006991570231150542,-0.7855790560369692,-0.0005006213226694897,-2.3368410083699698,0.00272460217504869,0.8719008316652747,0.7939511319692764
1700818484630308709,443,0,,0.0007018998368044854,-0.7855838778864641,-0.0005061957413210336,-2.336840980898025,0.002723991823486156,0.8719021074551009,0.793947343233145
1700818484643342379,444,0,,0.0006993937540971713,-0.7855767875887372,-0.000499931656153471,-2.33684098089787,0.002724346898841085,0.8719049421126851,0.793951844030173
1700818484654262788,445,0,,0.000704177096964687,-0.7855790560609265,-0.000502675782568234,-2.336843514023752,0.002723319199554691,0.8719024592754394,0.7939518440460993
1700818484664850262,446,0,,0.0006998555167677918,-0.78557403734671,-0.0005027462116825372,-2.3368462706115665,0.0027246021752713686,0.8719024592687685,0.7939569303087062
1700818484674964321,447,0,,0.0007037903203287067,-0.7855765502761943,-0.000503434860952506,-2.3368434865516527,0.0027239918234861593,0.8719008316646019,0.7939497078156306
1700818484686031769,448,0,,0.0007016598009485364,-0.7855818399898603,-0.0005047409993097268,-2.3368434865516527,0.002725682478165573,0.8719005900256821,0.7939547940782374
1700818484695749271,449,0,,0.0007012857371024462,-0.7855822397198574,-0.0005027217527982391,-2.3368434865516527,0.0027239918297221003,0.8719028124636042,0.7939489957388076
1700818484706367762,450,0,,0.0007044927708821863,-0.7855843726783326,-0.0005045383351511339,-2.3368434868908143,0.0027240312763034758,0.8719016454726665,0.7939510796414675
1700818484717717837,451,0,,0.0007017386678512486,-0.7855843457510974,-0.0005005679796725702,-2.3368409808978754,0.002723279747331376,0.8719016439949656,0.7939555061541742
1700818484727741331,452,0,,0.000699393751367761,-0.7855791343592321,-0.0005018049430731103,-2.3368462706114115,0.0027232797466632507,0.8719020384097433,0.7939533699245916
1700818484738044950,453,0,,0.0007062959626839791,-0.7855864517815708,-0.0005005705809984338,-2.3368434865516527,0.0027232797466632394,0.8719024592874529,0.7939547940782374
1700818484749665364,454,0,,0.0007016890266770022,-0.7855790559419908,-0.0005034251073365134,-2.3368462706114115,0.0027246036362641086,0.871901998679395,0.7939598803420862
1700818484759402751,455,0,,0.0006991290957978006,-0.7855818400968568,-0.0005020682958009432,-2.3368462706114115,0.0027239918235109017,0.8719017632102367,0.7939510539681363
1700818484769950354,456,0,,0.0006991542432408207,-0.7855839461276405,-0.0005054572050214676,-2.33684098089787,0.0027232797466632394,0.8719032105921127,0.793956218231443
1700818484780851850,457,0,,0.000701659752842716,-0.7855818401325242,-0.0005053286524304573,-2.3368462706114115,0.002723991823486156,0.8719058707743905,0.7939522142281198
1700818484791147335,458,0,,0.0007019948759516752,-0.7855846567922248,-0.000505482572294061,-2.3368434865516527,0.002725667401113444,0.8719025116204293,0.7939570495361641
1700818484801821866,459,0,,0.0006991542233370871,-0.7855813960730579,-0.0005048510924415623,-2.3368434866647063,0.002725680558065748,0.8719024638450555,0.7939525561231814
1700818484813094635,460,0,,0.0006994736336900127,-0.7855811621167571,-0.0005048549855696699,-2.336838196838112,0.00272460218113616,0.871902577490881,0.7939556268360696
1700818484823589325,461,0,,0.0006938673134999129,-0.7855765507399758,-0.0005034349577579479,-2.3368462706114115,0.002727797853243123,0.8719016454686872,0.7939475715872055
1700818484834793550,462,0,,0.0007042444243501684,-0.7855765503833189,-0.0005020710982192221,-2.3368470123581018,0.0027258655784066174,0.8719016503118526,0.7939562184499158
1700818484845250862,463,0,,0.0007012963814858574,-0.785579064703893,-0.0005017467065582037,-2.3368442283025304,0.0027246416459084186,0.8719024597533126,0.7939504198924547
1700818484856047355,464,0,,0.0007016951605380747,-0.7855811707347241,-0.0005019834288164204,-2.3368462706155984,0.0027247205337231134,0.8719016454121797,0.793960148959524
1700818484867074749,465,0,,0.0007041654068230465,-0.7855844353194433,-0.0004999510441462185,-2.33684098089787,0.002724346899509223,0.87190164552052,0.793954082019584
1700818484877823745,466,0,,0.000699162902857086,-0.7855818409533436,-0.0004974087794707209,-2.336843489604108,0.0027239918254905703,0.8719016454666855,0.7939511363844353
1700818484887894295,467,0,,0.0007017386624563992,-0.7855818400968729,-0.0005077281828561743,-2.3368409808979216,0.002723279746663273,0.8719008316646019,0.793956218231958
1700818484898991845,468,0,,0.0007041684378849082,-0.785576553272248,-0.0005017438221928909,-2.3368462980835107,0.0027232802337350567,0.8719024723507207,0.7939540820014146
1700818484910067689,469,0,,0.000699233982732474,-0.7855820741002949,-0.0004981419670668559,-2.3368462706115665,0.0027239918234889054,0.8719028163516297,0.7939489957388076
1700818484920848163,470,0,,0.00070165975329122,-0.7855798123895297,-0.0005031978006896608,-2.3368457118294086,0.0027241103442950713,0.8719008360272683,0.7939555061550604
1700818484931327357,471,0,,0.0006995302102264781,-0.785585126048695,-0.0005006148255259278,-2.336843486589338,0.002724602177055816,0.8719070510340695,0.7939497078156306
1700818484942031137,472,0,,0.0007012876734622031,-0.7855825392225928,-0.000507726126510063,-2.33684098089787,0.0027247205335003103,0.8719024592946891,0.7939569303087062
1700818484951976352,473,0,,0.0006998643203929367,-0.7855811380984375,-0.000505555739020185,-2.33684098089787,0.0027254326123276264,0.8719048248655903,0.7939569303087062
1700818484962858808,474,0,,0.0007001010166709828,-0.7855818426608344,-0.0005026907204315397,-2.33684098089787,0.002724602175716804,0.8719031902596924,0.7939576423855291
1700818484973968738,475,0,,0.0006994668197512624,-0.7855811880682763,-0.0005002406662254346,-2.336846270950573,0.0027271919394459714,0.8719024592688752,0.79395078440797
1700818484985214810,476,0,,0.0007016597581362266,-0.7855850734763958,-0.0005055359360799359,-2.3368381968381167,0.0027239918776804004,0.8719016454666851,0.7939501779103063
1700818484994186856,477,0,,0.0007016597528403639,-0.7855790560494238,-0.000498141359055408,-2.3368462980835107,0.002723993284702526,0.8719016454666851,0.7939555061010033
1700818485003869563,478,0,,0.0007023699380435616,-0.7855843457506415,-0.0005006494667460073,-2.3368434865521177,0.00272328137026071,0.8719048243810732,0.7939489957388067
1700818485014946125,479,0,,0.0007069757735466344,-0.7855765503833169,-0.0004996207639504217,-2.3368434865516527,0.002723991823495321,0.8719020030579907,0.7939587248058783
1700818485026177755,480,0,,0.0007017386624558108,-0.7855766254955258,-0.0005054559283879579,-2.33684098089787,0.00272531473894339,0.8719019986814135,0.7939555061732297
1700818485037665225,481,0,,0.0007012935310746867,-0.7855789812463071,-0.000505315628589167,-2.3368410083699693,0.0027232812078814414,0.8719035189088917,0.7939522004922316
1700818485048498787,482,0,,0.0007013109940543879,-0.785584025090491,-0.0005034229507560856,-2.3368434865521177,0.002724602175073402,0.8719018913206763,0.7939555061731559
1700818485056783827,483,0,,0.0007041657678806922,-0.7855765504203198,-0.000505249493467442,-2.33684098089787,0.0027246416278658707,0.8719000222411145,0.793951804800243
1700818485067947828,484,0,,0.0007024488475126328,-0.7855818660972387,-0.0005070453342067298,-2.3368434865516527,0.002725057049773656,0.8719008316646265,0.793954082001193
1700818485081490951,485,0,,0.000699154112420767,-0.7855818410602758,-0.0005033468438636846,-2.33684098089787,0.0027239918415258566,0.871901763204255,0.7939544408655276
1700818485088905939,486,0,,0.0007016598610837887,-0.7855843457506467,-0.0005017994477188869,-2.33684098089787,0.0027239918234862573,0.8719016469209,0.7939562182298894
1700818485099253326,487,0,,0.0007042004774992385,-0.7855818140964784,-0.0005026078801072937,-2.3368462706114115,0.0027273058601321627,0.871903171345616,0.7939518440460993
1700818485110345012,488,0,,0.000703816972615253,-0.7855790656667233,-0.000499695229419262,-2.33684098089787,0.0027271875203883533,0.8719016454666851,0.7939561789860267
1700818485123096904,489,0,,0.0007012934345633693,-0.7855818410598898,-0.000505564134195326,-2.3368434865516527,0.002724641645905673,0.8719012880003221,0.7939525561222868
1700818485132378960,490,0,,0.0007044810926490545,-0.7855790823584775,-0.0004974055340521658,-2.336846453538415,0.0027239918237089698,0.8719016323806962,0.7939518440460993
1700818485142358349,491,0,,0.0007038955691883805,-0.7855765503873285,-0.0004978808178397064,-2.3368409813500857,0.0027260224764684075,0.8719016454646906,0.7939580127290553
1700818485152808850,492,0,,0.0006992632098462538,-0.7855845826429927,-0.0005027511056964221,-2.336840983962887,0.002724386352549149,0.8719009494021718,0.7939525561245272
1700818485163987343,493,0,,0.0007018974560482545,-0.785581840419188,-0.0005052897954062199,-2.336849301920084,0.0027236348242452965,0.8719023531420959,0.7939547940782374
1700818485174098320,494,0,,0.0006991541030829042,-0.7855766312733935,-0.0005045387033655635,-2.3368434896082952,0.002724110187951069,0.87190165854684,0.7939516151638494
1700818485184726096,495,0,,0.0007016597528403424,-0.7855811384089599,-0.0005031690031160395,-2.3368434865517043,0.002723279748667752,0.8719016454669066,0.7939511188334889
1700818485195172632,496,0,,0.0006991544237876965,-0.7855790550701616,-0.0005006499223301463,-2.3368434865516527,0.0027232797466632507,0.8719008316646019,0.7939489959022578
1700818485204957201,497,0,,0.0007016717678675027,-0.785584345750625,-0.000507279101463099,-2.3368434865516527,0.0027250702004900152,0.8719000357896382,0.7939518396854512
1700818485215871337,498,0,,0.0007038136891540163,-0.7855790530411711,-0.0005006418132772205,-2.3368434865893373,0.0027246021811361256,0.8719035376403547,0.7939497078156059
1700818485227250051,499,0,,0.0007041667537846169,-0.7855812400690049,-0.0005019908912405228,-2.33684098089787,0.00272399182348619,0.8719009513423065,0.793952201673968
1700818485238306660,500,0,,0.0007016685205664381,-0.7855818410721643,-0.0005017555097447895,-2.33684098089787,0.002723991823486156,0.8719024592149359,0.7939547935957395
1700818485248081950,501,0,,0.0006991629751678598,-0.7855818487636682,-0.0005018393841303923,-2.3368434875691375,0.0027232797466632394,0.8719048245425778,0.7939475715851536
1700818485260787199,502,0,,0.0007041654066732749,-0.7855819180980474,-0.0004976907729570041,-2.3368409839503315,0.0027232797466632394,0.8719024636473652,0.7939562138712326
1700818485269012955,503,0,,0.0006990751910275746,-0.7855791341465582,-0.0005027551228159893,-2.3368434865517043,0.0027253537046887867,0.8719031713456655,0.7939525430404822
1700818485279806869,504,0,,0.0007041683287505839,-0.7855790560375406,-0.0005018082276535703,-2.3368462736638667,0.002724602175271368,0.8719016459512019,0.7939558637828551
1700818485290260839,505,0,,0.0007016607270807117,-0.7855790570000768,-0.0005031880545217696,-2.3368434865517043,0.002723279746663243,0.8719017632042633,0.79395041989851
1700818485299809633,506,0,,0.0007019315521321053,-0.7855814047381117,-0.0005020418808683637,-2.3368434865516527,0.0027273060224894353,0.8719008447485479,0.7939511319692764
1700818485311221298,507,0,,0.0007017425606054251,-0.7855765503965753,-0.0005019650655137027,-2.33684098089787,0.002727202132543794,0.8719008839924846,0.7939489957388076
1700818485322142624,508,0,,0.0007016698199475536,-0.7855790589260309,-0.0004994852449274258,-2.33684098089787,0.0027232797647855278,0.8719024592690638,0.7939540820014146
1700818485332776765,509,0,,0.0007041684735774365,-0.7855798360485168,-0.0004999405889788106,-2.3368432061379414,0.0027246021750487585,0.8719048375168605,0.7939533743397506
1700818485343207040,510,0,,0.0006963700393505468,-0.7855843544306442,-0.0005025417321174498,-2.336846270649096,0.0027256688623288963,0.8718984443125278,0.7939534891339559
1700818485354040228,511,0,,0.0007037913187222339,-0.7855840250918066,-0.0005053024584759971,-2.33684098089787,0.0027241501278483116,0.8719000178444478,0.7939533699252646
1700818485365225813,512,0,,0.0007013138924285236,-0.7855868514167587,-0.0004995392605432892,-2.3368462706114115,0.00272403176426882,0.8719007125091474,0.7939540820014146
1700818485375481569,513,0,,0.0006994707476927485,-0.7855790560370999,-0.0004996150267147175,-2.3368490821432695,0.0027256674017898446,0.8719008316625839,0.7939555061550604
1700818485386076983,514,0,,0.000701659754627765,-0.7855818400968585,-0.0005019822261268828,-2.3368434865518077,0.0027246153861200544,0.8719019988409005,0.7939540805478643
1700818485396276465,515,0,,0.0006994785046440966,-0.7855839490165716,-0.0005025359216535093,-2.33684905467117,0.0027239918237098866,0.8719016449820963,0.7939586070682837
1700818485406968688,516,0,,0.0007017386641385852,-0.7855818401087633,-0.0005031953217954216,-2.33684098089787,0.002724602175048657,0.8719024592687658,0.7939533699420963
1700818485417859995,517,0,,0.000699155181937226,-0.7855793160409,-0.0004995626648859096,-2.336849055688655,0.002724346898841085,0.8719013863851625,0.7939540820014146
1700818485428154063,518,0,,0.0007016597528586129,-0.7855818401012616,-0.0005004050815823368,-2.3368434865516696,0.0027239918294993883,0.871902705086645,0.7939555061550604
1700818485439116581,519,0,,0.0007017416931235983,-0.7855765773466739,-0.0004971892541932015,-2.3368434865516527,0.0027263794779363946,0.8719024684260602,0.7939533699245916
1700818485451886737,520,0,,0.0006991550774113281,-0.7855819180993684,-0.0005031889966062545,-2.3368462706114115,0.0027226743199380045,0.8719051775942481,0.7939542012107041
1700818485462125653,521,0,,0.000699399632594724,-0.785581874768011,-0.0005055650010161028,-2.336846270950573,0.002724615325988757,0.8719016456468742,0.7939537275524852
1700818485473167924,522,0,,0.000696408358862058,-0.7855791880582915,-0.000499450612263469,-2.3368462706114133,0.002727187501754757,0.8719016982790118,0.7939504198944723
1700818485484009664,523,0,,0.0007045004938697387,-0.7855825517094487,-0.0005027208961712069,-2.3368462706114115,0.002724358141706796,0.8719024592690666,0.7939504198924535
1700818485494237407,524,0,,0.0006991541471655782,-0.785584420832468,-0.0005054482129124115,-2.3368434865516527,0.002727188007015052,0.8719056381831566,0.7939547984933963
1700818485504056721,525,0,,0.0007042014516891711,-0.785581842987061,-0.0004955577699303155,-2.3368434865516527,0.002724603690391757,0.871903518960733,0.7939558706706515
1700818485514204851,526,0,,0.0007018964818517963,-0.7855839576834139,-0.0005034336334264049,-2.3368462706114115,0.002723634822043831,0.8719056382011026,0.7939497077976855
1700818485525289755,527,0,,0.0007016626767494694,-0.7855790560847193,-0.000502754137952145,-2.33684635302771,0.002724957306527087,0.8719027225108544,0.7939544428081975
1700818485534910192,528,0,,0.0006985010279317423,-0.7855839722350187,-0.0005027149470864117,-2.336846270612807,0.0027247336904535533,0.8719016454849249,0.7939497078337999
1700818485546130659,529,0,,0.0006994697489550003,-0.7855843467256544,-0.0005033987649683329,-2.3368462706114115,0.0027230244711980763,0.8719016454666852,0.7939555061550604
1700818485557213993,530,0,,0.0006992339844972154,-0.7855783543478368,-0.0004997000686693784,-2.3368462706114115,0.0027239918796096614,0.8719016503118526,0.7939584561876125
1700818485567843462,531,0,,0.0006992417766939262,-0.7855820740963176,-0.000502532995274064,-2.33684098089787,0.0027239918234864724,0.8719016454667124,0.7939497092873502
1700818485578208293,532,0,,0.0007041684389242895,-0.7855790560410625,-0.0005034261980242676,-2.3368434865516527,0.0027246036362641086,0.8719020999155358,0.7939518470077328
1700818485588824378,533,0,,0.0007017399612456916,-0.7855790560727655,-0.000502456979001402,-2.3368462706114115,0.002724006435648928,0.8719048243750249,0.7939482836620014
1700818485599000374,534,0,,0.0007039286838920882,-0.7855783626936329,-0.0004976616558255534,-2.3368434865516527,0.0027246021752961144,0.8719048244349082,0.7939547926246872
1700818485609168643,535,0,,0.0007041655108576877,-0.7855790820257379,-0.0005033997894765705,-2.3368462706114115,0.00272460217504866,0.871901646005038,0.7939540962340694
1700818485619802841,536,0,,0.0006991540990579679,-0.7855825417862735,-0.0005002666685447399,-2.3368465178603084,0.002723635309089986,0.8719024592687715,0.7939525561225887
1700818485630041666,537,0,,0.0007016597528402743,-0.7855818402157391,-0.0005048285785301908,-2.336840980902057,0.002724004980446708,0.8719024592687685,0.793957646800688
1700818485640818518,538,0,,0.0006991570216302325,-0.7855825421071198,-0.0005048520268424667,-2.3368462706114115,0.002723991823560427,0.8719016454666851,0.7939511319154661
1700818485650892485,539,0,,0.0007016597528897683,-0.785581119066796,-0.0004999397515076106,-2.3368462706114115,0.0027239934470588817,0.8719024592687685,0.7939533699245908
1700818485660878116,540,0,,0.0006991537743329778,-0.7855793680765976,-0.0005077281832849412,-2.3368434865516527,0.002723281207906187,0.8719027065583647,0.7939497083062037
1700818485671855847,541,0,,0.0007026154341467188,-0.785581138102451,-0.0005103137499708448,-2.33684098089787,0.0027264754249318422,0.8719008317185108,0.7939489957388325
1700818485682250864,542,0,,0.0006991628685742216,-0.7855818401312032,-0.0005026732931153339,-2.3368462706114115,0.0027246021810618886,0.871901767618741,0.7939518440460993
1700818485693047089,543,0,,0.0007041667055939411,-0.7855817620957185,-0.0005080594496890869,-2.33684905467117,0.0027239918234861897,0.8719048767095716,0.7939555061550604
1700818485704802611,544,0,,0.000701669494757117,-0.7855790560366593,-0.0005019910475746663,-2.33683827925441,0.0027241106690096164,0.8719024592870089,0.7939547940782374
1700818485714220382,545,0,,0.0007017649656279637,-0.7855790560370997,-0.0004995353880306077,-2.336846270612807,0.002722669397113398,0.8719028124814786,0.7939562182318833
1700818485723822179,546,0,,0.00070190817331457,-0.7855790570000768,-0.0004981061685404266,-2.3368434865516527,0.0027247599863175474,0.871901658554619,0.7939497078156306
1700818485733964629,547,0,,0.0007016636538111008,-0.785579056037116,-0.0005058519370689165,-2.3368434865516527,0.0027240312789759175,0.8719024650831911,0.7939555061550604
1700818485746159382,548,0,,0.0007016630002095076,-0.7855822311600633,-0.0005003779957096089,-2.33684098089787,0.002723991824154338,0.8719025770064369,0.7939547940782374
1700818485757103120,549,0,,0.0007042453023102375,-0.7855819213065957,-0.0004974219812464233,-2.336846270623973,0.002723991823486156,0.8719016847664508,0.7939504198924535
1700818485767742494,550,0,,0.000701686056446965,-0.7855818404183091,-0.0005073346493234029,-2.3368462706114115,0.002722669395100739,0.8719018024503336,0.7939569303087062
1700818485777720687,551,0,,0.0006971855458134971,-0.7855812371800962,-0.0004978256067226175,-2.3368462706114115,0.0027246416278658703,0.8719016860052261,0.7939518440460993
1700818485788840340,552,0,,0.000704244320693759,-0.7855839490288842,-0.0005026664244860957,-2.3368470123581018,0.002723279801005042,0.8719031713458203,0.7939518440460993
1700818485800287124,553,0,,0.000704402135469737,-0.7855790560490047,-0.0005024297496592367,-2.336840980902057,0.002723279746663546,0.8719008271949349,0.7939562182318833
1700818485811698036,554,0,,0.0007038692219261919,-0.7855790647038933,-0.0005027020798849684,-2.3368381968381113,0.002723997668347965,0.8719027057507611,0.7939475715851618
1700818485821478657,555,0,,0.0007012849918700761,-0.7855818401325732,-0.0005000390485161002,-2.3368434865516527,0.002725314251904567,0.8719024592747538,0.7939547548323808
1700818485831799015,556,0,,0.0006991580078501358,-0.7855790560727657,-0.0005047457365449348,-2.336845711791724,0.0027239923105579736,0.8719016470817409,0.7939504203828052
1700818485841955491,557,0,,0.0007009758837938958,-0.7855790570000774,-0.0005006116044963325,-2.3368434865893373,0.0027232928976105592,0.8719024592687958,0.7939562182318916
1700818485852921218,558,0,,0.0006970802206414341,-0.7855875534146903,-0.0005053014734071627,-2.3368437338005497,0.002723319199554691,0.8719019986793949,0.7939547809962852
1700818485863167242,559,0,,0.0007012846666942249,-0.7855818411787215,-0.0004999055548152984,-2.3368434865558396,0.0027246021757167944,0.8719024985206069,0.793956218722235
1700818485874020241,560,0,,0.0007044810565184134,-0.7855839490522435,-0.0005024625312386984,-2.33684098089787,0.0027239918234861593,0.8719016454669066,0.793955392832652
1700818485884128455,561,0,,0.000703790313795695,-0.7855765504190321,-0.0005055621257090826,-2.33684098089787,0.002723991823486156,0.8719048243810732,0.79395764238361
1700818485895073997,562,0,,0.000704165526893687,-0.7855818660972387,-0.000499905198462521,-2.3368434865516527,0.002724602175048656,0.8719016454846302,0.793951145214753
1700818485904984214,563,0,,0.0007001808963217823,-0.7855868600716579,-0.0005020595157804066,-2.33684098089787,0.002723991823486156,0.8719016454666855,0.7939547940784617
1700818485915833877,564,0,,0.0007042472444593545,-0.7855818400969073,-0.0005026732534545997,-2.336841228146767,0.0027236348220181688,0.8719031713455915,0.7939563374411729
1700818485926148789,565,0,,0.000704165516252539,-0.7855839461276405,-0.000502702408733129,-2.3368434865558396,0.0027243449787412596,0.8719056381831566,0.7939489957408264
1700818485936364113,566,0,,0.0007009495805738792,-0.7855790531838344,-0.0005006154054920555,-2.3368434865516527,0.002723279764703038,0.8719039899110127,0.7939497078156306
1700818485947112670,567,0,,0.000704270615236935,-0.7855765503833007,-0.0005027551119324722,-2.3368462706114115,0.002723279800782432,0.8719048263277807,0.7939525561225084
1700818485958202340,568,0,,0.0006991541357324315,-0.7855790560370997,-0.0004999105021648522,-2.3368381968381113,0.0027246021750489615,0.8719016454846411,0.7939547940782374
1700818485968810042,569,0,,0.000706295962233238,-0.7855772553181745,-0.0005031972192407775,-2.3368409900552365,0.002723992364677064,0.8719040295875511,0.7939525559610028
1700818485978737914,570,0,,0.0007016071840472922,-0.7855819441103167,-0.0005025435802254202,-2.336840980898025,0.00272434689885025,0.871903523294142,0.7939547940782347
1700818485991707932,571,0,,0.0007016688449923979,-0.7855819180985857,-0.0004999290463421808,-2.33684098089787,0.0027253186375223405,0.8719025784658951,0.7939511319692764
1700818485999728916,572,0,,0.0007018935588757239,-0.7855791350025377,-0.0004981098129834928,-2.336843489604108,0.0027288630793820792,0.8719016454687037,0.7939555061550604
1700818486011054808,573,0,,0.000704142027839262,-0.7855813749793948,-0.0004974544388439185,-2.336840990055254,0.0027241102059907285,0.8719008316646019,0.7939482836619848
1700818486021043943,574,0,,0.0006991542069048967,-0.7855791341373605,-0.0005018312778885585,-2.336849057723781,0.002725315715091843,0.8719008316646019,0.7939518440460993
1700818486031852234,575,0,,0.0007016627836571751,-0.7855790559305431,-0.0004994483699122632,-2.3368432061379587,0.0027277983403230974,0.8719063502599795,0.7939504198924535
1700818486042798796,576,0,,0.0006993995951941434,-0.7855818400968578,-0.0005055536836044277,-2.3368434865642143,0.002725057121712481,0.8719019988588456,0.7939555062095685
1700818486052919099,577,0,,0.0007016597569977728,-0.7855818487636518,-0.0005078252155639555,-2.3368462706114115,0.0027246021930895747,0.8719016454726698,0.7939555061550613
1700818486063920161,578,0,,0.0006963710134895821,-0.7855818400969073,-0.0004999404116506664,-2.3368434875691375,0.002722673778747198,0.8719027051586496,0.7939555061550604
1700818486074674248,579,0,,0.000698500594913969,-0.7855790817164874,-0.0005024614129403021,-2.336843486551658,0.002724602175073402,0.8719016459571838,0.7939522129360752
1700818486084795940,580,0,,0.0007016597889214207,-0.7855818400972933,-0.0005002627786578702,-2.336846279768778,0.0027233981051148826,0.8719016454666935,0.793954794132721
1700818486095455417,581,0,,0.0007062394023577392,-0.785585047760902,-0.0005001866901056215,-2.3368434865518077,0.00272327974866765,0.8719016456281907,0.7939504596288842
1700818486106112824,582,0,,0.0006963701435337144,-0.7855818402078187,-0.0004974310785432537,-2.3368434865516527,0.0027232797466632507,0.8719056381831575,0.793954789717811
