1693299802605736271,24,0,,-0.0002859397355660288,-0.7862430410581042,-0.0039497179042382695,-2.3556632135674613,-0.0006155087682586139,1.5765955048196747,0.7926159604205306
1693299802615723739,25,0,,-0.00028905332416314235,-0.7862404198351166,-0.003975564276162042,-2.3556661390092075,-0.0005468436039743848,1.5766025699077577,0.7926137229497978
1693299802626848444,26,0,,-0.00029159401337793933,-0.7862405851053125,-0.00400662343165807,-2.355668432735365,-0.00047755466498354104,1.5766182509320996,0.7926166686212934
1693299802637430295,27,0,,-0.00029199093115820133,-0.7862405840221264,-0.004040632544596954,-2.3556678355918588,-0.00041190727176318757,1.5766259188419227,0.7926093356815278
1693299802647884693,28,0,,-0.0002907525121743458,-0.7862383891915311,-0.004076449746925201,-2.355668682947071,-0.0003468018079400883,1.57662751723862,0.7926130108727616
1693299802658050720,29,0,,-0.00029584185754354965,-0.7862348001312227,-0.004121176483316108,-2.3556687879077485,-0.0002890429654592462,1.576633124628411,0.7926195610256657
1693299802668354543,30,0,,-0.00030172833717458244,-0.7862261174745703,-0.004177268479531969,-2.3556685760788048,-0.0002321710723625363,1.5766410047000283,0.7926167127185983
1693299802880595252,31,0,,-0.0003072262027093364,-0.786224892972514,-0.004254168310573803,-2.355666846644706,-0.00019717148763649742,1.576625091473997,0.7926195168727478
1693299802891551657,32,0,,-0.0003071091750406237,-0.78623840727136,-0.004255948627761979,-2.355671033807513,-0.00019951830001297476,1.5766509304515148,0.7926137641579306
1693299802901946504,33,0,,-0.00029592277751022016,-0.7862496495297896,-0.004251639740172111,-2.3556678798606825,-0.00020135463997523751,1.5766843138910718,0.7926151794231128
1693299802912657350,34,0,,-0.0002915693365522367,-0.7862723931595695,-0.004249655132636512,-2.3556679063090216,-0.00020478157033506443,1.5767656479515066,0.7926192870706945
1693299802923362580,35,0,,-0.0002883724721456487,-0.7862983778210787,-0.004268773202169553,-2.3556686206968154,-0.0002039956450723327,1.5768079838980977,0.7926269813998927
1693299802933494492,36,0,,-0.00029113017539850796,-0.7863257357214647,-0.004289198990065596,-2.3556618805540617,-0.00020399564331913074,1.576808398706623,0.7926258316823384
1693299802943942226,37,0,,-0.0002883461151933863,-0.7863549205506616,-0.004314645655190869,-2.355664568790164,-0.00020411400608242274,1.5768082037871762,0.7926282054047388
1693299802954687464,38,0,,-0.0002943723036798989,-0.7863751161900477,-0.004349795565906869,-2.3556618406901526,-0.00020593085815524397,1.5768094593144395,0.792624880552292
1693299802964351663,39,0,,-0.00028837340451545604,-0.7863967758693903,-0.004371263330752127,-2.3556617569184684,-0.000204830974514899,1.5768091452091213,0.7926317963278794
1693299802974332265,40,0,,-0.00029603229528758876,-0.7864173546519746,-0.004382610892323736,-2.355661784389149,-0.00020652259816092357,1.5768073749424,0.792634280014559
1693299802984957453,41,0,,-0.00029682282284694794,-0.7864350984670705,-0.004400752529058572,-2.3556645409772736,-0.00020961531817190334,1.5768084431211125,0.7926365181497369
1693299802995560180,42,0,,-0.0002968023786963836,-0.7864557077722598,-0.004404008957645547,-2.3556564672035085,-0.00020699049569154128,1.5768089169554944,0.792633230799464
1693299803005425778,43,0,,-0.0002943258414228832,-0.7864656336563993,-0.004405070204799752,-2.3556590188405826,-0.00021011171076009989,1.5768100390950068,0.7926357217689451
1693299803016752957,44,0,,-0.00029401031803944606,-0.7864674053199222,-0.004405449278566487,-2.3556584856528144,-0.0002096197761559148,1.5768073347693903,0.792639519640725
1693299803026827793,45,0,,-0.00029059401452437696,-0.786468200913456,-0.004402943612779122,-2.3556585366607745,-0.00020961977682437444,1.576808860264804,0.7926380082590458
1693299803037736496,46,0,,-0.00028834612788283624,-0.7864653052951863,-0.004402230505002778,-2.3556610330503767,-0.00020961977682438574,1.5768123927149045,0.7926402748762051
1693299803047871095,47,0,,-0.00029576645378148254,-0.7864657992680626,-0.004400150664981606,-2.355658745802779,-0.00020961831555570278,1.576809680263915,0.792631616398716
1693299803057739649,48,0,,-0.0002890563235439526,-0.786457201749231,-0.004405422963255616,-2.3556589224430766,-0.00020961977679963902,1.5768082221808932,0.7926376834719132
1693299803068663178,49,0,,-0.00029349774457987203,-0.7864519051722055,-0.004400162475444516,-2.3556610679962935,-0.0002102301283868856,1.576812974972809,0.7926337613543855
1693299803078502484,50,0,,-0.0002918768646899485,-0.7864569547167788,-0.004400896041428602,-2.355667066147601,-0.00021023012838688576,1.5768093374081904,0.7926348356915198
1693299803088593838,51,0,,-0.00029184079283152854,-0.7864571948816074,-0.004402943625251414,-2.355664233594999,-0.00021023012838688576,1.5768095119724537,0.7926399219723207
1693299803098776863,52,0,,-0.0002932870064678835,-0.7864614803568686,-0.004402952380497689,-2.355661754077421,-0.00020961977682438574,1.5768122732501424,0.7926399661239097
1693299803110056296,53,0,,-0.0002883491581298457,-0.7864649902489357,-0.0044001598777999576,-2.35565440090914,-0.00021094220520980243,1.576807457800015,0.7926391277934153
1693299803120844754,54,0,,-0.00028834611521055624,-0.7864675769059034,-0.004397653899239085,-2.3556624737259844,-0.00020962026391394673,1.576811700581057,0.7926424159942935
1693299803131806586,55,0,,-0.00029434603708378625,-0.7864675844591225,-0.004402943612778919,-2.355663825710747,-0.00020890775412528106,1.5768111261842022,0.7926409043050874
1693299803142525793,56,0,,-0.0002912188648036673,-0.786473058173378,-0.004403344039916678,-2.3556638511232078,-0.00020890786236496162,1.5768088601653225,0.7926333098488829
1693299803152472359,57,0,,-0.00029126863631778364,-0.7864653354805514,-0.004408191613093605,-2.3556590213483872,-0.00020963292824528225,1.5768126425885902,0.7926348496092886
1693299803162533226,58,0,,-0.00029429628736960656,-0.7864705227473033,-0.0044108178935789236,-2.3556645283754793,-0.0002102301286096062,1.5768088616346778,0.7926376854889607
1693299803172705039,59,0,,-0.00029194691044281165,-0.7864620792530175,-0.004405698985511996,-2.3556645377222574,-0.0002102306154764505,1.576808103474208,0.7926380543605569
1693299803183823884,60,0,,-0.00029408629012049435,-0.7864604064870927,-0.004405528321763102,-2.3556645324385284,-0.0002110971194656321,1.576812441998978,0.7926387557021595
1693299803193829758,61,0,,-0.0002908021641529686,-0.7864643932350652,-0.0044030792046391345,-2.355658993039564,-0.00021024330482395995,1.576812078822492,0.7926380734989771
1693299803204924958,62,0,,-0.0002911901736163458,-0.7864597125375704,-0.0044061714832683485,-2.3556594484213984,-0.00021344394538470965,1.5768094593855555,0.7926384363391091
1693299803215595972,63,0,,-0.00029421182558659963,-0.7864649943210226,-0.004403029523638761,-2.355664438819571,-0.00021035002468204378,1.5768121974626308,0.7926369783723699
1693299803226483030,64,0,,-0.00029129203236880074,-0.7864624464045883,-0.004408745041488193,-2.355658941330785,-0.00021223500946944147,1.5768106367093813,0.792641826196584
1693299803238005613,65,0,,-0.00029397098889641317,-0.7864652272557566,-0.004405112166296127,-2.3556693352971028,-0.0002138983903109219,1.5768092644487897,0.7926417037605651
1693299803248765654,66,0,,-0.0002914366776903365,-0.7864670996040927,-0.004403328933155652,-2.3556617455749893,-0.0002102847065706155,1.576808438820484,0.7926362366273675
1693299803259381713,67,0,,-0.0002932636317228436,-0.7864698511364692,-0.004402325558206952,-2.355659690517655,-0.0002096198312535435,1.5768116962219245,0.792639963188003
1693299803269439016,68,0,,-0.00029126574842646856,-0.7864649946817994,-0.004402981967637813,-2.355658535693938,-0.00021133691011831682,1.5768123285220421,0.7926398425942733
1693299803280523099,69,0,,-0.00029113029967503323,-0.7864703083724637,-0.004402970024394549,-2.355664461154018,-0.0002099894800293014,1.5768097262573544,0.7926378741397992
1693299803290757230,70,0,,-0.0002884279457449191,-0.7864678229406333,-0.004403262606640939,-2.3556610568132217,-0.00021069819937338406,1.576809145670595,0.792642501201584
1693299803301927158,71,0,,-0.0002932606561380235,-0.7864703458947235,-0.004405154053847494,-2.355659680750754,-0.00021423593068165865,1.5768123241596208,0.7926382153422061
1693299803312769362,72,0,,-0.00029136994182928647,-0.786460417155178,-0.004402946908641239,-2.3556608343531393,-0.00021073772754625437,1.5768125623737494,0.7926403742283601
1693299803322403343,73,0,,-0.0002921647509589656,-0.7864643412344859,-0.004403091001890995,-2.355663596048546,-0.0002099807291216764,1.5768134926306212,0.7926424519989598
1693299803333938729,74,0,,-0.0002904799211628594,-0.786464318158653,-0.004406274855819191,-2.3556645154266747,-0.00021071721998546666,1.5768091584548003,0.7926396224694133
1693299803344665576,75,0,,-0.0002935017575504197,-0.7864622092031438,-0.004405898446837251,-2.355663817149018,-0.00021009782491181227,1.5768113431209474,0.7926381378066985
1693299803354873972,76,0,,-0.00029113324587620016,-0.7864622102612132,-0.004400435732073413,-2.355659614081019,-0.00021063102325045418,1.5768089124869298,0.792637152696787
1693299803364696901,77,0,,-0.00029136689909357427,-0.7864650019178088,-0.004403240923675312,-2.355658992268569,-0.0002109993638408155,1.5768124434530926,0.7926396616690652
1693299803375846249,78,0,,-0.0002913670086193501,-0.7864728475878205,-0.00441104510751689,-2.355659216289777,-0.00021069840991933933,1.5768081787606059,0.7926410878395753
1693299803385615813,79,0,,-0.0002957663495505991,-0.7864659567041721,-0.004405113188359412,-2.3556614760201673,-0.00021382535470333325,1.5768121627331966,0.7926425119932324
1693299803396892035,80,0,,-0.0002891616184363578,-0.7864697190359471,-0.004406434546672067,-2.3556589919726205,-0.00021354479314461197,1.5768113841557307,0.792639657328112
1693299803407682038,81,0,,-0.00028937463021812314,-0.7864659393706369,-0.004402405176967602,-2.3556643112679603,-0.00021465097195385254,1.5768084074478235,0.7926447499404725
1693299803418297634,82,0,,-0.00029055565407540415,-0.7864677688646841,-0.004403118544426445,-2.35566523004676,-0.0002102834084680125,1.5768085179035662,0.7926461741021935
1693299803428918534,83,0,,-0.0002911305370952882,-0.7864630153145886,-0.0043997878605045015,-2.355661498844101,-0.00021353764954421285,1.5768094722419839,0.7926410745941102
1693299803439808424,84,0,,-0.0002907953309609798,-0.7864652802722266,-0.004403218454916816,-2.3556594524947174,-0.00021028281431673617,1.5768125101375117,0.7926447497849486
1693299803449733129,85,0,,-0.0002939105870572383,-0.7864622472273418,-0.004403022851630743,-2.355661651689438,-0.0002128287237444592,1.5768121715140686,0.7926417999164069
1693299803459510606,86,0,,-0.00028867095249039524,-0.7864629405194444,-0.004403267656469546,-2.355663621572195,-0.00021429361786911406,1.576808203502217,0.7926410878395866
1693299803470846962,87,0,,-0.0002912178884550289,-0.7864652513468274,-0.004400987632873841,-2.3556673211471675,-0.00021501943581880373,1.5768084055443448,0.792639623949511
1693299803480371293,88,0,,-0.0002891702672123412,-0.7864678889744697,-0.0044025389743198775,-2.3556594610343704,-0.00021013487396088598,1.5768108799240335,0.7926447499478749
1693299803490444855,89,0,,-0.00029110388599309787,-0.7864619005651085,-0.004402326302234344,-2.35566149800087,-0.00021116499599826294,1.576809933367934,0.7926432240700554
1693299803501826784,90,0,,-0.00029050618177035837,-0.7864650812509683,-0.004406136193081331,-2.3556609650267974,-0.00021075641031981674,1.5768100512668566,0.7926469254248732
1693299803512043495,91,0,,-0.0002911399532651426,-0.7864703416144866,-0.004407934914718228,-2.355661748085434,-0.00021502374803245158,1.5768123922505592,0.7926410863685317
1693299803522801730,92,0,,-0.0002920887615539058,-0.7864624820828742,-0.004403289925634954,-2.355660980180025,-0.00021370074246202582,1.5768084191159084,0.7926454620253458
1693299803532829129,93,0,,-0.000288354996404963,-0.7864644293185072,-0.004400241819988733,-2.3556610670980946,-0.00021015029853423622,1.5768103911783193,0.7926447499485477
1693299803542698181,94,0,,-0.0002914235285062063,-0.7864645763333934,-0.004405425960958734,-2.3556617568003886,-0.00021501936429820363,1.5768084039004953,0.7926425119932324
1693299803553627931,95,0,,-0.00029126616263414897,-0.7864646277035992,-0.004408643977433425,-2.355661065317842,-0.0002111762714913898,1.5768111572496026,0.7926447499485477
1693299803563449098,96,0,,-0.000291131198576618,-0.7864699257548712,-0.004401216063087508,-2.355658919624066,-0.00021466429338318067,1.5768092252089805,0.7926403757627637
1693299803573738741,97,0,,-0.0002932912158680749,-0.7864650462696888,-0.004406504766227605,-2.355660980279537,-0.00021182753251354768,1.5768092372633389,0.7926411009215389
1693299803584738641,98,0,,-0.00029600308182835657,-0.7864723797396098,-0.004403061531923463,-2.3556652246897625,-0.00021015092994751226,1.576812300041971,0.7926384910197147
1693299803594470557,99,0,,-0.00028926685696601436,-0.7864646391435217,-0.004405189557891727,-2.3556617531022495,-0.0002132278205609847,1.5768104480982175,0.7926456909136023
1693299803605737582,100,0,,-0.00029120908817957064,-0.7864606785119251,-0.004406139440831565,-2.3556621684597743,-0.00021502381360839567,1.5768134654439494,0.7926381392784264
1693299803615326769,101,0,,-0.00029576645511767005,-0.7864682308908378,-0.004404008565853441,-2.3556608385238254,-0.00021392248246131842,1.5768096162134633,0.7926432240700804
1693299803625419361,102,0,,-0.0002886969618718833,-0.786464997436294,-0.004408642033073669,-2.3556610415771195,-0.0002114289286631913,1.5768124171533822,0.7926454620253708
1693299803636621225,103,0,,-0.00029113115110589795,-0.7864674405323326,-0.0044086363322407346,-2.355662397834062,-0.00021370137162272918,1.5768126383064471,0.7926439362002997
1693299803646831284,104,0,,-0.0002958553200426144,-0.7864659682531945,-0.00440332908313078,-2.3556596622421733,-0.00021395709416249244,1.5768132185707149,0.7926418406158174
1693299803656587579,105,0,,-0.00029576735730028783,-0.7864630021658424,-0.004408645099531158,-2.355659578680006,-0.00021216119665903185,1.5768088039989983,0.792641087840276
1693299803667100845,106,0,,-0.00029326982013779863,-0.7864625510615162,-0.004408645099976599,-2.355660829079039,-0.0002129404838231247,1.5768091587765516,0.7926451075219083
1693299803677397693,107,0,,-0.00028858317608555816,-0.7864650533280172,-0.004406267749325821,-2.355661517875474,-0.0002153413462648824,1.5768081686210473,0.7926472384065419
1693299803688697134,108,0,,-0.00029184435349291537,-0.7864652373282329,-0.004408408358155297,-2.3556638521756823,-0.00021501066665601635,1.5768112385135773,0.7926417999722332
1693299803702733725,109,0,,-0.0002913757028844641,-0.7864626284321128,-0.004404008878556119,-2.3556644389025863,-0.00021329369728517077,1.5768131031786383,0.7926425119932353
1693299803712615570,110,0,,-0.00028913533983050395,-0.7864632332803154,-0.004406514543772815,-2.355658746758542,-0.0002146638604192651,1.5768109900657175,0.7926400112472474
1693299803722642765,111,0,,-0.0002932899303187183,-0.7864681511910403,-0.004405420457190709,-2.3556642007950734,-0.00021465492504460222,1.5768085744863738,0.7926447892123495
1693299803733695221,112,0,,-0.00029397098445850675,-0.786460522406757,-0.004408636003469016,-2.355662219267532,-0.00021439593143229401,1.5768124478158378,0.7926389646912918
1693299803744802008,113,0,,-0.00029145754926680534,-0.7864652662417772,-0.0044111507537081505,-2.3556595885353713,-0.00021182802559273,1.5768136134527808,0.7926432127673226
1693299803755643297,114,0,,-0.0002883811872768856,-0.7864678315738591,-0.00440613847200276,-2.355664282997084,-0.00021354355685788076,1.5768102881624857,0.7926410878475623
1693299803765291232,115,0,,-0.00029398287942199804,-0.7864622106302727,-0.004411150753743003,-2.355661756807702,-0.0002146687293384987,1.5768084127815578,0.7926432633159122
1693299803776023226,116,0,,-0.0002882672547557606,-0.7864645881725366,-0.004405902717792616,-2.3556596618585512,-0.0002139015599393861,1.5768122985879038,0.7926472381016383
1693299803786406277,117,0,,-0.0002904776057261715,-0.7864625338705931,-0.004406121909420255,-2.3556623716516016,-0.00021501796889148982,1.5768088822793993,0.7926435816494223
1693299803798002764,118,0,,-0.0002911311611576846,-0.7864706579349533,-0.004406139337851277,-2.3556666107497306,-0.00021496975332711257,1.5768089060592896,0.792647598257858
1693299803807907819,119,0,,-0.000288426105654561,-0.7864681252268156,-0.00440542926098859,-2.355659434567725,-0.00021370139100036873,1.5768123029689673,0.7926447393193103
1693299803818639533,120,0,,-0.0002935071580299459,-0.7864681175941785,-0.004408644987724151,-2.3556589110144213,-0.00021013925784118132,1.5768085756328651,0.7926403757833765
1693299803829449196,121,0,,-0.0002890592233993918,-0.7864681519403164,-0.0044012248308244436,-2.3556636213271056,-0.00021440759953613678,1.576809938694395,0.7926425134467828
1693299803839440331,122,0,,-0.0002919322563028578,-0.7864653393480946,-0.004406138111191298,-2.3556617569014753,-0.00021259667269226643,1.5768085566771137,0.7926403757627883
1693299803850840389,123,0,,-0.00029328710720274753,-0.786468151191367,-0.004406139446186176,-2.355664539682072,-0.00021439884981591217,1.576812529405343,0.7926389908549747
1693299803861834228,124,0,,-0.00029113148602570636,-0.786465364064505,-0.004408645099976607,-2.3556596902727613,-0.0002144134686563901,1.5768130279125254,0.7926424918058215
1693299803872711656,125,0,,-0.0002911312573742267,-0.7864681521901494,-0.0044012250473119555,-2.355659460917791,-0.00021498436604697332,1.5768104345324798,0.7926421697772881
1693299803883935461,126,0,,-0.0002905906102695187,-0.7864645882260103,-0.004410772720987789,-2.3556616686870475,-0.00021502382007869392,1.5768122138552816,0.79264251637205
1693299803893645511,127,0,,-0.00028837245588070185,-0.7864678399459383,-0.004406060572758129,-2.355661439355203,-0.00021182802569172485,1.5768092651049712,0.7926385433475239
1693299803903559849,128,0,,-0.0002911332061593225,-0.7864706579032302,-0.004406139444857984,-2.3556608382436903,-0.00021370133779493537,1.5768117444779752,0.7926461745935782
1693299803913448802,129,0,,-0.00029121005720649765,-0.7864680617773281,-0.0044061394461936895,-2.3556614251690244,-0.0002150238203004978,1.5768093312897624,0.7926403757627721
1693299803924918659,130,0,,-0.00029645722332956824,-0.786468152189662,-0.004406139446193712,-2.355659613986426,-0.0002156175343610093,1.5768084409158398,0.7926440538840345
1693299803935726830,131,0,,-0.00029363583051741156,-0.7864679154048185,-0.004408645099976607,-2.355664531166706,-0.00021501066821510623,1.5768128718796468,0.792650235159448
1693299803945776183,132,0,,-0.00028655095840316824,-0.7864628616166399,-0.004408645099976607,-2.355662385555434,-0.0002135435746755037,1.5768122986358557,0.7926389521503501
1693299803956572707,133,0,,-0.00029184035123117855,-0.7864674241795268,-0.004408645099976607,-2.3556608371871146,-0.00021334804061494915,1.5768122998977467,0.7926442893591773
1693299803966566342,134,0,,-0.0002912100691820615,-0.7864660433651265,-0.004406139121463395,-2.3556589722383645,-0.0002144134506957955,1.5768130274793304,0.7926389646970519
1693299803977463833,135,0,,-0.0002912100215253514,-0.7864703982205746,-0.004403355386433106,-2.3556596817537803,-0.00021440031732066563,1.5768117535731216,0.7926407289755474
1693299803988650200,136,0,,-0.00028905632399285576,-0.7864681547566456,-0.004406139446193712,-2.3556614711800283,-0.0002129893150188409,1.5768126443860782,0.7926432241258845
1693299803999484807,137,0,,-0.0002932869984426568,-0.7864682042979444,-0.004411150753759501,-2.35566445654819,-0.0002144134146178516,1.5768103927095565,0.7926493942030898
1693299804009565487,138,0,,-0.0002913961607637874,-0.7864628626915069,-0.004408645099976607,-2.355661492217348,-0.0002144134687379978,1.5768132556651877,0.7926446143939321
1693299804019718506,139,0,,-0.00028835001639070177,-0.7864706579509552,-0.00440335538643494,-2.3556616548733396,-0.00021441346873891432,1.5768126562294973,0.7926444015175363
1693299804030545233,140,0,,-0.000291139952786737,-0.7864646633382198,-0.004408645099976607,-2.355658734336798,-0.00021441346873891432,1.5768127705270338,0.7926397029384443
1693299804041837338,141,0,,-0.00029139320177336595,-0.7864650562288723,-0.004408645099976607,-2.355656254806208,-0.00021502382030141434,1.5768132709012612,0.7926410765370017
1693299804052418120,142,0,,-0.0002861560589336833,-0.786465365025727,-0.004408645099976607,-2.3556616687180862,-0.00021502382030141434,1.5768131384110788,0.7926439361544401
1693299804063757515,143,0,,-0.00028584046319204124,-0.7864628269534603,-0.004411150753759501,-2.3556589068978733,-0.00021370139191599768,1.5768110429550692,0.7926412246348155
1693299804073465734,144,0,,-0.0002938755835855827,-0.7864646657985578,-0.004408645099976607,-2.3556621391649264,-0.00021502382030141434,1.5768117043052523,0.792646887796389
1693299804083936281,145,0,,-0.0002932636183367973,-0.7864706539801519,-0.004406139446193712,-2.3556590008724307,-0.00021441346873891432,1.5768126833620038,0.7926472468223025
1693299804093686032,146,0,,-0.0002938846037574059,-0.7864607564457821,-0.00440613847200276,-2.3556596612869862,-0.00021502382030141434,1.576813589065285,0.7926454751254896
1693299804104814634,147,0,,-0.00028834611659772104,-0.7864653682611883,-0.00440606053672118,-2.35566080418917,-0.00021502333321185335,1.5768117550344358,0.7926419588379772
1693299804114709058,148,0,,-0.0002911655699120462,-0.7864706580579511,-0.004406139444857373,-2.355661498023616,-0.00021502382029316543,1.5768084483527014,0.792641087842278
1693299804126639183,149,0,,-0.00028906505681874787,-0.7864653682374171,-0.004408648022549391,-2.3556615175526225,-0.00021441346873891394,1.5768124607899063,0.7926458086451906
1693299804137933229,150,0,,-0.0002904806424280014,-0.786466772257933,-0.004408645099977218,-2.355659662134558,-0.00021441330637572735,1.576810057099849,0.7926377833221031
1693299804148414397,151,0,,-0.0002883491940844266,-0.7864674578916543,-0.0044087236847133214,-2.3556594232303047,-0.00021370139191508115,1.5768132588515529,0.7926442685889742
1693299804158667201,152,0,,-0.0002938755836376938,-0.7864681526064029,-0.004406376500655964,-2.3556645405173726,-0.00021569205906384149,1.576810052236708,0.7926400118097485
1693299804169617613,153,0,,-0.0002932645898031588,-0.7864706579152893,-0.004406139447531892,-2.355661501783986,-0.00021502382005394722,1.5768092781110161,0.7926389908609595
1693299804180583623,154,0,,-0.0002962233611966918,-0.7864681521901727,-0.004406139446193719,-2.355664538105952,-0.0002137013919159963,1.5768126533087463,0.7926390708004597
1693299804190823725,155,0,,-0.000291165571298645,-0.7864630195364143,-0.004408645099976607,-2.3556608269113277,-0.00021502382030141434,1.5768116371328502,0.7926447898424452
1693299804201570756,156,0,,-0.0002936476272548161,-0.7864646633249615,-0.004408645099976607,-2.3556610413774655,-0.00021369993064731472,1.5768144246123632,0.7926404949541092
1693299804211451483,157,0,,-0.0002936361536592569,-0.7864731549260052,-0.00440335538643494,-2.355661424227657,-0.0002147685570041327,1.5768128146724887,0.7926447893579286
1693299804222792053,158,0,,-0.00029328699443534155,-0.786463027882168,-0.004408645099976607,-2.355663817847142,-0.00021574028293486363,1.57681043480964,0.7926512425231615
1693299804233675450,159,0,,-0.0002957697492810908,-0.7864680742828191,-0.004411150753759501,-2.355661785458683,-0.0002144129816741114,1.5768124178355423,0.7926432289398146
1693299804243784873,160,0,,-0.0002919202655615473,-0.7864681522958493,-0.004408653867695166,-2.3556624718013683,-0.00021182802568348014,1.5768135850231486,0.7926440387094662
1693299804256600539,161,0,,-0.0002942868223554773,-0.7864653595706184,-0.004408724045541283,-2.3556642234825484,-0.00021502381428796296,1.5768128146727058,0.7926490284536719
1693299804265720633,162,0,,-0.0002911312025834591,-0.786468143309238,-0.004409355286516844,-2.3556609830092206,-0.0002150238203013125,1.5768112632010607,0.7926455979240228
1693299804276932192,163,0,,-0.0002883490377188022,-0.7864679096269062,-0.004406139450202736,-2.3556638404500494,-0.00021369652102038773,1.576810094876277,0.7926489943685765
1693299804286852815,164,0,,-0.000289059210030746,-0.7864680481845433,-0.00440613944619378,-2.3556589977518834,-0.0002144134686564253,1.5768124612387304,0.7926418001377358
1693299804297747118,165,0,,-0.0002883548867776873,-0.7864628540232452,-0.00440335538643494,-2.355656177788374,-0.0002137028531846802,1.5768128132172423,0.7926469141220678
1693299804307828964,166,0,,-0.0002907221237949656,-0.7864699299401676,-0.00440335538643494,-2.3556590093404566,-0.00021441346876366108,1.5768122052631013,0.7926432323340157
1693299804317853287,167,0,,-0.0002957752615780492,-0.7864681176176681,-0.004410775763829908,-2.3556589987044574,-0.00021182802569172902,1.576813692393198,0.7926421305477642
1693299804328717732,168,0,,-0.00028333806694877525,-0.7864653682372159,-0.004400849744679704,-2.355662437714409,-0.00021502331517149925,1.576813589229375,0.7926450069532984
1693299804339746717,169,0,,-0.000295793947132411,-0.7864653682374118,-0.004408645099976675,-2.355664514475328,-0.00021502376617750054,1.5768128140265438,0.792640015849382
1693299804350870864,170,0,,-0.0002893021160169588,-0.7864647346109906,-0.004401562840428185,-2.355663815364376,-0.0002150238203011088,1.5768117413066802,0.7926490131084647
1693299804361520025,171,0,,-0.0002910290275280761,-0.7864681522720723,-0.004406139450219226,-2.35565692608752,-0.00021502382030141434,1.5768127754208718,0.7926451590867841
1693299804371590374,172,0,,-0.00028813617002595017,-0.7864605642909009,-0.004408644125785724,-2.355656411027086,-0.00021370139191599768,1.576812812734056,0.7926393106567393
1693299804382533211,173,0,,-0.0002890683010793759,-0.7864653682385823,-0.004406384942307867,-2.3556614479489117,-0.00021502382030141434,1.5768127695588838,0.7926390737093655
1693299804393296745,174,0,,-0.0002911302151094003,-0.7864653673814321,-0.0044061394475795445,-2.355660837512474,-0.00021370139191599768,1.5768104432615107,0.7926391979841017
1693299804404743831,175,0,,-0.0002914050000383537,-0.7864681262611198,-0.004408645099976615,-2.3556663036593037,-0.00021502398266460133,1.5768136284568903,0.7926435716373467
1693299804415412502,176,0,,-0.0002914541622424997,-0.7864681433092378,-0.004403364154153499,-2.3556621307667025,-0.00021370139191691424,1.5768124614062426,0.792643214280616
1693299804425985732,177,0,,-0.000293980983116684,-0.7864681532599953,-0.004403355386583422,-2.3556561578956505,-0.00021573589712433103,1.576811749215767,0.7926404208467738
1693299804435439299,178,0,,-0.0002890592582599394,-0.7864660337477032,-0.004403583347117479,-2.3556571835989546,-0.00021441346873891438,1.5768120978804774,0.7926484805603102
1693299804445801945,179,0,,-0.0002932607038340459,-0.786465371090465,-0.00440590272165315,-2.3556571071447348,-0.00021441785254496329,1.5768104495345623,0.7926511701161936
1693299804456389920,180,0,,-0.0002883724298968786,-0.7864674502869259,-0.004406165748013072,-2.35565914025376,-0.00021441346876366108,1.576814324521439,0.7926470078693031
1693299804467269285,181,0,,-0.00029113410787401703,-0.7864704239435703,-0.004406139446342186,-2.3556607336547346,-0.00021370139191599782,1.576812814672123,0.7926477575116546
1693299804477852949,182,0,,-0.0002912094077729633,-0.7864702612129206,-0.004406139446193714,-2.355660835292338,-0.00021371454333414454,1.5768124488626425,0.79264437370007
1693299804488844477,183,0,,-0.0002912092277511847,-0.786468074165272,-0.004408326539535626,-2.3556652586320337,-0.00021506327463009504,1.5768126837973655,0.792645978277637
1693299804498537707,184,0,,-0.00028913552155460467,-0.7864681522958473,-0.0044086450945817575,-2.355662210101317,-0.0002144134694070769,1.5768136284726546,0.792638497488607
1693299804508733469,185,0,,-0.0002905847785928296,-0.7864632618856372,-0.00440613944619362,-2.355664529599643,-0.00021441346873892565,1.5768128015908356,0.7926494097111325
1693299804519754367,186,0,,-0.00028611226837269087,-0.7864653595230621,-0.004400849732652045,-2.3556636226236987,-0.00021502235903273138,1.576809635758326,0.7926430131684896
1693299804529920924,187,0,,-0.0002942981908259444,-0.7864681522970228,-0.004408645099976607,-2.355658963735119,-0.00021370139189125098,1.5768096487865169,0.7926494102462818
1693299804540565932,188,0,,-0.0002958582604292479,-0.7864660462663884,-0.004406113143038034,-2.355663508146297,-0.00021298931509308088,1.5768176206889541,0.7926477698468719
1693299804550657844,189,0,,-0.0002912094453434348,-0.7864653711976745,-0.0044061394457482654,-2.3556589932321748,-0.00021441346873891432,1.5768128534879542,0.7926413627559004
1693299804561441077,190,0,,-0.00029048864724850944,-0.7864706576299777,-0.0044107756916676125,-2.3556592501628866,-0.00021764871760304066,1.5768167957610764,0.7926453863894629
1693299804572303071,191,0,,-0.00029137567869509136,-0.7864660462663865,-0.004408645112003859,-2.3556587721646673,-0.00021441348700198886,1.5768136284927503,0.7926487778090685
1693299804582904282,192,0,,-0.0002891629094647429,-0.7864681522615046,-0.00440590271779282,-2.355659217199644,-0.0002157358971246403,1.5768136226606702,0.7926425513261479
1693299804593385895,193,0,,-0.00029577836495351995,-0.7864674502869096,-0.004406139444857373,-2.3556609574696057,-0.00021502382030141436,1.5768144422769215,0.7926454643414943
1693299804604421942,194,0,,-0.00029047664409281317,-0.7864681407374831,-0.004408645099976599,-2.355659448642445,-0.00021573589712433103,1.576815516985493,0.7926397228972426
1693299804614797746,195,0,,-0.0002913698576418843,-0.786465342236836,-0.004408645099976607,-2.3556642225375364,-0.00021381975467931938,1.5768096312940665,0.7926436789017887
1693299804624796209,196,0,,-0.0002913673360664853,-0.7864653682369714,-0.004400841939124437,-2.3556616520380067,-0.00021514267215878082,1.5768135877215532,0.7926485458947504
1693299804635465090,197,0,,-0.0002883461165321602,-0.7864706579509534,-0.004403592114792041,-2.3556624633091796,-0.0002137013925869199,1.5768128146725575,0.7926490079615925
1693299804645642546,198,0,,-0.00029114002492571563,-0.786468152190173,-0.00440864542871594,-2.3556584566448393,-0.0002144134687389257,1.576814442276954,0.7926430359907454
1693299804656774882,199,0,,-0.00029144320930514175,-0.7864688543074305,-0.004403355386436795,-2.355658746300452,-0.0002137013919159977,1.5768136283133654,0.7926419211089938
1693299804670260031,200,0,,-0.00029428660968711166,-0.7864628625955175,-0.004411150753759501,-2.3556642319737184,-0.00021441346873891438,1.5768127754269283,0.7926405230846101
1693299804680811269,201,0,,-0.00029328797327559015,-0.7864681417031021,-0.004406140420384663,-2.355657176448733,-0.00021502382030141436,1.5768111666956524,0.7926437537269462
1693299804690464201,202,0,,-0.00029113021149465476,-0.7864713830724835,-0.004411012384004063,-2.355661727592875,-0.00021370577572204664,1.5768124380151518,0.7926440619712813
1693299804701651397,203,0,,-0.0002913785891202639,-0.7864653679205127,-0.004406165762712777,-2.3556610648977627,-0.00021502235905747807,1.5768140760294072,0.7926407632246989
1693299804711680294,204,0,,-0.00029587156045312354,-0.7864680742960249,-0.004408645100422279,-2.355664276418944,-0.00021441346871416806,1.5768136284686687,0.7926452356144563
1693299804721471773,205,0,,-0.00029389900160484497,-0.7864654430273074,-0.004408645099976614,-2.355662235641638,-0.00021441346873891394,1.5768121024344592,0.7926463247977114
1693299804731887867,206,0,,-0.0002914720059623779,-0.7864653681316808,-0.004409328982024217,-2.35565417002211,-0.00021441346873891432,1.576813615392916,0.7926439292313926
1693299804742597671,207,0,,-0.00029113125929647175,-0.7864653509038244,-0.004405485981986482,-2.355658742547732,-0.00021441346873891432,1.5768144373778779,0.7926375892355937
1693299804753842818,208,0,,-0.00029350715758451855,-0.7864681522970726,-0.004404065583665501,-2.3556615523931925,-0.00021502382030141434,1.5768136284748433,0.7926474794758767
1693299804763871059,209,0,,-0.0002914487698454056,-0.7864681522971705,-0.004408645112003859,-2.3556614390961284,-0.0002140564802059628,1.576810567298053,0.7926426233572881
1693299804774766300,210,0,,-0.00029113147564823816,-0.7864635376305324,-0.004403592114836103,-2.355663536189564,-0.00021502382230589813,1.5768128146555072,0.7926444079684813
1693299804784815394,211,0,,-0.0002911301749741781,-0.7864681523086025,-0.004406139450202728,-2.355661682811643,-0.00021370139191603164,1.5768128146727876,0.7926484410171887
1693299804794345808,212,0,,-0.00029363582873504575,-0.7864667473136722,-0.004411150753759569,-2.3556616680567264,-0.00021502382030141436,1.5768133869994758,0.7926416155408346
1693299804804833305,213,0,,-0.0002936358287350454,-0.786468152273377,-0.0044008498408954835,-2.3556561551270607,-0.00021441346873891438,1.5768136282954943,0.7926459715857135
1693299804815784420,214,0,,-0.00028843379078205176,-0.7864681782975503,-0.004405485942045413,-2.3556589730412987,-0.0002137013919159977,1.57681277542693,0.7926505411110888
1693299804825986830,215,0,,-0.00029047663348292726,-0.7864628654730003,-0.004406139482274858,-2.355665172612594,-0.00021441395582847534,1.5768159892258604,0.792649157658015
1693299804835875064,216,0,,-0.00029113150993027495,-0.7864673713228415,-0.004406139446194323,-2.355659372081086,-0.00021502382030966325,1.576812932464119,0.7926467570685591
1693299804845657063,217,0,,-0.00029048832209923117,-0.7864674753110868,-0.004403364478883815,-2.3556621345113116,-0.00021502382030141447,1.5768121025979596,0.7926476393527323
1693299804856456195,218,0,,-0.0002918695845094473,-0.7864699559725369,-0.004406139446245039,-2.3556615271752324,-0.00021374084617043827,1.5768125702364566,0.7926421945366552
1693299804866645485,219,0,,-0.00029364753133550095,-0.7864683873586771,-0.004406139446193713,-2.355658919526909,-0.00021547873427697084,1.5768128127167993,0.7926440787707434
1693299804877755927,220,0,,-0.0002918433058865754,-0.7864681522984974,-0.004406849956127316,-2.355658997656896,-0.00021441347475236952,1.5768120895140016,0.7926418421777388
1693299804888799474,221,0,,-0.00029350131656479754,-0.7864628548798125,-0.004403355498689228,-2.355660987373131,-0.00021573589712436497,1.5768121027573965,0.7926464505444155
1693299804898808317,222,0,,-0.0002943723438353903,-0.7864706550618917,-0.0044088818283796035,-2.3556587633334365,-0.0002137364623643893,1.5768117493832579,0.792648582417832
1693299804909236753,223,0,,-0.00029364557462476946,-0.7864688543074149,-0.004410775656922807,-2.3556621312454697,-0.00021441346893688807,1.5768131182767409,0.7926391267612334
1693299804919348314,224,0,,-0.00029184034738544975,-0.7864681609758524,-0.004408645136057775,-2.355661497684006,-0.00021441346873891768,1.5768128146641474,0.7926502156221582
1693299804929815379,225,0,,-0.00029115681437998764,-0.7864632622067765,-0.00440400889058446,-2.3556615521258757,-0.00021445292299335494,1.5768104364785307,0.7926479919568706
1693299804939644380,226,0,,-0.0002865503094025169,-0.7864681522615046,-0.0044033554585972325,-2.3556610558191493,-0.0002151421837328973,1.5768128013752731,0.7926454563220454
1693299804950499061,227,0,,-0.0002938988595081772,-0.7864653413671964,-0.004403355386435347,-2.355658660743398,-0.0002144139564966404,1.5768144540667868,0.7926404228379482
1693299804961516056,228,0,,-0.000291446890970865,-0.7864683862847229,-0.004404035193739527,-2.3556616545104156,-0.0002150632745586083,1.5768144030311642,0.7926472798616854
1693299804971347595,229,0,,-0.0002936650592948833,-0.7864653682413744,-0.004406165713713689,-2.355660808853318,-0.00021442662082522254,1.5768126969345533,0.7926495047536525
1693299804982403708,230,0,,-0.0002933689694698995,-0.7864681522971705,-0.004403355422664367,-2.3556589872366636,-0.00021502382037565825,1.5768136284742065,0.7926457251762293
1693299804993964454,231,0,,-0.00029641718617371706,-0.7864683872635677,-0.004409390356054335,-2.355663741248123,-0.00021821966903216286,1.576812814726623,0.7926392412930866
1693299805004757987,232,0,,-0.00029184038485724663,-0.786462832732667,-0.004408724338380948,-2.3556590017484202,-0.00021573607752817763,1.576812814672788,0.7926449870763957
1693299805014637971,233,0,,-0.000296378543359227,-0.7864653682369062,-0.004406376175936717,-2.355662440202807,-0.00021370139191905283,1.5768136139393685,0.792648305568172
1693299805025655941,234,0,,-0.000293497417184538,-0.7864635587803614,-0.004408645101312953,-2.3556645330830803,-0.0002137013919159977,1.5768128174183007,0.7926497648638305
1693299805035795499,235,0,,-0.0002911302150416058,-0.7864681436421673,-0.004406139446193735,-2.35565897588091,-0.00021441785254496329,1.576813942280265,0.7926476301629662
1693299805045744960,236,0,,-0.0002919543254863561,-0.7864653759410815,-0.004406139446193712,-2.3556617008378855,-0.00021502382037565448,1.5768136284801852,0.7926478616039211
1693299805056649942,237,0,,-0.0002912178551931776,-0.7864653692004323,-0.004406139554437151,-2.3556594495407404,-0.00021299369889913038,1.5768144424384598,0.7926451435952554
1693299805066568792,238,0,,-0.0002865798603598325,-0.7864681433094011,-0.004406148538644421,-2.355658967490826,-0.00021441346881315447,1.5768136284748737,0.7926463377906768
1693299805077870397,239,0,,-0.00028837350445858436,-0.7864681551860508,-0.004408671403183611,-2.3556596621577426,-0.0002150282041074637,1.5768128146727878,0.7926464490789175
1693299805087641143,240,0,,-0.0002913941763552169,-0.7864653682374606,-0.0044033553868803865,-2.355654389535989,-0.00021370139199023783,1.5768136153929189,0.79264727874774
1693299805098977367,241,0,,-0.00029329673765587775,-0.7864685519201713,-0.0044062300459521584,-2.3556635966473203,-0.00021502387442247708,1.5768104495604092,0.792648418951618
1693299805109503433,242,0,,-0.0002918768368252588,-0.7864706579390647,-0.004403355386946378,-2.355658921089024,-0.00021502382030171987,1.5768159935692307,0.7926462057004601
1693299805119697667,243,0,,-0.0002940877774548388,-0.7864707333841544,-0.004408653867695175,-2.3556610412297116,-0.00021441346873891438,1.5768143241087025,0.7926478732323179
1693299805130648521,244,0,,-0.0002911566025659728,-0.7864706550624481,-0.004406142368816059,-2.3556614384778354,-0.00021547873360880962,1.576814446636938,0.7926439831738318
1693299805141635481,245,0,,-0.00029329035006818443,-0.7864681522971542,-0.00440613944621021,-2.3556595800784037,-0.00021441347475236572,1.5768140892257747,0.792647604000392
1693299805151544035,246,0,,-0.0002858434205128617,-0.7864681522971705,-0.004408645099976607,-2.3556617470121934,-0.00021441346873901618,1.5768144422709753,0.7926479749803972
1693299805162865053,247,0,,-0.00029113309748847737,-0.7864708922753659,-0.004408645099976607,-2.355664455944063,-0.00021445292299335494,1.576812581918694,0.7926433893735051
1693299805173714943,248,0,,-0.0002885919315825635,-0.7864629396231146,-0.00440335538643494,-2.3556624480873904,-0.00021502382052413475,1.5768133929938233,0.7926451426628506
1693299805183360376,249,0,,-0.00029121700779873906,-0.7864681522984751,-0.004403437218474825,-2.3556638407339103,-0.00021441346873891812,1.5768136284708831,0.7926444320574981
1693299805194507451,250,0,,-0.0002933436570077705,-0.7864705802708056,-0.004408645425168868,-2.35565889089155,-0.00021441346873891438,1.5768136284748708,0.7926432541934308
1693299805205432500,251,0,,-0.0002932959188095023,-0.7864706579505149,-0.00440864542470876,-2.3556557518279595,-0.00021441346873891438,1.5768128146727876,0.7926444320388149
1693299805215492710,252,0,,-0.0002937245151739883,-0.7864653682374118,-0.004408645099982106,-2.3556589749712695,-0.00021470818626588984,1.5768136299284212,0.7926471626272443
1693299805226447168,253,0,,-0.00029121005765580144,-0.7864688552704081,-0.004406849631396999,-2.35565965564911,-0.000215023818519651,1.5768157462975878,0.7926450339901846
1693299805237743655,254,0,,-0.00028916149861897816,-0.7864682216354855,-0.004407165273274143,-2.355661773623311,-0.0002144134687389043,1.5768155004734885,0.7926495183235278
1693299805248732422,255,0,,-0.0002883548873551094,-0.7864654462389432,-0.004406928546654855,-2.3556617004144536,-0.00021506327455585492,1.5768144422829278,0.7926479924416376
1693299805259382091,256,0,,-0.000291165245237139,-0.7864632623140674,-0.004406142409302207,-2.3556637415135215,-0.0002137013921387181,1.576811262716544,0.7926418408889806
1693299805269591104,257,0,,-0.00029114002551961133,-0.7864706579152894,-0.004408645100026787,-2.3556624378214184,-0.0002137145433341483,1.5768146880591543,0.7926509293858418
1693299805279391577,258,0,,-0.0002886101162994256,-0.7864681522971698,-0.004408645424706924,-2.3556636188089155,-0.00021441346896163477,1.576812775444875,0.7926440788445915
1693299805290803107,259,0,,-0.00029434712098875507,-0.7864628625836289,-0.004411150753761334,-2.3556616547676383,-0.00021608908517131085,1.5768136270210993,0.7926502304494671
1693299805300517298,260,0,,-0.0002911564896745494,-0.7864681262967904,-0.004406149188103222,-2.355659579133664,-0.00021502383834176846,1.5768152691609654,0.792642551512254
1693299805311739720,261,0,,-0.00029113017510069806,-0.7864702861471423,-0.004403356360680884,-2.355658998976204,-0.00021370139191609951,1.5768104495605568,0.7926472803628125
1693299805321410617,262,0,,-0.00029367089897051717,-0.7864706579870903,-0.004406140420401161,-2.355658304414307,-0.00021441346873891438,1.5768139816337456,0.7926495183201299
1693299805331437372,263,0,,-0.00029602937289973676,-0.7864709035100986,-0.004406244658832919,-2.355664537706436,-0.0002144266201570612,1.5768136284808518,0.7926516545505986
1693299805342582391,264,0,,-0.0002918531330767413,-0.7864681532726232,-0.004406139451539068,-2.35565917473368,-0.00021573589779249228,1.5768128277547402,0.7926418408889806
1693299805352982523,265,0,,-0.0002937501451119258,-0.7864706582719475,-0.004406148213912281,-2.355658332490163,-0.00021441346873891562,1.576814442276979,0.7926502303962882
1693299805363272307,266,0,,-0.0002876373442420061,-0.7864653682374135,-0.004406148538692082,-2.3556607238171763,-0.0002144530853565419,1.5768144421154486,0.7926502302354472
1693299805373447784,267,0,,-0.00029397775152777193,-0.7864702063271923,-0.0044040655717922095,-2.3556596537577033,-0.00021441346940982524,1.5768128190334358,0.7926479924416349
1693299805383564971,268,0,,-0.0002884260031868845,-0.7864653681651995,-0.004406218367687795,-2.355658691925384,-0.0002144134687389257,1.576812814511356,0.7926476411715977
1693299805394730720,269,0,,-0.0002939708644761271,-0.7864681609639633,-0.004406849631842513,-2.3556571084221924,-0.00021371454333414454,1.5768121025421287,0.7926502304030093
1693299805405810792,270,0,,-0.0002883474301267643,-0.7864681522615535,-0.004406226477927688,-2.3556645154199125,-0.00021441346881315447,1.5768136284748706,0.7926472803648147
1693299805416457972,271,0,,-0.0002914556931328279,-0.7864706582719455,-0.0044086452447924885,-2.3556637667242835,-0.00021502382030141477,1.5768136284748708,0.7926479924416376
1693299805426573738,272,0,,-0.0002932610219939869,-0.7864681522971758,-0.004403364478886268,-2.3556590100092656,-0.00021441346873891438,1.576814442276954,0.7926465682879918
1693299805436710305,273,0,,-0.0002921647829845743,-0.7864660789144657,-0.004406849956281298,-2.3556596027514995,-0.0002137013919159977,1.5768136284748708,0.7926516506805211
1693299805446746444,274,0,,-0.000291445932834019,-0.7864706608519199,-0.004406139458226262,-2.3556596638166662,-0.0002140564802059628,1.5768136289593877,0.7926451397736296
1693299805457614533,275,0,,-0.0002919455597092724,-0.7864706579509697,-0.0044033584172513,-2.3556624622481697,-0.0002145449849248667,1.5768152815103558,0.7926465682879672
1693299805468833927,276,0,,-0.00029387266566880093,-0.7864675522693337,-0.004404144481122368,-2.355668005837762,-0.00021502382104382706,1.5768145600324692,0.7926451441343458
1693299805478813660,277,0,,-0.00029207999784029617,-0.7864653682743985,-0.004409619412534445,-2.3556561344906144,-0.00021381975467933196,1.5768137564138358,0.7926487045180466
1693299805489756824,278,0,,-0.0002913756719622132,-0.786465368237412,-0.004408671516875746,-2.3556644602113717,-0.0002150238209695756,1.576809631403065,0.7926495183201299
1693299805499929038,279,0,,-0.0002883815143107639,-0.7864706926181267,-0.004409367300648995,-2.3556590005968023,-0.0002150282041074746,1.5768128146188787,0.7926429061785132
1693299805510421347,280,0,,-0.0002883549911935426,-0.7864681524043636,-0.004408270005880418,-2.3556670151240953,-0.00021371454335889124,1.5768136284748706,0.7926458562111688
1693299805521493327,281,0,,-0.00029191925530031325,-0.7864688543074317,-0.004403355723192328,-2.3556596609819818,-0.00021441346881315463,1.5768121069566157,0.7926458606263277
1693299805531719800,282,0,,-0.00029184036058354726,-0.7864649687332969,-0.004403364587132958,-2.3556536836596687,-0.00021441346873891562,1.5768104495605568,0.792650586571346
1693299805541921329,283,0,,-0.00029124416524448164,-0.7864702814750691,-0.0044068496315528135,-2.355661515838978,-0.00021371454333414454,1.5768146880591651,0.7926472803708465
1693299805551842833,284,0,,-0.0002883475242628919,-0.7864674483038715,-0.004409355621937262,-2.3556587712157833,-0.0002137013921387181,1.5768136284928151,0.7926444320575231
1693299805562960987,285,0,,-0.0002945836992738759,-0.7864707446306288,-0.0044062183596716605,-2.355660982997743,-0.00021477104059194316,1.576813628474871,0.7926437199807002
1693299805574656828,286,0,,-0.00029374141232266796,-0.7864660702520762,-0.0044121067638219795,-2.355659612794214,-0.00021691039228761305,1.5768139816875808,0.7926495188107031
1693299805584840761,287,0,,-0.00029074972528685464,-0.7864654462389921,-0.004406928649707104,-2.355661672488863,-0.00021441298366212016,1.5768104364787523,0.7926451441343462
1693299805594605383,288,0,,-0.00028834615589872674,-0.7864702583292734,-0.004405488877982886,-2.35565710734113,-0.00021370139190778287,1.576813626967264,0.7926472936102912
1693299805605868181,289,0,,-0.00029364495709903416,-0.7864603569417346,-0.004408645112020229,-2.3556589932836802,-0.00021370139191599765,1.5768146881129919,0.792647651198989
1693299805615451403,290,0,,-0.0002918416462726019,-0.786465368237412,-0.004411162444051117,-2.3556609793359766,-0.00021371454333414454,1.5768117489166833,0.7926495188652195
1693299805626215975,291,0,,-0.00029113895455984727,-0.7864706579509534,-0.004408509652975499,-2.3556609826864934,-0.00021480611126305392,1.5768163818418997,0.7926429061785224
1693299805636548296,292,0,,-0.000292156340194078,-0.7864652903432691,-0.0044061511859461566,-2.355659613668992,-0.0002137408524066113,1.5768135107614576,0.7926458562111689
1693299805650703009,293,0,,-0.00029399750880435986,-0.7864706579496342,-0.004403446311122514,-2.355656151837932,-0.0002154787342770765,1.5768136299264277,0.7926465682879918
1693299805661697046,294,0,,-0.0002918403487565461,-0.7864653683444092,-0.004404075313554074,-2.3556635120693863,-0.00021502382037565454,1.57681175454416,0.7926465727031506
1693299805671783181,295,0,,-0.0002957663575666559,-0.7864681522971723,-0.004408645220412074,-2.3556607524641042,-0.00021441346873891562,1.5768136286184231,0.7926429105937468
1693299805681972877,296,0,,-0.0002913673680881307,-0.7864681522971705,-0.004410784423307067,-2.355664435036361,-0.00021573589712433103,1.5768136284748735,0.7926459752590276
1693299805692856731,297,0,,-0.0002883490751324526,-0.7864681513341935,-0.004410775667663011,-2.3556596552093088,-0.00021441346873891438,1.5768089193209263,0.7926487045187186
1693299805702336141,298,0,,-0.00029423681336092534,-0.7864681522971542,-0.0044041446254300485,-2.355658230415487,-0.0002160895722608706,1.576813628420962,0.7926444320575231
1693299805712774526,299,0,,-0.0002943216189910434,-0.7864730851756064,-0.004413281322735194,-2.355659422909906,-0.00021502383835001737,1.5768136662671766,0.7926490522432913
1693299805722797487,300,0,,-0.0002936475728609202,-0.7864628654712317,-0.0044111540371440435,-2.3556562397018137,-0.00021441346873922001,1.5768104510146732,0.7926527369888956
1693299805733786305,301,0,,-0.00029350726588616083,-0.7864681522971867,-0.004403592114854571,-2.3556635853043564,-0.0002137013919159977,1.5768136677027909,0.7926451441525154
1693299805744280889,302,0,,-0.0002913669485408049,-0.786464666227151,-0.004406139447530051,-2.3556594493764136,-0.00021441352285997666,1.5768145592072178,0.7926527369709478
1693299805755581487,303,0,,-0.00029136733334403174,-0.7864684151859389,-0.004403364262396945,-2.355661650735637,-0.0002137013919163032,1.576813746213101,0.7926504990338018
1693299805765689038,304,0,,-0.00028838511826836163,-0.7864653673145031,-0.0044063790985204975,-2.355662470887042,-0.000214766656785893,1.5768131679034427,0.7926472808553906
1693299805776468319,305,0,,-0.0002936023379303234,-0.7864681522971698,-0.004408980187157177,-2.3556616714242664,-0.00021370139258415895,1.5768121030807032,0.7926487045180469
1693299805786974142,306,0,,-0.0002883558987917507,-0.7864702323275724,-0.0044061746734195845,-2.3556608258601424,-0.00021583382189878597,1.5768144437305127,0.7926496375294195
1693299805797658516,307,0,,-0.0002911301750073794,-0.7864688539981807,-0.004408645100175465,-2.3556642849286766,-0.00021298932311101618,1.5768136284748793,0.7926479880816597
1693299805807658173,308,0,,-0.0002883462234348472,-0.7864706589258138,-0.0044113874821606,-2.3556583060313563,-0.00021441346873905012,1.5768136289593877,0.7926429061784394
1693299805818624265,309,0,,-0.00029055554002855026,-0.7864628625836343,-0.004408646075503896,-2.355660723782034,-0.00021441346873891438,1.5768136289055552,0.7926465682879917
1693299805828682650,310,0,,-0.00029191961739141406,-0.7864704499479132,-0.004406142368783086,-2.3556616547553477,-0.00021502382030141436,1.5768107635273436,0.7926487045180466
1693299805838443441,311,0,,-0.00028902627951512373,-0.7864653951972462,-0.004406379097217155,-2.35566167967757,-0.00021441346873891438,1.576814442228436,0.7926502303969528
1693299805849834087,312,0,,-0.0002911330855952218,-0.7864653596064364,-0.0044108019600949825,-2.3556586663300636,-0.00021502382030141436,1.576814442276954,0.7926421941016903
1693299805859580658,313,0,,-0.0002911343964186751,-0.7864653682372655,-0.004408349056040661,-2.35565943547229,-0.00021502382030141436,1.5768128146727876,0.7926437199807
1693299805870340581,314,0,,-0.0002886618916583887,-0.7864727903387735,-0.004406218368134056,-2.355661439098643,-0.0002144271613676845,1.5768128196794609,0.7926495580565597
1693299805881715284,315,0,,-0.00028834709114915365,-0.7864752696475557,-0.004403601207730428,-2.3556617451576494,-0.00021476665686318821,1.5768137462124692,0.7926509557194766
1693299805891912282,316,0,,-0.00029047771442933636,-0.7864706608755505,-0.004406139450356717,-2.355663772533046,-0.00021502383834176976,1.5768136284768648,0.7926490768245038
1693299805902672747,317,0,,-0.0002885870727329684,-0.786468230298327,-0.004408645136057776,-2.355661492961446,-0.00021441330637582922,1.5768135892290145,0.7926517738325768
1693299805913874703,318,0,,-0.00029184034858061465,-0.7864681535815802,-0.004408506838448312,-2.355659681173131,-0.0002144134687379978,1.5768136153926973,0.7926483532490939
1693299805923526630,319,0,,-0.00029336699690484083,-0.7864706608399062,-0.004406140460476659,-2.3556614390066084,-0.000212989315093081,1.576815994071471,0.792645142698965
1693299805934817767,320,0,,-0.0002913667312630902,-0.7864653683444255,-0.004408272924382152,-2.3556568774497233,-0.00021514218306473604,1.5768128146369003,0.7926509423122621
1693299805945841045,321,0,,-0.0002883454670710693,-0.786469114311232,-0.004403434632675836,-2.3556594317319983,-0.00021501943716352667,1.5768136328355216,0.7926458548121258
1693299805956618875,322,0,,-0.00028662968602683934,-0.7864628625890594,-0.004406482470099254,-2.355661424191656,-0.00021370139189125475,1.576813589229039,0.7926458562111609
1693299805966585873,323,0,,-0.00029113018831773886,-0.7864689586299437,-0.004400878964189715,-2.355656265350491,-0.00021441346873891394,1.5768128146721232,0.7926472803648146
1693299805977717967,324,0,,-0.0002885828392828714,-0.7864706617004158,-0.004406143703933992,-2.3556645356325636,-0.00021370144603706002,1.5768131678854975,0.7926444322210474
1693299805988611096,325,0,,-0.0002884517602019708,-0.786468160963985,-0.004403383096779359,-2.3556589730430297,-0.0002137013919163032,1.576814442278948,0.7926479924416385
1693299805999599266,326,0,,-0.00029113017554851985,-0.7864706579510022,-0.004406148322312136,-2.3556593472218874,-0.00021441346873891438,1.576814442761471,0.7926444320575231
1693299806009986776,327,0,,-0.00029113049967656327,-0.7864702583279525,-0.004406148214062589,-2.355659355700063,-0.00021502382030141436,1.5768121071181294,0.7926454129160326
1693299806020714183,328,0,,-0.00029136819794101093,-0.7864681526300514,-0.004403355747295897,-2.3556610585506625,-0.00021547873360880962,1.5768128146728133,0.7926483547383105
1693299806030512593,329,0,,-0.000288346119224319,-0.7864628625836344,-0.004409364052904564,-2.3556645409649817,-0.00021476716191580806,1.576813628474871,0.7926509424919703
1693299806041815005,330,0,,-0.00029420856228780444,-0.7864653682374118,-0.004403355859548352,-2.355658898453964,-0.0002150238263177172,1.5768135210982073,0.792642789912663
1693299806052704894,331,0,,-0.0002858404787880706,-0.7864681522971705,-0.0044086714031349545,-2.3556614166651775,-0.00021370139191603164,1.5768139816915685,0.7926458562105125
1693299806062722586,332,0,,-0.0002940848422907262,-0.7864663101359523,-0.004408645100422053,-2.355659355210216,-0.00021502382030141436,1.576813641562805,0.7926502303969528
1693299806073739765,333,0,,-0.0002919456106864827,-0.7864681523024876,-0.004408645424706926,-2.35566423376079,-0.00021338385763748668,1.5768128140268394,0.792641495270344
1693299806084658412,334,0,,-0.0002932639796845781,-0.7864681609639638,-0.004403460599059481,-2.355658683106069,-0.00021537896493964596,1.5768104496143147,0.7926487045181214
1693299806094794374,335,0,,-0.00029215612371726317,-0.7864679211828282,-0.004404331852279955,-2.355654392353832,-0.00021370188501996433,1.5768152800029684,0.7926516545505987
1693299806105808631,336,0,,-0.0002858502089340696,-0.7864681522958658,-0.004405487246478248,-2.3556615194701993,-0.00021691033794661387,1.5768126853247524,0.7926472803648147
1693299806116639873,337,0,,-0.00029113309752679817,-0.7864632623136271,-0.004403596131877691,-2.3556637630331188,-0.0002170155674035994,1.5768139831404009,0.7926455016007089
1693299806126803704,338,0,,-0.0002960293723553133,-0.7864675002329097,-0.004406174521144993,-2.355657147058455,-0.00021441352486476726,1.5768143245453905,0.7926487045241003
1693299806137800084,339,0,,-0.00029184945301529585,-0.7864652029508585,-0.004408883163578116,-2.3556637385082912,-0.0002176092633489169,1.576813667720063,0.7926465682879918
1693299806147863220,340,0,,-0.00029115681453419225,-0.7864706592745571,-0.004405521991141617,-2.3556608117808637,-0.0002144575232836532,1.576812853919309,0.7926429061785133
1693299806158804585,341,0,,-0.0002934973799158861,-0.7864689073781731,-0.004406859385537056,-2.355663738479841,-0.00021466873226013846,1.5768136297671371,0.7926466080789297
1693299806169653377,342,0,,-0.0002915316749447736,-0.786468386340519,-0.004409355613974289,-2.355662168105337,-0.00021609054443551018,1.576812827700912,0.792650231868897
1693299806179751006,343,0,,-0.00029051175618133686,-0.7864653682413753,-0.004403390469341793,-2.3556635177099277,-0.00021502383836648122,1.5768136299286417,0.792651654389118
1693299806190803950,344,0,,-0.0002912129918998931,-0.7864681522971705,-0.004406139879365512,-2.3556616433943827,-0.00021502387442257867,1.5768136284748793,0.7926455061773725
1693299806201383027,345,0,,-0.0002939710088146178,-0.7864682302983105,-0.004406928540866476,-2.355661645429105,-0.0002182197772745926,1.5768135092837507,0.7926444378926101
1693299806211732987,346,0,,-0.00028665600073638165,-0.7864653942391128,-0.004403593102390374,-2.3556587341605217,-0.0002144135228627263,1.5768144422749357,0.7926440383628109
1693299806222696733,347,0,,-0.0002884376920786251,-0.7864681532959601,-0.004408980188348775,-2.355658769313187,-0.00021370139191630324,1.5768144423307895,0.7926495183219272
1693299806233284983,348,0,,-0.0002926072048028852,-0.7864660731366091,-0.004408653883731239,-2.3556609562981676,-0.00021573595124539335,1.576815256079038,0.7926444325480962
1693299806243860140,349,0,,-0.0002921911217370211,-0.7864706590328654,-0.004406862296028116,-2.3556570734680524,-0.0002150238203023309,1.576813630089927,0.7926465682880001
1693299806254760049,350,0,,-0.0002883459046965622,-0.786468152404174,-0.004403393816936294,-2.3556614154092763,-0.00021502398266460133,1.5768136284748802,0.7926541611245936
1693299806265478213,351,0,,-0.00029326177417039214,-0.786466070247673,-0.00440119463254679,-2.355659576823936,-0.0002150238203023309,1.5768144422769543,0.7926487442726459
1693299806275563646,352,0,,-0.00029136823403799777,-0.7864681609758524,-0.004410787351718791,-2.3556582550841374,-0.00021441395582847534,1.576813634289072,0.7926524063645247
1693299806286565223,353,0,,-0.000291121408657288,-0.7864653942378407,-0.0044136265097894116,-2.3556584490109618,-0.00021689864779711606,1.5768158557738485,0.7926528468072429
1693299806297355612,354,0,,-0.0002932617019611161,-0.7864653682375585,-0.004411976051795308,-2.355659579935701,-0.00021537941372954346,1.576813632843501,0.7926527269564182
1693299806307559862,355,0,,-0.0002911332418108377,-0.7864688571963622,-0.004411041731936028,-2.3556587341255426,-0.00021574174822106888,1.5768170532253791,0.7926465683061531
1693299806317665693,356,0,,-0.0002936026266046678,-0.7864653692123263,-0.004406148254499444,-2.3556615213203362,-0.00021476904421752929,1.5768148073759007,0.7926444320575233
1693299806328877102,357,0,,-0.0002921125884682206,-0.7864681551861071,-0.004403446094486546,-2.355659384382991,-0.00021441347074614833,1.5768139439019293,0.7926437206347977
1693299806338801655,358,0,,-0.0002883472142453129,-0.7864679182937991,-0.004411180089267619,-2.355658243953144,-0.0002154787336088436,1.5768136677260693,0.7926481116509382
1693299806349466884,359,0,,-0.0002911574518081643,-0.7864674742668728,-0.004403355422681686,-2.3556593803701698,-0.0002144149360210487,1.576816808843031,0.7926520153580545
1693299806359535803,360,0,,-0.00028906505548243356,-0.7864739446147798,-0.004404390951416479,-2.3556614476097617,-0.00021441785256981184,1.57681468816686,0.7926465683061611
1693299806371011276,361,0,,-0.00029051498961655577,-0.7864653770156114,-0.004406175857916157,-2.3556561519424677,-0.00021370139194074454,1.5768128326058894,0.7926451446249192
1693299806381573574,362,0,,-0.0002945944634950527,-0.7864653945588337,-0.004406254545256062,-2.3556609648008062,-0.00021620744793463144,1.5768165065044595,0.7926444320575258
1693299806391457895,363,0,,-0.0002960303627135906,-0.7864638245981355,-0.004408980188956074,-2.3556610640446842,-0.0002137014119608356,1.5768136693845232,0.7926504597697758
1693299806402633598,364,0,,-0.00029121021499433497,-0.7864713599666446,-0.0044010893996620695,-2.355658737937729,-0.0002150413555257233,1.5768139826568452,0.7926433830336193
1693299806412500203,365,0,,-0.00029139709976648483,-0.7864731982837984,-0.004410784860337565,-2.3556614891704193,-0.0002144134690358749,1.5768144480971533,0.7926516604455527
1693299806423315734,366,0,,-0.00029184067345160316,-0.7864653952009645,-0.004408296750012017,-2.3556643289099948,-0.0002155182419843142,1.5768136677207605,0.792649558056593
1693299806433740298,367,0,,-0.0002883461272257332,-0.786468163960349,-0.004408908168067509,-2.3556589863514468,-0.00021502432610040728,1.576814442277619,0.7926444320581959
1693299806444816919,368,0,,-0.0002938729857904005,-0.7864702583280183,-0.004408271013560698,-2.3556582984407433,-0.00021445292299621018,1.5768168078737759,0.7926469387950423
1693299806455573029,369,0,,-0.0002936621327504058,-0.786465368142303,-0.004405836987550243,-2.3556616506732984,-0.00021821961513382053,1.576812859750793,0.7926437201623948
1693299806465561939,370,0,,-0.0002913668994870287,-0.786462863974594,-0.004408726974042624,-2.355667210398105,-0.0002137014460370638,1.5768168466358792,0.7926535587203202
1693299806475562445,371,0,,-0.00029113353444659387,-0.7864681551861251,-0.004406380072745156,-2.3556614164694145,-0.0002144134687398309,1.5768136285293708,0.792646569943424
1693299806486473382,372,0,,-0.0002915112039634397,-0.7864681522971867,-0.004410883900383814,-2.3556608357276594,-0.0002137028531846807,1.5768144422769546,0.7926502686798418
1693299806497544480,373,0,,-0.00028929638490355865,-0.7864653797931361,-0.004408987053638506,-2.3556585612335392,-0.00021453183151048493,1.5768144291950021,0.7926487045182627
1693299806508495908,374,0,,-0.00029387548070838534,-0.7864677083073449,-0.00440613944812405,-2.355666292217928,-0.0002155747588084281,1.5768136284747971,0.7926414820248675
1693299806519774880,375,0,,-0.00029113309882461554,-0.7864603569787215,-0.00440108775997442,-2.3556650287981946,-0.00021502383834177223,1.576812104049515,0.7926445512668127
1693299806529914724,376,0,,-0.00028584922901886737,-0.7864705038870979,-0.0044097061061967105,-2.355658476482099,-0.00021406773138142864,1.5768126964507256,0.7926437069007667
1693299806540786278,377,0,,-0.0002911302832431116,-0.7864660702609472,-0.0044033944683058305,-2.3556593490878512,-0.00021445298320210877,1.5768144422762869,0.7926487055051756
1693299806550679347,378,0,,-0.00029443367659380396,-0.7864681523090593,-0.004406853528822658,-2.355664282583626,-0.00021476855769806031,1.5768140994251507,0.7926502303969696
1693299806563050834,379,0,,-0.000291133219076385,-0.7864681522971723,-0.004408963769255056,-2.355664436063775,-0.00021764877172420497,1.5768136416286036,0.7926458562111689
1693299806574925903,380,0,,-0.0002913678778177068,-0.7864674752324917,-0.004407177428767326,-2.3556642260288227,-0.00021618511579137609,1.5768128137037545,0.7926444453029996
1693299806585944375,381,0,,-0.00029142450387084943,-0.7864707360709849,-0.00440932260294501,-2.3556594495549947,-0.00021370140995638617,1.5768160378397,0.7926458562657517
1693299806596866320,382,0,,-0.0002939515143123517,-0.7864683866933556,-0.004411750225317957,-2.3556622326586987,-0.00021833797767452362,1.5768136212253148,0.7926466094961416
1693299806606481206,383,0,,-0.00029363615880561087,-0.7864656022448014,-0.004409019531960789,-2.3556610339951196,-0.00021298937121862714,1.576813511221695,0.7926472805290369
1693299806617455133,384,0,,-0.000288346115195242,-0.7864630967310332,-0.004406199390809427,-2.355664301831411,-0.00021441346873923118,1.5768139818484244,0.7926465683425008
1693299806627607291,385,0,,-0.0002911312573668257,-0.786468386304556,-0.004406218512067647,-2.3556635933306755,-0.00021764871760304066,1.5768159935931603,0.7926509836819261
1693299806638740865,386,0,,-0.00029113894251712823,-0.7864656118719233,-0.004409299722085122,-2.3556609818194905,-0.0002140564984690373,1.5768139817055258,0.7926487177637559
1693299806649403446,387,0,,-0.0002911399528142078,-0.7864681522985458,-0.004410788806963584,-2.3556583042116874,-0.00021405794347923265,1.5768128321712198,0.7926530961251189
1693299806659368300,388,0,,-0.00028891787473849645,-0.7864731637117337,-0.004411233704537641,-2.355658687115946,-0.00021441396186670737,1.5768133957210735,0.7926444365332723
1693299806670720426,389,0,,-0.0002858405870240398,-0.7864628657935528,-0.004406245633475632,-2.355658460336948,-0.00021476855703166315,1.5768144553529986,0.7926437199807254
1693299806681733670,390,0,,-0.00029372642684405,-0.7864681522971886,-0.004403592223678905,-2.3556615231251783,-0.00021453183350671987,1.5768136417184027,0.7926484586820005
1693299806691700676,391,0,,-0.00029150540230349147,-0.7864653712333403,-0.00440900952498969,-2.355657182025554,-0.00021375399959310286,1.5768125791978722,0.7926451441164007
1693299806702690738,392,0,,-0.0002911301629258311,-0.7864683872635846,-0.004408597490489378,-2.3556589127193766,-0.00021370187930253056,1.5768136677193985,0.7926462175085249
1693299806713578571,393,0,,-0.0002883724178699128,-0.7864707359534199,-0.004410867279492742,-2.3556622449381677,-0.00021299369890188127,1.5768131664321687,0.7926479968628557
1693299806724068354,394,0,,-0.0002961418076877808,-0.7864702584362708,-0.004414097827262555,-2.3556586955963694,-0.0002153803699343026,1.5768156097822212,0.7926512996172025
1693299806734734793,395,0,,-0.00029144872959283166,-0.7864653685702933,-0.004408911178985988,-2.355661546549117,-0.00021370740136664973,1.5768131693410445,0.7926476380492075
1693299806745297041,396,0,,-0.00028624191954141167,-0.7864730761289608,-0.004412207139063884,-2.3556587609150568,-0.0002137408462043618,1.5768144553609085,0.792649518322149
1693299806756638978,397,0,,-0.0002904853876787547,-0.7864681522751553,-0.0044008861084108754,-2.3556588987169946,-0.00021370577594476725,1.5768141297637253,0.7926487177635232
1693299806767754140,398,0,,-0.0002911301870284065,-0.7864683901524987,-0.004408763446341924,-2.355658668849568,-0.00021800380591775374,1.5768144427597068,0.7926519233324637
1693299806777496395,399,0,,-0.00029614148251814467,-0.7864707739402158,-0.0044117577503127335,-2.3556609817025573,-0.00021441352954158972,1.5768127361810826,0.792652764046231
1693299806788715259,400,0,,-0.0002911334221961756,-0.7864629669424619,-0.004410810888356292,-2.355659578991046,-0.0002137013919163409,1.5768136241137771,0.792652015359625
1693299806799091171,401,0,,-0.0002932606918118978,-0.7864715949293786,-0.004408919858502608,-2.3556609878067314,-0.00021299077636176403,1.5768145994218126,0.7926483500876756
1693299806809337601,402,0,,-0.00029147215785529473,-0.7864709035153873,-0.0044064940893320465,-2.3556614129677267,-0.00021441363111035023,1.576814808734009,0.792645856703761
1693299806820844767,403,0,,-0.00028655355812886153,-0.7864629405861551,-0.004403393850938902,-2.3556608032892434,-0.00021772762611283836,1.576814442279023,0.7926502303969556
1693299806831599662,404,0,,-0.00028845176289110826,-0.7864681792609679,-0.004410885126001579,-2.3556635966536654,-0.00021514285122599942,1.5768144422769543,0.7926498779102914
1693299806841416309,405,0,,-0.00029113017674130373,-0.7864681532606042,-0.00440967518247718,-2.35566518083208,-0.0002144136331179005,1.5768124558086747,0.792647293616381
1693299806852628931,406,0,,-0.00029184034722041233,-0.7864656022408374,-0.00441197918269417,-2.35566243656311,-0.00021514364433434694,1.576814442278948,0.7926480100260366
1693299806862727719,407,0,,-0.0002914461317957761,-0.7864683979633126,-0.004406222809200719,-2.3556610303425294,-0.00021502387509063836,1.576813628474872,0.7926516606017743
1693299806873832677,408,0,,-0.00028837241793603936,-0.786470969955565,-0.004407204686512495,-2.355658912936975,-0.00021608914530583476,1.5768145992603808,0.7926520153573829
1693299806883751641,409,0,,-0.00029120908342739564,-0.7864702592962133,-0.004414108415526709,-2.355660726608623,-0.0002137014099573702,1.5768129338665664,0.7926421942833842
1693299806894656253,410,0,,-0.0002936358291804861,-0.7864681792724216,-0.004408613402769319,-2.355662241309148,-0.00021441346873901618,1.5768136677214004,0.7926432669852973
1693299806904650017,411,0,,-0.00029363582873505296,-0.7864681815079307,-0.0044090956164095085,-2.35565576989651,-0.00021689734888887045,1.5768137476666557,0.7926445512849819
1693299806915622974,412,0,,-0.0002837099252031756,-0.7864684643375615,-0.004405759093010215,-2.355663813960874,-0.00021441787058623397,1.5768144815773188,0.7926509431285463
1693299806926709603,413,0,,-0.0002920780334560877,-0.7864681551878631,-0.004409675266354576,-2.355658666307119,-0.00021370144606190858,1.5768144831380886,0.792646925915864
1693299806937695630,414,0,,-0.000294559350046886,-0.7864656369080216,-0.004406302428120508,-2.3556637642924723,-0.0002151421830650417,1.5768136691745085,0.7926505382695644
1693299806948716145,415,0,,-0.0002910541939366591,-0.7864688804163252,-0.0044092531214338666,-2.3556587633070913,-0.00021445292366151615,1.5768150408414232,0.7926429459333341
1693299806959760397,416,0,,-0.00029116524475870486,-0.7864714475962348,-0.004408271029652459,-2.3556624736157707,-0.0002129899647685532,1.5768136677287004,0.7926451441345703
1693299806970845885,417,0,,-0.0002911564778267227,-0.7864681869688014,-0.004411051688388773,-2.3556588871745876,-0.00021760931747332986,1.5768145600147458,0.7926452633436355
1693299806982558979,418,0,,-0.00029113115046168264,-0.7864636801528956,-0.0044114937912416155,-2.355660750236158,-0.00021502398266735117,1.5768152815163348,0.7926524858427676
1693299806993299508,419,0,,-0.0002883493744648452,-0.7864663129223616,-0.004409296306172102,-2.3556593807096013,-0.00021476666279944616,1.5768137462144347,0.7926502318687473
1693299807003377964,420,0,,-0.00028837241792517673,-0.7864653711423412,-0.004408991930759974,-2.355658660427171,-0.00021417486100974042,1.5768128671640962,0.7926454134066309
1693299807013700219,421,0,,-0.0002911302833420979,-0.7864681524041843,-0.0044012605301789005,-2.3556638144022384,-0.00021370161107299392,1.576812814673084,0.7926429459331161
1693299807023480194,422,0,,-0.00028858392169930653,-0.7864691693079218,-0.004411101522443051,-2.3556610557524826,-0.00021445308536025335,1.576812810312137,0.7926465727038239
1693299807034562460,423,0,,-0.0002943492495897466,-0.7864702592966705,-0.004404407995583511,-2.355661705290127,-0.00021443100418674715,1.5768128147265983,0.7926444322210724
1693299807045841201,424,0,,-0.0002911301789794323,-0.7864653693192803,-0.004408885225947468,-2.355661654826822,-0.00021502382040040246,1.576813627021321,0.792643719980701
1693299807055605672,425,0,,-0.000290506290160296,-0.786472798648927,-0.004403098169433533,-2.3556587709032013,-0.000214414930007599,1.5768144422769297,0.7926472803648147
1693299807066800583,426,0,,-0.00029113116131960907,-0.7864684132898875,-0.004403088869123717,-2.3556623611487093,-0.0002150238744307256,1.5768155019150836,0.7926444320575231
1693299807078306473,427,0,,-0.000283574454242197,-0.7864738919535587,-0.0044111190524961175,-2.3556607531690807,-0.0002145334551344116,1.5768138743168987,0.7926452633436355
1693299807088286136,428,0,,-0.0002911311504781703,-0.7864705048898515,-0.004406884824480209,-2.3556583034755465,-0.00021488692046952782,1.5768136677267093,0.7926491712500696
1693299807099448211,429,0,,-0.0002934978488176995,-0.7864656292531352,-0.004403060536939035,-2.3556607266514358,-0.00021370139458864657,1.5768138758185242,0.7926483627791848
1693299807109671944,430,0,,-0.00029352711410518176,-0.7864684646271435,-0.004404381355189959,-2.3556586616047297,-0.00021381975467936465,1.5768144422949248,0.7926485868349847
1693299807119517864,431,0,,-0.00029121312850862883,-0.7864727682669227,-0.0044118404636707955,-2.35565829475056,-0.0002169366427846078,1.576813874472423,0.7926452030011378
1693299807130847415,432,0,,-0.0002945838440561536,-0.7864684652766206,-0.004411829243097336,-2.3556624367797716,-0.00021506377990850175,1.576817160769457,0.7926490792774779
1693299807141603211,433,0,,-0.00029438219508550454,-0.7864681772431982,-0.004408625058258079,-2.355658321105744,-0.00021298931531865418,1.5768140340891648,0.7926494371586836
1693299807152879734,434,0,,-0.0002911564818420125,-0.7864711976744111,-0.004411591103524965,-2.3556645039840873,-0.0002144149300075986,1.5768128146750773,0.7926496507991303
1693299807162877843,435,0,,-0.0002913701467311023,-0.7864675041720556,-0.004406967666636339,-2.3556607277059456,-0.0002145712857814233,1.5768176211913425,0.7926483517069938
1693299807174839532,436,0,,-0.0002937150736810831,-0.7864688544159478,-0.004409247482135713,-2.3556593759494575,-0.0002137028612026171,1.5768131609420497,0.792647668387229
1693299807184814644,437,0,,-0.0002913639765450346,-0.7864674745896264,-0.00440614238675207,-2.3556593815485685,-0.00021370187900648027,1.5768137594565625,0.7926480115171538
1693299807195510421,438,0,,-0.00029195432680549405,-0.786466174617741,-0.004414267659683288,-2.3556564184015576,-0.00021760926335134974,1.576813288344853,0.7926458431534424
1693299807205675103,439,0,,-0.0002890650689775816,-0.7864716036080607,-0.004411603878923343,-2.3556637460306558,-0.00021441400994953773,1.5768144422711943,0.7926451441341248
1693299807216492151,440,0,,-0.00028843772761388603,-0.7864653682427499,-0.004407204397930147,-2.3556588871117845,-0.0002176141342472652,1.57681681174991,0.7926509426373001
1693299807227302588,441,0,,-0.0002861833708966711,-0.7864706936167696,-0.004405495076586508,-2.3556595759348418,-0.00021618518189167957,1.576813387178951,0.7926479924416385
1693299807237833028,442,0,,-0.00029366213721884955,-0.7864683864081922,-0.004404036347488644,-2.3556642740841984,-0.00021760931747088493,1.5768136291030252,0.7926503497697668
1693299807248704737,443,0,,-0.0002918403473689144,-0.7864629694754016,-0.004405831906064384,-2.355660758218854,-0.0002186746003802173,1.5768104495604867,0.7926491151830037
1693299807259589248,444,0,,-0.000291209195232368,-0.7864711985151372,-0.00440649352446271,-2.3556621391651205,-0.00021618518787804193,1.5768136284569259,0.7926490621482335
1693299807269844770,445,0,,-0.0002932606930951208,-0.7864712733573384,-0.004412137073972027,-2.355658895683845,-0.00021370144603838391,1.5768128146727873,0.7926462170240084
1693299807280707035,446,0,,-0.0002884263341476317,-0.7864681812397659,-0.004409473203933919,-2.355661416315233,-0.0002137018790058642,1.5768144553589065,0.7926495183261865
1693299807290294127,447,0,,-0.00029326978539869023,-0.7864691259744434,-0.004411805714176018,-2.3556615465606305,-0.00021453183151048493,1.5768144422771757,0.7926483576635796
1693299807301552384,448,0,,-0.00029186962057527936,-0.7864683863417529,-0.004409010873823005,-2.355660826754501,-0.00021689718719384476,1.576812819194944,0.7926487045241281
1693299807312699147,449,0,,-0.00029363583290923756,-0.7864654030485695,-0.0044031655450764776,-2.355658890330366,-0.00021453184954259394,1.5768145600145498,0.7926469335099338
1693299807322331984,450,0,,-0.0002911301749522214,-0.7864706852358924,-0.004409619763119861,-2.355659380257325,-0.0002182197792790764,1.5768136270233146,0.7926488634820102
1693299807333758676,451,0,,-0.000290451664060093,-0.7864681911373984,-0.004407195943741513,-2.35565896464707,-0.00021506329259713688,1.5768136289593795,0.7926559460859198
1693299807343960394,452,0,,-0.00028584060530960646,-0.7864674745898438,-0.004407204687768802,-2.355658963703384,-0.00021476665745435975,1.576814573742507,0.7926534491204482
1693299807354751845,453,0,,-0.0002932606917577177,-0.7864713724918059,-0.004411129653726469,-2.3556610337734933,-0.00021442662617051635,1.5768171606565462,0.7926465697778812
1693299807364571204,454,0,,-0.00029134063220591746,-0.7864663851532646,-0.004409335267562921,-2.3556561631996735,-0.00021370187922838094,1.5768155165104039,0.7926530945988416
1693299807375548519,455,0,,-0.0002936358299230828,-0.7864674829407275,-0.004406551219849664,-2.3556610303075343,-0.0002147744562274246,1.5768155017596421,0.7926496380401808
1693299807385661465,456,0,,-0.00029366213141166744,-0.7864682303341232,-0.004411837036627596,-2.355660801284286,-0.00021453329888427382,1.5768171737018637,0.7926481313805386
1693299807396629965,457,0,,-0.000293714845154798,-0.7864709616582889,-0.004404337857987038,-2.3556588899453006,-0.0002154787342852543,1.5768187200953414,0.7926534490726732
1693299807406838862,458,0,,-0.00029194859002604987,-0.7864656122391714,-0.004409326474406468,-2.3556662948327296,-0.00021445294103372047,1.5768136285473162,0.7926503540759098
1693299807417813694,459,0,,-0.00029113418450642513,-0.7864663312514929,-0.004407204579624352,-2.3556569429523666,-0.00021418799461025357,1.5768136299822568,0.7926465683431981
1693299807428701280,460,0,,-0.0002883548827748801,-0.7864653721304219,-0.00441712760408891,-2.3556589734656606,-0.0002168971892725699,1.576812814834302,0.792650942473776
1693299807438535170,461,0,,-0.00029113028334209795,-0.7864691182702029,-0.004411753256154278,-2.3556616824665846,-0.00021441936793475513,1.5768152560790405,0.7926472808553878
1693299807449862972,462,0,,-0.0002911301749527625,-0.7864688639426545,-0.0044086134036188645,-2.3556617515385314,-0.00021446612856586522,1.5768131622340944,0.7926509424737784
1693299807459811147,463,0,,-0.00028834903771300115,-0.7864691673940177,-0.004411604192765271,-2.355659448704697,-0.00021370155517098346,1.576813628492816,0.7926425517295591
1693299807470850191,464,0,,-0.0002913922636330774,-0.7864703363348228,-0.004409255250289529,-2.3556595768828195,-0.00021374149562410782,1.5768144422769543,0.7926483627871825
1693299807481655388,465,0,,-0.0002911330989512714,-0.7864675007088925,-0.004401906242286649,-2.3556644520126104,-0.0002150282043338499,1.5768137854582975,0.7926462447108876
1693299807492720609,466,0,,-0.00028937191959735927,-0.7864731119494762,-0.004409710365704992,-2.3556593585397994,-0.00021374084619518624,1.5768136284757572,0.7926465683068379
1693299807502797033,467,0,,-0.0002911311664974458,-0.7864654042301131,-0.004411595076460077,-2.355662168419179,-0.0002182196155792618,1.5768128282392566,0.7926516547141234
1693299807512395036,468,0,,-0.0002911304996933451,-0.7864703661819902,-0.0044111307440245036,-2.3556591620962317,-0.00021548333389911922,1.5768136284751009,0.7926502303969556
1693299807522840818,469,0,,-0.00029114218976054244,-0.7864654502349497,-0.004411127705344701,-2.3556621561757862,-0.0002137020594870061,1.5768128146727878,0.7926516550411719
1693299807533349216,470,0,,-0.0002918403472882262,-0.7864684449495108,-0.004406285261693913,-2.3556596609002836,-0.00021821961491486856,1.5768128146727878,0.7926520158479576
1693299807543551221,471,0,,-0.00029136820996600874,-0.7864709730160164,-0.004411091776046047,-2.3556593465722346,-0.00021654041447698126,1.5768179852494753,0.7926491942529783
1693299807554301872,472,0,,-0.0002936449223620298,-0.7864684153128223,-0.004406415156044406,-2.3556561633032924,-0.0002177320299640307,1.5768138743355113,0.79264907488083
1693299807564333866,473,0,,-0.00029105418887735566,-0.7864714650371628,-0.004414320234566067,-2.3556594580427395,-0.00021760980663828683,1.5768137476839366,0.7926451446794275
1693299807575729287,474,0,,-0.0002911568019242115,-0.786468423896917,-0.004411761554720704,-2.3556607237743927,-0.00021371504846712653,1.5768152858716766,0.7926451485495078
1693299807586748689,475,0,,-0.0002911301751024607,-0.7864664082898117,-0.0044111297735490666,-2.35566073511923,-0.00021299077643885563,1.5768136284928407,0.7926480115151489
