1692875544413346136,24,0,,-0.000588256177421451,8.300063941112641e-05,-0.00041742108038175975,-0.004051932100303693,-0.0002217158411081587,0.0003553356520055825,0.010173790068085563
1692875544423403258,25,0,,-0.00055341496719297,0.0006155952552984718,0.00016136358805496337,0.0006824233668990455,0.00019701464871239573,-0.0002555177128943506,-0.00022476758485837588
1692875544434255544,26,0,,0.0026494762514675156,0.00010839697821889808,0.00015292866957753928,-0.0011667582536901565,-7.686435214849678e-05,1.8315959957760932e-06,-0.0011817950170374169
1692875544445208182,27,0,,-0.0009638365262580333,0.004825031690831176,-0.0013913892174642762,0.001241141373552748,-0.00020583964567692851,-0.00016530362292484774,0.007637205247842392
1692875544456238119,28,0,,-0.000783547742416173,-0.005305920651216444,-0.0014568127257708553,0.0058805100116260875,0.00031943587753583845,-0.0003093085994011325,0.0014800237992593514
1692875544467587777,29,0,,7.902813055108397e-05,-0.00040751584004275823,0.00048511402516126145,-0.0001305543119216137,7.436972666395571e-07,0.00022846955631176583,0.000692377198232715
1692875544477361482,30,0,,0.004529244418058829,0.002869870516682187,0.0013102263795020013,-0.0003180282208891556,0.0003175147841845508,6.49878651806554e-05,-0.007580290712710779
1692875544487115481,31,0,,0.0006114170626765776,-6.038356699408331e-06,-0.00048258722184446053,0.0008284784316257445,0.00023596044642117106,-0.00021941986680715318,0.0004674953768824472
1692875544497585127,32,0,,0.000227174651644658,0.0013758178813325552,-0.0022904280866382315,-0.0006658794638263117,3.837761232108555e-05,0.0014624485980854881,0.0026237117165393473
1692875544507580455,33,0,,-0.005820904690961937,0.003916807050078624,-0.0014372201563144305,0.00046183702375866506,0.00022291960400941946,0.0001842612094071728,-0.0011412233772989415
1692875544518111327,34,0,,-0.0005440468107899095,0.0006305944304264013,0.0003220530806615426,-0.0017875795748611189,-0.00010918297286248462,-0.002813887849327141,-0.00042709753315204934
1692875544528085443,35,0,,-0.0003150017543456028,-0.0008787697826015407,0.0007733696279017302,0.000827923417745517,-0.00032261387271697065,-0.00041821174192607053,0.00022799381354986174
1692875544538616491,36,0,,0.0005036847663336719,0.00030598980462149297,0.0035674865421690873,-0.0010386286619256842,0.0025560735026132603,-0.0009067923486436513,-0.00210455729160896
1692875544549086627,37,0,,0.00021507149306962926,0.0005209762522974839,-0.001330195570236044,-0.0004179977878343639,1.0980435805692742e-05,0.0022900356126351446,0.0006868419255981614
1692875544559223614,38,0,,0.0014924078037864066,-0.0010573599021700337,0.0026546407379427254,-0.0006319208512874555,0.00019205510514496639,-0.00046356501492679687,-8.364291397754558e-05
1692875544569702414,39,0,,0.004258187019798951,0.001105217154233556,0.000904817170622687,-0.00039668364763842574,-0.002415711730957712,3.254682324037277e-05,0.008118264960252695
1692875544580473305,40,0,,4.922863488922649e-05,0.004366571610466045,0.0003225300722514866,-0.0018809358321140494,0.00035097315638132795,3.6914335429835105e-05,-0.0037022511026247283
1692875544591090789,41,0,,-0.0024183484776472263,-9.059853677100845e-05,0.00027520296192388625,-0.0024424001579072757,-0.00023666024821022844,0.00033149262037792163,0.0003241038497069408
1692875544601471161,42,0,,0.0012198292903112234,-0.0017416594484978359,-0.00030968309181022446,-0.0014932937768206184,0.00021294315730652279,-0.00028673194060594093,0.0004918080774398136
1692875544611588548,43,0,,-0.0012926844914342961,0.0025560863635747124,-0.0009886198109322838,0.00017366481808737507,-0.0004473515801809295,-5.9174478366248624e-05,0.0007071246557749096
1692875544621673073,44,0,,0.0007964740368012767,0.0006461892053767883,-0.0016565068161958352,-0.00010269260816629014,-7.592873283172683e-06,-8.039561675074019e-05,-0.0019796579573514847
1692875544632125288,45,0,,0.00026852384795864916,-0.001278395235189645,0.001023678821080627,-0.0033519862309038893,0.003018891224882634,-0.0002699808162142581,0.003405176129497315
1692875544643616711,46,0,,-0.00024664528938278584,-0.0003661681569711652,-0.0014538596420771554,-0.0003701109778723709,9.024312799620642e-05,-1.2575575079453561e-05,-0.0009219465944535305
1692875544654426392,47,0,,0.0020135913727909204,-0.0023680400272435825,-0.0004764894689272499,0.0013143333139560588,0.001342127810178874,0.00026165789104010573,-0.000191910244046695
1692875544665568375,48,0,,0.00013924091341773883,0.006291629560254834,-0.0002786889265183088,-0.0005581309022244895,0.00011751420315491679,-8.391808888964744e-05,-0.0035117121339691628
1692875544675315541,49,0,,0.000749614281309372,0.0004666986590563788,0.0009442950746572722,-0.0003320847719617517,-0.0066764373243619335,0.0001574283255378643,0.004000163774452561
1692875544686510091,50,0,,6.513405842979588e-05,0.0011854565752968,0.0003732736643131053,-0.0006999683805649391,-0.00016118729072654573,0.0001667521173477129,2.800759822180547e-05
1692875544696500550,51,0,,-0.0008766429401877007,0.0019330731214361437,0.00045001602012789026,-0.0004086557099754151,-0.0004520703954544092,-0.009495969865831105,0.004702395283225666
1692875544707041928,52,0,,0.003009092891669362,0.0009849275421863226,-0.0004968512760660511,4.799831929964061e-05,-0.00017467353385997958,0.002401957062050799,-0.0013454323109084018
1692875544717521338,53,0,,0.00035955627047828487,0.0012335792462651362,-0.00037288389986359414,-2.6183609625506712e-05,0.00016259348332858778,0.00020292588650499673,0.00015287435623288602
1692875544727501662,54,0,,-0.0001818582441234637,-0.0014922855127338858,0.0005673048166930866,0.00027192164490606735,0.00010621272928945312,0.002692831706787854,-0.0010405482758621216
1692875544737336216,55,0,,-0.0016356322526959112,-8.301240232538585e-05,0.00044922233799456093,9.929502007610756e-05,-0.0006490110475773767,0.000624131773361059,0.0009335144232254522
1692875544748451152,56,0,,-0.0003239138471538449,5.339050327609002e-05,-0.0007642824462227393,-0.0006223002590702193,7.09749852553358e-05,-0.000236148102358373,-0.004595547539575135
1692875544759569113,57,0,,-0.002971842139266107,-0.00024367169580164337,-0.0005531849699887224,-0.0011922039933035169,-9.997272246818815e-05,6.443043129452259e-05,0.00103374581140845
1692875544770203993,58,0,,-0.006206936183355633,-0.0012650443437535045,0.0003358698177671548,0.00031086121609010816,-0.0004253719495235317,-0.00024258559605125907,-0.0018985564860722617
1692875544780380995,59,0,,0.0003524515129784899,0.00041722644836726143,-0.00015107560452924966,0.0001267316648961322,0.00018465569107542823,-0.0003655446906508247,0.0016349832392711051
1692875544790249550,60,0,,3.643602734663216e-05,-0.0009770460080321224,0.0005541920696388896,0.0006619108297772716,2.0484601604770076e-05,7.497360106145151e-05,-0.0017632216039534141
1692875544801507108,61,0,,0.00010167000440354955,-0.001079352367290857,0.0014674054330448762,0.001886302141684244,-0.00019865019619550342,0.0002604006453724056,-0.0017214195727633967
1692875544811088527,62,0,,-0.0007402601601007906,-0.0010265738395999345,-2.036222964292129e-05,-0.0021738109586141273,-0.00017802769592693553,-7.34910202063309e-05,-0.006543188459981531
1692875544822507433,63,0,,-0.0011662982500377174,-0.0005903495533594652,-2.498526373982407e-06,0.0008391472251303036,-0.0003071593115237512,0.0002969752773325899,0.0002610632877482148
1692875544833055980,64,0,,0.005460407377095987,0.0023392320647430227,0.00015835167201807586,-0.001478530373842608,0.00017038570034878862,6.19118527990354e-05,0.002853143002564087
1692875544843562513,65,0,,0.000942242291898977,-0.000172552298806995,-0.000940064279938494,0.0023409950287697854,-0.00030016065197405135,-0.0004009865347480493,0.0002803546514571719
1692875544859172505,66,0,,-0.0012663843685542834,0.0008359065410925352,-1.4943478366279378e-05,0.000561876593036785,-0.007362377881320035,-6.831294250259784e-05,0.0015386959092388041
1692875544864489530,67,0,,-0.0011829110440264622,-0.0007904706596456706,-0.00013576540188780929,-0.0004938284795444886,0.006786845834599187,0.0010074088200893588,-0.0010268828034491688
1692875544874326399,68,0,,0.0036587305656291965,0.000600921460016073,-0.00022031092363023028,-0.00539331205849579,-0.0007575826976089585,-0.00032623277283822064,-0.0014719735696838922
1692875544885091474,69,0,,-0.00022482524531119107,-0.00031796115942693835,0.0018170499586645135,0.00036502139539869115,-0.0004392262045746183,-0.00716008451641052,0.0036813154969958977
1692875544896317663,70,0,,-0.00023875908046388567,0.00025589214647212205,-0.0015380815866301804,-0.0043468442995488995,0.00015522617934535382,0.0006542867420967969,0.0007808971165537832
1692875544906587984,71,0,,-0.001463234098585129,-0.0007326363336466204,9.938617591681033e-05,-0.0038030655216565517,0.0001251507319471561,-0.00016665930868715707,0.006170598386395794
1692875544916549888,72,0,,-0.0008351974417884188,0.00018683127844213164,0.0003020807148414942,-0.0005530932513308224,-0.0007188276850133069,0.00011964063470580248,-0.00098358529020488
1692875544926169174,73,0,,0.002056385932224036,-0.0014220577767371165,-0.0007358119762846733,-0.0012979638844843322,8.280139772767359e-05,0.000203506427107832,-0.0028690151078485243
1692875544937811604,74,0,,0.0006943175195803608,-0.0005487242746149939,0.0009886920226022523,0.0003352423690935308,-1.5996011641847938e-05,-0.0003167224871150485,-0.008519055082767181
1692875544947615496,75,0,,0.0007792074112039467,0.0004442389936071472,-0.0004928360522602815,-0.0003735116409304054,-1.2872637735104156e-05,0.0005913030126326915,-0.001456761514556775
1692875544958370296,76,0,,-0.00816774127594289,-0.00021916688571152186,-0.0011768467549779372,-0.0010181592931920798,3.5892419555566e-05,0.00023067521348168115,0.002067448284088874
1692875544969159557,77,0,,-7.145677727129105e-05,-0.001263375529873134,-0.0004965015449042738,7.31624275934351e-05,-1.6417968881556587e-05,0.00044194307633917915,-5.105447738696209e-05
1692875544979195738,78,0,,0.0012483584882678938,0.00130706937535459,0.0008586403838465334,-0.0009028158817549142,0.00045006175264736097,-0.0003080256102692901,0.00014630514522379024
1692875544990059263,79,0,,-0.00042319694561561454,-0.0016885071332648084,-0.0001343847472606068,-0.0011694564742788505,0.0007316413768316155,-0.00029499468443632655,0.00019425085768366157
1692875545000336911,80,0,,-0.001285962626191249,0.0007604450460702698,0.0005111710894941384,0.00030078560638949735,0.00024090663590301084,0.0002912397638712941,-0.0004576455999700536
1692875545011574597,81,0,,-0.0001113295975527182,-0.0013589751190750607,-0.0005917390037841089,0.00022078535042478173,-0.00029028707590365496,0.0017037862801905514,-0.007184838877949075
1692875545022476272,82,0,,-0.000628513505145784,-0.0018507855093692536,-0.0009696486226329729,0.0006874319849396294,0.00013266967227504225,-0.00029606658421262613,0.0007403221885436683
1692875545032127795,83,0,,0.0004725439424200089,-0.00043222757398259906,-2.2304595707318687e-05,-0.005665072069558525,0.0030376524156421995,0.00024008264801235878,-0.0001933954333832289
1692875545042730414,84,0,,-0.0016149739290862713,0.004294619208189773,0.00263237777115147,-0.001109575813134618,0.00011087094912664585,1.0444059776826667e-05,0.009333623363275128
1692875545053300796,85,0,,-0.0008757844239252701,-0.000266274253258679,-0.0012589161219762502,-0.0026431896390902705,0.0004464359393876628,-0.0003478158293709798,-0.00044605320359425015
1692875545064497373,86,0,,0.0007643282384916196,0.004095876456763442,-0.0007448954765626191,0.00032246520556109513,6.340462302101514e-05,-0.00043339021986468665,-0.004563465339083898
1692875545075113314,87,0,,0.0007656357231815989,0.0010602840445721388,-0.0007746097431198512,0.0008142198442604804,0.00018824548780055746,0.0003872009347833701,0.0012495710128839145
1692875545085426622,88,0,,3.5851899144383595e-05,-0.0013456076973812278,-0.0006743461949116353,-0.0012189946359958484,0.0001589148728057244,-3.769377916715316e-05,0.0004632230017890769
1692875545096318981,89,0,,0.0017772687597659648,0.0020124416032355416,0.00033547834662825014,0.0007943783970003161,-6.867739505122998e-05,0.0008015909040390708,-0.0006423611267701106
1692875545106465728,90,0,,-0.0004934213491809487,0.00013497416773575223,0.0009772753691612188,0.00034680287328094816,0.00011001100712201369,0.00031486464947812014,2.1578422991835025e-05
1692875545117080725,91,0,,0.0034107537428142787,-0.0005388352597539526,-0.00041775748364250207,-0.00024221473161695344,-0.003261434032159616,-0.0004899751388841094,-0.0012858441436296893
1692875545127433906,92,0,,-0.0025874508904055278,-0.0006379486386098188,0.00010914573082584507,-0.004187939360698975,-5.706591097153467e-05,-0.0001232341431160648,-0.0004304928697866911
1692875545139980135,93,0,,-0.0005262324614289649,-0.0004640924823011437,-0.0004160781981058821,0.0003855666728503781,-0.00014779038074371433,0.00020646686369109795,-0.0008249440392589461
1692875545150303150,94,0,,-7.877326599304779e-05,-0.0005474824195818175,0.0033638401359700754,0.00155295254812436,-7.815013402393899e-05,-7.340475571300855e-05,-0.005668302179743831
1692875545160577059,95,0,,0.002266584255335132,-0.0003898313850720379,-0.0006915076327983194,-0.0009651682047701112,5.625083241502914e-05,0.00035226665122863195,0.00076561560374977
1692875545171259965,96,0,,0.005286686629898656,0.0017581053299371909,0.0006961414788717879,-0.0003650495399920589,-0.0003584523522133677,1.120235157043695e-05,0.004872067386381533
1692875545181707547,97,0,,0.0034387339262968598,-0.00018132137324944553,0.00027535686872330855,0.006647165253035465,-0.00020777165506658256,0.00018882761856326585,0.0004641425589114756
1692875545191734822,98,0,,0.00028650184038945896,-0.002102815215362275,0.0025559193093114903,0.0009918672475813218,-0.00031432948467076274,0.000463202837164187,0.0007645983065464803
1692875545202216104,99,0,,-0.0007967993910955651,0.0010057769487922816,-0.00031127586739586663,-0.0001742475018715311,0.00011820928769117929,-0.00027339923201378,0.0001461266567873324
1692875545212581190,100,0,,0.000983725283477576,-0.0007119270611514629,0.0002777747066659014,-0.00041738799334841206,-2.7594742854568136e-05,-0.0003281967901047354,-0.0007606616804535024
1692875545223153658,101,0,,0.0016244310502109406,-0.0004695982379398196,0.0006738204407336855,0.0007825421024758087,-1.694677682384187e-05,-0.00010978157471466205,-0.0018876092542911406
1692875545233558974,102,0,,5.4133628442860486e-05,0.0009511562426501208,-0.0015246563078272887,-0.0005560336702762137,-0.0008535240307606406,-5.611087282163636e-06,0.0008472493288127056
1692875545244464632,103,0,,-0.00296300331647291,0.004330968342843614,-0.0008401600462473042,-0.0005028512675319167,0.00037941868259227103,1.88989003101725e-05,-0.0005512918225889548
1692875545254315889,104,0,,-0.0018143948156970568,-0.00028194902512221543,-0.0057909184203305845,0.0012369593547982198,0.002979279246431034,0.0001226051200364477,0.00027754921271100623
1692875545265466059,105,0,,0.001697756040064488,-0.0010714587745202248,-0.0007914306219138542,-0.00030809657930488775,-0.000261493038380328,-6.544558395739566e-05,-0.0042011249337001195
1692875545275205298,106,0,,0.0004873124935435018,0.002891317455728543,-0.0010236751049803696,-5.876004044313653e-05,-0.00022765340287470777,0.00027605344456857375,0.0011981494074375459
1692875545286263433,107,0,,9.922959914656165e-05,-0.0005691849595723953,0.00018324223830077524,0.0004682105642806982,-0.00011810269765973997,0.0003114991568916363,-1.0699642239647383e-05
1692875545297333912,108,0,,-0.00037820504553403146,0.00036283416816919166,0.00012599233927192838,0.00023830618833333287,0.00032084868289162106,8.587865211273165e-05,0.000993915882238188
1692875545308611003,109,0,,-0.00012934712599544968,0.0005174688843127199,0.00013078199136235512,-0.0008686433761334007,-0.00010337331188842234,5.916126978550889e-05,0.00032896567738776065
1692875545318256000,110,0,,-0.0066568724494415095,-0.0002638663500727783,-0.001229702926375546,0.00030236463529026495,0.0003648017804855686,-0.0005854503529219387,-0.0005563321579785716
1692875545329543244,111,0,,-0.00568873462853579,0.002734114427386868,0.0009949219416888564,-0.0009244972145327728,-0.00011525702728826198,-8.214743733678087e-05,-0.009211815430922423
1692875545339376111,112,0,,0.0014380858684430687,0.0010986440875311067,-0.0009504370277360381,-0.0008820365092037864,-0.0003520343051033234,-0.0003256623090886303,-0.00045413566316884453
1692875545350305465,113,0,,1.2663494229271817e-05,-0.0013136133765715085,0.0012547315716818018,-0.0007981805009028097,0.00018231589354433586,3.9160735113765305e-06,0.0008458189519050432
1692875545361358882,114,0,,-0.0010854059981122602,-0.0021309121575322624,0.0011917659359903454,0.0064293111101146145,-0.00027851228406445053,0.0006617461366687416,-0.0008082075468756604
1692875545372033047,115,0,,-0.0002559929998102474,0.0007063327576356959,0.0013991046400886726,0.0028124313251531195,0.007212832129971361,0.00010041582164331085,0.0008950785416671828
1692875545382158352,116,0,,0.00017278617229199441,-0.0010903612454453895,-0.0011732312739029596,0.0008671103118222763,0.0007941796245335827,-0.00012314767316200955,0.0003348175974694901
1692875545392255141,117,0,,-0.0004028958990433421,0.0010633038773150527,-0.0006392348342867715,-0.0008230622550284013,-8.976115344976104e-06,0.00010256483953607067,0.0008997960435008517
1692875545403126077,118,0,,-0.0004564960902438535,-0.0006316493842973406,5.1811954163893935e-05,0.000616368269793084,-2.6979471844409136e-05,0.00020012502926721333,-0.001896128424038705
1692875545413484277,119,0,,0.002464449708879762,3.5590849079624606e-05,-0.00014939900620495805,-0.00037801139671360075,-0.005067351955645885,0.0024544060117532417,0.007636505929766844
1692875545424328030,120,0,,-0.002404409100037514,-0.0005978920160886138,-0.00032312763100398044,-0.00021008702653292958,-0.000310708534121961,0.00012817085904533824,-0.0012895118112354897
1692875545434446572,121,0,,-0.0006195294266983235,0.00031750841999115636,0.00024895012957272284,-0.0010031397325231991,-0.003874490432634198,-0.00016856811392933048,0.0005073953431615521
1692875545445578140,122,0,,0.0005184458076466489,0.001331546073855507,0.00028644607072273007,-0.0007639048489027831,0.006290755081205245,-0.0004150519451613307,0.0017980404858133068
1692875545455454605,123,0,,-0.004367419797996684,-0.0004282673307004906,-0.0007261129732001241,0.00043059455627454673,0.0032687474199493234,-0.00400835506728155,0.0011476852838477273
1692875545466350894,124,0,,0.0012052798151082865,-0.0006624075835835702,-0.0005596800383716424,0.0014936948437761456,0.00015707741341178212,-9.382216087702527e-06,0.000417104476343816
1692875545477352743,125,0,,-1.4021506175891729e-05,0.00033900344113702843,0.0052921651225415044,0.0017413880774850628,-7.234898719794364e-05,-0.0008490482919411729,-0.0007940814329762956
1692875545487137487,126,0,,0.007842309420576185,-0.0005712992080512306,0.0005565745123297977,0.0022438673289979904,0.00023762785930303755,0.0002451387883417408,-0.0004509094363495708
1692875545497761022,127,0,,-0.0006586824694273095,-0.0012098830999093112,-0.0005429775487460197,0.00187576801888144,0.0002556140928887553,-0.0003225148886931735,0.009095553462627701
1692875545507450737,128,0,,0.0027888166112977216,0.0029147092987435435,-0.0019319870882256885,0.002788374228436324,-9.043360825731491e-05,-0.0022783410137173356,0.0007513754829906784
1692875545518190817,129,0,,-0.0008775319595033648,0.00033298032014405046,-0.0006782212226806773,0.0001315131545085208,0.00027622214456165476,-0.00013989568998734042,0.0008569920894212676
1692875545529418068,130,0,,0.0006309018363584322,-0.0004692064167619385,-1.2326781276109478e-05,0.0025318338185002075,0.0002923920551737537,-8.704129022439269e-05,0.0008351929421734826
1692875545539247761,131,0,,-0.000966578688063625,-0.0004845075872476444,5.4780066472156285e-05,-1.1155671480517562e-05,9.972054948767526e-05,-0.00010397988852717468,0.0013744315487703833
1692875545549148524,132,0,,-0.003941429628444151,-6.142766076006183e-05,-6.038053059207942e-05,-0.002413612561059605,-0.00011661164788802616,6.385836665668416e-05,-0.0005863651748231862
1692875545560208624,133,0,,-0.00029010650902498535,-0.004055267854657183,0.0004523342043933247,0.001057535658402335,0.00035799875757228837,-0.0002288395082399149,-0.001681592151381681
1692875545570499537,134,0,,-7.67123440402624e-06,-0.0009267477619372474,8.501649882167273e-05,0.00043207649544060503,0.0008485060265390316,-1.0845571135961728e-05,-0.0014025270465138203
1692875545581100511,135,0,,-0.002375061178581929,-0.00023827316616208065,0.0002591858082748469,-0.0011857461812971102,0.00027181158721900997,0.00021833524757587894,-0.003127297874201019
1692875545591500634,136,0,,-0.0056422656663110025,0.000370570985717096,-0.00034685442691144425,0.0007626909356706635,-0.00016175897316845394,-7.951443634277842e-05,-0.001908029320369925
1692875545601301385,137,0,,0.0003868962134469559,-0.000943125663491507,-0.0011941096242176325,-0.0014705994303999303,-4.2861689510540286e-05,-0.0003319201040557255,0.000688169960095295
1692875545611379997,138,0,,0.0007706480000209471,0.0011613421691288128,-0.0002970202792846915,0.0003025503134596853,0.00013041500785482157,-0.00022430794127017173,0.001211751606161312
1692875545622313713,139,0,,-0.0009123648298608284,-0.0011949767262583782,-0.00012790536007637005,0.00023176972599040337,-0.0005020455529906086,-0.0002662587731379968,0.0007786771055827427
1692875545632548453,140,0,,0.0006683047461899699,-0.00045144127474237665,-0.0008492796543351929,-0.00027561608926205566,0.00013145649861166344,4.9603750489607565e-05,-0.00017398123641408267
1692875545642324026,141,0,,-0.0026972307415400977,-5.3505952137374976e-05,0.0014868181339141734,0.0006294042344691761,0.00020132688992066105,-0.00011499141047704551,-0.0011761058690802572
1692875545653368343,142,0,,-0.0013503905731738369,0.0011522955671884958,0.0001989175280466945,-0.0008047436558451957,-4.6198782124783274e-05,-0.00010077551162082616,0.0003378799665732626
1692875545664490666,143,0,,-0.0005714244171415174,0.0009776395334729897,-0.0011454077175243017,-0.0003715450192448081,-0.0009995397033487772,0.0010750115026576588,-0.0003993173312323793
1692875545674417407,144,0,,0.0005867773516072275,-0.00021726011237108012,0.000480069124683185,-0.00020088417900879314,6.976979593272579e-05,-7.232066157226283e-05,0.00024565623196962956
1692875545685384503,145,0,,0.002614496416862233,0.004295777867955222,-2.556778695104775e-05,0.00016419844230322036,0.00027802477714084206,-0.0002863280089481954,-0.0028470044773309428
1692875545695302768,146,0,,0.00029645381630880437,0.0002955594326106448,-0.001271330430955835,0.0013895415365333833,-0.0002515459375850644,-0.00033967915767774197,0.0016527917181736332
1692875545705348139,147,0,,0.00027131715038255686,-0.000582021042258377,0.0002999760502483277,-0.004352897288142694,0.0007989662298843157,-0.0003995097781302416,-0.0014473973003118331
1692875545716347210,148,0,,0.00431291406410985,-0.00044224393606747086,0.0006546803000636886,-1.3807320085582997e-05,-0.0003128170420556545,0.000299854456168781,0.00038399999873565635
1692875545726329653,149,0,,-0.0008378787002356738,-0.002116434701036159,0.00029728871683370523,-0.0070149694855295465,5.088727163086272e-05,-1.310918377782521e-05,-0.0009548152262500266
1692875545736984314,150,0,,4.7603628699565164e-05,0.00018207415430359844,-0.0011350105208204101,-7.769715216022588e-05,-0.00016526976950781178,0.00010808159097350974,-0.0015835373341576032
1692875545747640138,151,0,,9.519673310051091e-05,-0.0006770091145465561,0.0017785906596329783,-0.004353634175584171,0.005539136972503771,0.0001850948470412681,-0.0011033335619686335
1692875545757230087,152,0,,0.0026438730949846405,0.0014543311611301135,-0.0008699156946132562,-5.2612510349859273e-05,0.00038682834081533784,-0.0003932239293398866,0.00044012367169954717
1692875545768315175,153,0,,0.0009683743969216455,0.00017268896164156103,-0.0009571025799685849,-0.0002158997481937641,-0.00016041543272954557,-8.414164289762273e-06,0.0001489310741589392
1692875545778183342,154,0,,0.001953133495892488,0.000660628559669394,-0.0007191148701233371,0.00042897194036575564,-0.0002809255739327622,0.00015150739717026805,0.0014744854118775553
1692875545789174921,155,0,,-0.005921893015575236,0.0008661781582404775,-0.00097209144470712,-0.0001422284215114836,-0.00031954754184910394,-0.00028882237379020814,-0.006207383066508449
1692875545800107425,156,0,,-0.0009867819427380833,-0.0002776252809753604,-0.00026941604437372136,-0.0005744970465210295,-0.0003968223819153852,-9.501108567708746e-05,0.0003927600283598345
1692875545811243203,157,0,,-0.004566111092736171,0.00013150542249349025,-0.0005452744479540979,0.0011816476687341055,5.044742456232043e-05,-0.00013144472171529865,0.0008479949917327043
1692875545821110511,158,0,,0.00013272785564817126,-0.0027605413549071666,5.775174708822017e-05,-9.018456695028516e-06,5.844845100160107e-05,0.0003199267210828671,0.002353542479757787
1692875545831730703,159,0,,-0.0028187117629547005,0.00011358176371196729,6.574082955869965e-05,-0.001673343508956809,0.0004088983040142705,0.00032175958420378454,-0.0010355675375983962
1692875545842412657,160,0,,-0.0013824908339663791,0.00023963517485828235,0.0004785797268762128,0.0005682514696108733,0.00014177474599090916,0.0021780818973230745,0.0012151316106409832
1692875545852172050,161,0,,0.0004344121610938393,-0.0006358822000355346,0.0007181150048488451,0.0013500518495759483,-0.00012377934076616948,-0.0001833490140288959,0.0012169681675945968
1692875545862740937,162,0,,-0.0014795888053947821,0.0019232478896397938,0.0008120563859042093,0.0010025948571342007,-0.00042315152435011414,0.009604099192592417,-0.0017516473057757704
1692875545873616120,163,0,,-0.001241706942584126,0.0002988121320128748,-0.00024625213620968424,-0.00039677816523978136,-0.0021517038649905033,0.00020646520969569825,-0.0011752476433781955
1692875545884314226,164,0,,0.002234994982776289,0.0025019976406704643,-0.00025021989818626374,0.0007372603490429985,-0.00026411044603383277,-0.00013953463059112586,-0.00040035727502754577
1692875545894460869,165,0,,-0.0012927257275767885,0.0011615408519532638,0.0007119637437901559,-0.00043936252886178276,0.0006698441987341435,-0.00033765530400114985,-0.0018862676819710624
1692875545905072547,166,0,,0.0017414079078517187,0.00015525654904333507,0.0006641299470629943,0.0016480908656870076,-0.00019761056683049292,-9.203663715532144e-06,-0.0034930859425713013
1692875545916226572,167,0,,-9.249378943848114e-05,0.001028434235639528,0.0008344092584065052,-0.00044498934397609594,1.68077876390067e-05,0.0007053486433991987,0.00546348502180657
1692875545926386382,168,0,,-0.004980077430370158,0.0022846884224483675,0.0003002640472977575,-0.00010033490918039237,-0.00019397718009503168,0.0003212022986532977,-0.0010152879415139542
1692875545937381298,169,0,,-0.0018210642446333301,0.00041000747970621555,0.00024936229766571493,-0.00044770463303618006,-0.00012454750315186528,-0.0001646783853384706,-0.0006556805079712245
1692875545948457050,170,0,,-0.0006917058182374447,-0.0006856162281437869,0.0017539391462180773,5.1653491165010805e-05,-0.00012921667463150862,-0.000316439828228002,-0.0013444228638574225
1692875545958079982,171,0,,-0.0032141154335607316,0.00014640156405271556,0.0009796955639164936,-0.0004377625702163743,0.00021331530968448357,-0.00022319950494976304,-0.0013297611709308583
1692875545969221557,172,0,,0.0005420537994309032,0.0016871438693982642,0.000397729873134497,-7.692755851758748e-05,-0.008243876605692264,-0.0001240273226495949,0.000707986722270921
1692875545979357358,173,0,,-0.0023525887835637214,-0.001233585453283388,-0.0009751560124896358,-0.0024257874288738544,-0.0003141984313779006,0.0003695256416876616,0.0007177874674296112
1692875545990246763,174,0,,-0.0002184835364750058,0.0012722929387132523,-0.00032029659381325575,3.890034556097439e-05,-0.00013748929184404584,0.00016636972006873715,0.0011071324332145908
1692875546001217758,175,0,,0.0005734496480251067,-0.00023182629420884048,0.0009096493826044955,0.003105206928991105,0.0007720666777578216,-0.00040647124163326,-0.0004429577784414114
1692875546011215290,176,0,,3.044617671494921e-05,-0.0015364200102347238,0.001034408956169724,-0.0007080403310690878,-0.00025900071748101195,3.432233111165205e-06,-0.001253160379853663
1692875546022155447,177,0,,-0.0019612826298320454,0.00016829559679564377,-0.00010842020739446514,-0.0006040700171254243,0.002835694684280901,0.000546924286036868,5.272461855146861e-05
1692875546033439168,178,0,,-0.00021952141493759408,-0.0007919844956540584,0.00023656255928410544,0.0003652864445483009,-9.438934151682568e-05,0.0002997004062071423,0.001488123246724127
1692875546044019413,179,0,,0.0009902773263861602,-0.00044316564729541565,-1.3413387077025912e-05,0.0004047918950781077,8.764195858801716e-05,-7.463667342285093e-05,0.001312762845187116
1692875546054408656,180,0,,-0.0006328148884924389,4.558297503141519e-05,0.0006840117588238588,0.00025277616746832026,3.121301454002876e-05,-0.00034922988279934177,-0.0011103443113427717
1692875546064505995,181,0,,3.780251049798129e-05,0.0014727461501018505,0.001141780165150246,0.0005012606008168695,-0.00017804208937903556,-0.0003015416267366768,0.0007094288836980776
1692875546074530395,182,0,,-0.005700636305944008,0.0002518986428147527,0.000527839682371596,0.0010422728684257405,-0.004139916521985775,0.00012813048880754355,-0.00020165482331172062
1692875546085323823,183,0,,-0.002059698014092554,6.226248084083229e-05,-0.0010765569768633606,0.001792631871400742,-0.00019074849846300896,0.00030662379434631936,-0.0009653400210784206
1692875546095890246,184,0,,-0.0005268324663855292,-0.0010049569955772168,0.0007845237192729527,0.0034632585859202493,-0.0004356915088940788,-0.00019643524443716865,0.0002661658694908458
1692875546106295588,185,0,,-0.0010506456287201764,0.0039148486976592085,0.0006152580489209421,4.112509263399531e-05,0.00021928629046599068,-0.0007129381883787198,-0.0005169798501280592
1692875546117510964,186,0,,0.00035314727107189773,0.0005590327569588111,-0.0001116379500104499,0.002722713163368441,-0.0003724979379034056,0.00015426476844967486,-0.000498418620509458
1692875546128102859,187,0,,-0.0002944577595821102,-0.0006470213195024787,0.0034052609852133547,-0.00262543427280029,9.498062865021995e-05,2.0901125142263795e-05,-0.0006645999061363318
1692875546138574094,188,0,,0.003672719630113713,-0.00014981880806305863,0.0019753135001306845,-0.001515776878086406,-0.00021054627477432592,-0.0051802054833552345,0.00025255153487645064
1692875546149036613,189,0,,0.00038213058125664807,-0.000878707854137316,-0.0006532513752102856,0.0006624448700270961,0.0003058580620634601,0.00033504769618628505,0.0011640815111211016
1692875546160368474,190,0,,0.0006949647716191389,0.0009598581763068938,7.562596360978364e-05,-0.0007745622444002646,7.958520573257044e-05,0.00010046653760716595,0.0013369010647774973
1692875546171252930,191,0,,-0.0007423849122040207,-0.0009123662012197701,-0.0010855342583675864,-0.0008498555354717093,-0.00029353229863967207,-0.00021895304496672381,0.0009187198243139519
1692875546181057346,192,0,,-0.0004830693569780355,0.002673967697998981,0.0017932287613936734,-0.0005191380859280044,0.0015662946938521834,9.132279293354622e-05,0.0005777768046813329
1692875546191569483,193,0,,-0.009192494970842395,-0.0016748543511419848,0.0005058431321174756,-0.0004228814497109839,-0.00013180711366063207,-0.0003087267327667976,-0.0007230656226943422
1692875546201131395,194,0,,-0.00015770784170208584,0.0010011259224447719,-0.000782329162953112,0.0006608078952268945,-1.8255703526923852e-05,-0.0016173487301488231,0.00034505805081329896
1692875546211768619,195,0,,-0.0001262693308511414,-0.0002084696303684791,0.0004996895714389342,-5.894132925949704e-05,6.97315775164305e-07,0.002142384511571977,-0.0009383952243791185
1692875546222455071,196,0,,-0.0021645077551727563,-5.9978313456704644e-05,-0.0019155310622846365,-0.0009419258790256877,-0.0001458229869549751,1.172662691569159e-05,-0.0009917484597592723
1692875546233142134,197,0,,0.00039363597711079585,-0.0009702286050555984,-0.0008325184350206028,-0.00012216745736745612,4.888735461690416e-05,-7.492854719613497e-05,-0.00042695952908944297
1692875546243224079,198,0,,-0.0001373691689410878,0.0013512249430279323,-0.0014362854283672083,-0.0005459244320246215,0.00028485127322818625,9.226125020170052e-05,0.002772953328679731
1692875546254630016,199,0,,0.0007906313751471017,0.00020316331456448768,-0.001463380040104041,-0.0012170474742857712,-0.00013463862538437384,0.00013039363591316614,-0.0013275112573458091
1692875546265188468,200,0,,0.0026171640660233655,0.0011356900961071823,-0.0034631452533626407,0.0006020219053023407,-0.00025876819770655137,0.00026596173850278686,-0.004254867528197563
1692875546275064654,201,0,,0.0005600003518217473,-0.0005513561335206698,-0.00028805858757169903,0.0005409408503024407,1.2676084864649422e-05,5.7968474671549724e-05,0.0010272606584118412
1692875546286155429,202,0,,0.0004748982968005524,0.00040572073128649884,0.0017107830861673487,-0.003159953670546677,-0.00031283490527145443,-0.00011772073849607358,-0.0009602773336635505
1692875546296237708,203,0,,-0.001168936689936815,-0.0005700168972336374,-0.0003597077904786833,-0.00029513435488589683,0.00017373504529822272,6.507595576037745e-05,0.0008755448207026337
1692875546307477114,204,0,,-0.00015171169857728945,0.001398792300231466,0.00017418413846444924,0.0007591780769921082,-0.0001764210909268388,-8.928708981737258e-05,-0.0019948296398818992
1692875546318091565,205,0,,0.0004934885906651715,-0.000493429500307676,-0.00020134238546000733,-0.0006342539562960982,-0.0002705592205449396,7.538443972945183e-05,0.0013802985019289947
1692875546329404280,206,0,,-2.8694100576984526e-05,-0.0006075659074396216,-0.0008957958340435456,-9.244668694339312e-05,-0.00039215512346284085,0.0003799522569915673,5.6909797112152495e-05
1692875546340289696,207,0,,0.0006991965432658474,0.00216187282576353,0.0035124635003297155,-0.001429647427475576,0.005319418908265656,-4.118380918915505e-05,0.0009018549778189757
1692875546350155659,208,0,,0.0006658443583504774,0.00027951109491067803,-0.0006313173289066379,-0.0028066912611762005,6.631384614502438e-05,-3.4897230099341126e-07,0.0001833056014954853
1692875546360332461,209,0,,-0.00034885404130858915,0.0008841332221147282,-0.0014833080414407983,0.0006143235634261783,1.5201329076918593e-05,0.000474617080288885,-0.0007916691722384231
1692875546371005099,210,0,,-0.0008975419721030679,0.0007344319723182506,-0.0005075805369274118,0.0012755793889654616,0.00023365500165923827,0.0002506108998074596,-0.0012007932451648883
1692875546381615919,211,0,,-0.0011809428612635975,2.7178626999902183e-05,0.0003527695080245252,-0.00019792493544512694,0.00043048002639470094,-0.00012466726728549023,0.0014317161637813216
1692875546391642077,212,0,,-0.0005962911190836495,-0.0014385837852033258,7.48965340842573e-05,9.627170969872078e-05,-0.00017100425915618557,0.0002903518224062797,0.00019158026667378975
1692875546401191292,213,0,,-2.4512793567767412e-05,-0.0010717792179873807,-4.586026285161288e-05,-0.0005361923120053306,-0.00012600594013687785,0.00015907443227761178,0.0003926338091638985
1692875546412599835,214,0,,0.000803250905415469,-0.0004898523877627056,0.00021363366263372048,-0.0010216724008507696,2.7411544148583803e-05,8.849448839224608e-05,-0.001355156177693666
1692875546422037900,215,0,,0.0018591737636302749,-0.0006417012956887798,-0.0007413318627135815,0.00010177708256749063,0.00013903939617190435,7.874262298209848e-06,0.00210095737286992
1692875546432498075,216,0,,0.00023085482089056132,0.0005349626028929173,-0.000437270800809447,-0.001141508930937992,-5.443191841247611e-05,-0.0005613395452283338,0.0007203635038036561
1692875546442227838,217,0,,0.0001529848931828063,-0.000678109804922477,0.0008958942902956033,0.0002524571690759779,-0.000192673024390388,0.0002838680200043738,0.000526556377358482
1692875546453594569,218,0,,0.001691480611053855,-0.00012392132951951178,0.0014694637751948704,0.0011994759374673398,-6.279510503217016e-05,-0.00011622084265633323,0.0008272364192508279
1692875546463334019,219,0,,-0.0037724496359617166,-0.00308945467352579,-0.00012301047303962456,0.00031566805417534386,0.00016059233777154818,-0.0002463927748020514,0.0014340305164402087
1692875546475577337,220,0,,-0.001307794090355844,-0.002002935710949442,-0.00010472895299972718,-0.00019832391925977223,0.00010354224893347697,3.893789534796187e-05,0.00027006967424428893
1692875546486575509,221,0,,7.468385966937693e-05,0.0007195790989467947,-0.0018019166431809727,-0.00015082370948260495,0.0002268949414497099,-0.00010899787418425125,0.0010391633526167145
1692875546497538547,222,0,,6.944032158489096e-05,0.0003379705832245799,0.0004003060192985671,-0.0002705809970263239,-0.00011339902835236268,0.0003597474886354026,0.0048489278634569356
1692875546507632714,223,0,,-0.0021547768787637317,0.0026288047057777715,-0.00042975503284997614,-0.0013029979638715574,0.000270592893131631,9.698489806890866e-05,0.0012915735477635588
1692875546518258249,224,0,,8.637395141164431e-05,-0.00018949490990067972,0.0008494671667699225,0.0020734233668156014,-2.9303713936329245e-05,0.00010927916445361127,0.0010924064879242283
1692875546528219158,225,0,,0.0008511585768895835,0.0007841031125084876,-0.00025325985690001864,0.0014332715434727053,0.0002672655011101661,9.426764768145378e-05,-0.000976772618479162
1692875546538116389,226,0,,-0.000912429091985239,-0.0007826128927277191,-0.0002847121100991422,0.0020095705930067522,-0.0006325947442623334,6.61542875298618e-05,-0.001746303230438827
1692875546548900863,227,0,,-0.006896263037554175,0.0003340428119889169,-0.0003880644007607618,-0.0014514913793617452,0.000254157404189747,6.859194797105928e-05,-0.0006701991956654045
1692875546559219420,228,0,,-0.001989926931160099,0.0010817387569846606,4.545934179308223e-05,3.152532158759558e-05,0.00017811545697058435,0.0023071364514136313,-0.0008131478765363814
1692875546570275496,229,0,,-0.00032751080708190363,0.00018292930862559814,-0.0015282218099380853,-0.0005241991417628153,-0.0002156216172815355,0.000473430515400279,-0.0011391027666960546
1692875546580212705,230,0,,-0.00020815470402682246,0.0008868334782264186,0.00034374443835302217,0.0015706130800985647,8.758423078886391e-05,-0.0002352446846175657,0.0005678629681205078
1692875546590398242,231,0,,-0.005636198866431614,-0.0005122534647573792,-0.00043716692482379655,-0.0009732436380625753,-7.370916390704674e-05,-8.757617352792374e-05,0.001292758456894939
1692875546601404400,232,0,,-0.0011030491975882602,0.00010362658236606732,-0.001911805838364108,0.0006279722421553957,1.0405288475258981e-05,-0.00013252401804765402,0.0020352745198924517
1692875546611545666,233,0,,-0.0011387082203873583,-0.0011069534112269968,-0.0007436038854942781,-0.00037755130191379133,-3.610017051899838e-05,0.00019797442671955654,-0.0007384074675818715
1692875546621694495,234,0,,-0.0008841453851471066,-0.0009618905394992934,-0.0015178880293888518,-0.00327771877030383,-0.00020649353790349605,-1.903631017396014e-05,-0.0002752503362970113
1692875546632581075,235,0,,-3.6241154921486536e-05,0.00033789746705914237,3.9241712688831994e-05,-0.0018053069324615871,1.2432763497022092e-05,-0.0003535288296678637,0.00048084598650450247
1692875546642571565,236,0,,0.00017273102701445667,0.00015146269145719624,-0.00022391270921404762,-2.9622284306896746e-05,5.6409968263702854e-05,-0.00045074297649166565,0.001020571947311947
1692875546653302001,237,0,,0.00016531458243491216,-0.001938150869849903,0.0006421315693673456,-0.007060322476638506,0.00016737208652239303,-2.1054688880178082e-05,-0.0007377437874430603
1692875546663992740,238,0,,0.0027154478926076846,-0.00032225053863912863,-0.001237929398621183,-0.0015385367577384736,-0.000389749208957227,0.003269765849534389,-0.0011573303170255371
1692875546674081013,239,0,,-0.0010591633250578237,-0.001345332796766732,0.00032593048874460066,-0.0008072985032780894,-4.586473270386516e-05,-0.000193225492742039,-0.0015302979418042753
1692875546685491693,240,0,,0.001117471066198756,-0.006651209470841513,0.0009163186524112983,-0.00018749276695001184,0.00029363502066242765,2.107052425148924e-06,0.0010457361034756408
1692875546696100525,241,0,,0.007879973663714006,-0.0009216509404602779,0.00013498021398626047,-0.0008041175460293683,-0.0002827931725507042,0.0006866608319298445,0.00046946058566890367
1692875546706375045,242,0,,-0.003997278422668984,0.00030839220933306184,-0.004353392490004059,-0.000265204929082867,1.9100400852747927e-05,0.0003102159342523282,-0.0010826679129729586
1692875546717202479,243,0,,0.007996395924029042,-0.00023843977246951306,0.0005212984687081076,0.0020399696538894478,0.00015440424233862846,8.045433673538234e-06,0.0003151204934760213
1692875546727195400,244,0,,0.00014958858277061446,0.0003189004669508961,-0.0009998706408713529,0.00040091158515951654,-7.244014819986075e-05,-7.217734386426333e-05,-0.0037418002692061665
1692875546737178212,245,0,,0.0001766978559982564,0.0005239432073262684,0.0003409818316065041,-0.0010315946635329823,-0.00020300124487513185,-7.361399552902051e-05,0.0012256378323870687
1692875546747369108,246,0,,-0.0008435681518105415,0.000604823483643533,-0.0001655570980323621,0.0003137999410678412,-2.6470510830377648e-05,-4.0132527933342755e-05,-0.006814102918975636
1692875546758661842,247,0,,0.0060811347262986985,0.0018191748666748803,-0.0008474203177048933,0.000258258829724545,-0.0005142268400953928,4.606342298497952e-05,0.00031708068154718877
1692875546769450463,248,0,,0.004714904794673103,-0.00023639503878592562,-0.0005159020454915887,0.0004148695973573989,0.00047337314843319425,0.006662552890251883,-0.0037386990422024024
1692875546780349399,249,0,,0.000668231265236218,4.400042370546121e-05,-3.7702117596941326e-05,0.0001708950258548481,0.0017232013175007721,-0.002235348003963309,6.832047048447314e-05
1692875546790192562,250,0,,0.0001087017121470229,-0.0014552565127032187,-2.1831784643198005e-05,-0.0013323125111016005,0.00029008934046316785,-0.00030656894922629567,0.005154629286263614
1692875546801111841,251,0,,0.0030621443516203016,-0.00012342969112500107,0.0009651083985926115,0.0016949484340752243,-0.00040920701700225337,-0.0002962293973512707,-0.0006608850978151494
1692875546812481863,252,0,,-0.0018485390830648984,0.0008803546121131978,0.0005543500783511134,0.0009168156433965932,0.005606931015804805,-0.0003761398463403726,-0.0016354556567649795
1692875546823192695,253,0,,0.000169981328649806,-0.0006611872272606315,0.0008514738691308299,0.0008965274013619516,0.0006677613890245775,0.0003327761330615526,-0.0008867737915604295
1692875546833583365,254,0,,0.0002753833984046165,-0.0009032241628503665,0.0015407771885499882,0.0004139501511383296,0.0003804240034857832,0.002460480756497907,0.0023222405653715006
1692875546844083392,255,0,,0.0038859593177905404,8.346306953615149e-05,0.00402984199715383,-0.004624702341352366,0.00032368755982892786,-9.718762937628116e-05,-0.0035601181617384865
1692875546854010827,256,0,,-0.007329315078947701,-0.0021720039883675853,0.0010784705718678632,-0.0001875321427094638,-0.0006538205158670932,-3.571054489714974e-05,0.0027175308781673835
1692875546865343013,257,0,,-0.0005713062889726238,0.000552485375615069,0.001294853651871874,-0.0015258444472990625,5.4842099146831805e-05,3.084293245870787e-05,-0.00011012583787080997
1692875546875341582,258,0,,-0.001683878284762482,-0.000281459697284808,-0.0007578350013621888,-0.0006738173572891943,0.0021535077072883245,0.00015500182147124586,0.001319853214725581
1692875546886234235,259,0,,0.0019637836246140334,0.00016937096261555724,-0.0005739022356626864,0.0017227185122336125,-0.0003113257795015735,-0.007039328037045111,0.00023708809934064724
1692875546897278832,260,0,,0.0011087487118751087,-0.0005387902546905147,-0.002313461918611415,0.0009100158790805455,-2.3945797323876107e-05,-0.00017902471438288953,0.0012078565792925035
1692875546908425593,261,0,,0.0016342729038672918,-0.0012125544692087446,0.00010786244176727428,0.0007455469115315866,-0.00026488382918315247,0.0002165238547949834,0.0011463835102606026
1692875546919057392,262,0,,-0.0005936217337366448,0.00036056541135791857,-0.001229410910927568,-0.000405537641101851,-0.00044151451447687294,0.0004735064934254561,0.0013224955357778088
1692875546930418849,263,0,,0.005893194780343055,-0.001056820613360327,-0.0010157016665903165,-0.00377541762506455,-0.0002788126035315704,-0.00024317391252004212,0.0004046944666130671
1692875546941064400,264,0,,-0.0036964986606652013,-0.00016961779716718662,-0.0017395507522096011,-0.0003207342197090711,-1.7319843227306337e-05,0.00014771749541989834,0.0009495911426917834
1692875546952410846,265,0,,0.001218844702255429,0.00044675881251077384,0.00031200818807533705,-0.00020984670945806515,-6.73281247951966e-06,-2.811782306797432e-05,0.0004954347782471158
1692875546962331898,266,0,,0.0009573405749128792,0.0001311040734153922,0.0005909007810589576,0.00030823480110803966,0.00022485922767279825,-0.009141442019790266,0.0072892846183188545
1692875546973363867,267,0,,-0.001409766526477103,-0.00024982902428639,0.0007523187835891886,-0.00048092451252641874,5.589213755472593e-05,-0.00021908839291050986,-0.0005685690965254373
1692875546982929896,268,0,,-0.000460510020141988,-0.0003549279167469204,-0.000632841171425902,0.0010737599961527728,-2.6701173329836582e-05,0.00013627054149784615,-0.0017921756266975663
1692875546994015532,269,0,,-0.00021638686708213772,6.298853955634928e-05,0.0011052150025511697,-0.0008427777830283686,0.00012882858719200516,-7.586746730732379e-05,-0.0004372891944351929
1692875547005309066,270,0,,-0.0004733134911565215,-0.0008227333240438516,0.00704167581184584,0.0005115742809605305,0.0002547065999121755,0.00045359967653069014,-0.0004987361435149837
1692875547016735165,271,0,,0.004153668346269157,0.0006492383175815752,0.0006265123858943914,0.0003619989071131112,0.000251791321713954,6.846233564251707e-05,-0.001624246669189635
1692875547026124557,272,0,,-0.001125543032112119,0.0003716664411378916,0.0013696964155711785,0.002950121725805381,3.407313763247623e-05,-2.23071143277172e-06,-8.521904390657357e-05
1692875547037229029,273,0,,0.0008782491267222381,-0.0008017409434199868,0.001313365533710252,0.00027910160472017717,2.990077487691754e-05,-0.00014899969028926997,0.0030576754218930896
1692875547048567093,274,0,,-0.00032529318767897364,-0.0003499531011823837,0.00011521040386574216,0.0006972549407471916,1.2583930503750708e-05,-0.00018053238201383743,0.00045130645033277243
1692875547059580562,275,0,,-0.0028062219594302187,0.0008003795605268423,3.750498050742178e-05,-0.0021194411032792347,-0.00025065072239713104,0.0002815993559389485,0.0021434172598685285
1692875547070031200,276,0,,-0.003383315424251544,0.00252239126175546,0.00039742543162212636,0.0012757553715479493,-4.2940826199960056e-05,1.340358167515277e-05,-0.0035292506788877145
1692875547080008132,277,0,,-2.3827017864434894e-05,0.0021177753144281347,-7.016720880924102e-05,-0.0018610978102187206,-0.00026526754759178834,-0.00010594779180251272,0.0008211313497304111
1692875547091249593,278,0,,-2.3974198963954095e-05,0.002673391405543537,-0.0002760629592570619,0.0014136506231748698,-0.0003108243370161226,0.000372396552063122,0.0005117389091321396
1692875547102132003,279,0,,-0.00012905684283562899,0.0006922664128478155,-0.0008322189256780237,0.0005603303844103182,0.0001702973895501767,-0.00027675922114454935,0.0013984411896074537
1692875547112552112,280,0,,-0.005792118759653425,0.0009440354804084904,0.001432818014825869,-0.0005487079197144537,-8.87767856273073e-05,0.002336508098083267,0.0010496745394464107
1692875547122153627,281,0,,0.006519997131003861,-0.0006546006682180897,0.00308953550277352,0.0002676281781638859,4.898286649659133e-05,0.00023200655709652412,2.1359996075158265e-05
1692875547132085830,282,0,,-0.00048444186369801605,0.00010292157356020313,-0.0024853705099311956,-0.002840872510488282,-4.436178900713798e-05,0.00010646378818879974,-0.0005184768346991087
1692875547142531051,283,0,,-0.005225649938190926,0.000670790856979205,-0.00021818685189074817,-0.00041120837616084654,4.8209527798319046e-05,0.00043387161383397335,-0.0008098558593794408
1692875547153433421,284,0,,0.003661894351172938,0.0001017577284461448,-0.002414513768871846,0.0012866184215146864,0.0001811828982480753,0.00014103745426194628,-0.00556645078472129
1692875547164319364,285,0,,-0.0026901098690259545,0.0010945454184721026,0.0016649839411927937,0.0004339796372277401,-0.00022844917695568763,-0.000309575992759846,0.0005793870561644432
1692875547174165482,286,0,,-0.0001832673266591557,0.0012686514051169278,-1.8771942352656235e-06,0.0012022389766871806,-0.00021240119419561367,0.00035477259030279,0.0005896141132562103
1692875547184488750,287,0,,0.000270405803158161,-0.0001647068977611246,0.0018936877670883553,-0.0004284749326886897,1.080132037336829e-05,-0.00011415256162453635,-0.0010774641021599157
1692875547195514840,288,0,,-0.002962856424297964,-8.833172200505347e-05,-0.00038092478172329643,0.000171557027249392,-0.00026261384357012546,0.00015695058308094135,-0.004295300003902505
1692875547206220302,289,0,,0.00499064401590527,0.0008385107919596034,0.0007669915972175178,-0.000681984390542743,8.719799825107868e-06,-0.0002910156421092586,-7.9191952582044e-05
1692875547216206233,290,0,,-0.0012338007826850185,-3.399811124132637e-05,0.0013849147530381244,-0.0018333115054359524,-0.0002539108990550744,-0.0005702869102322191,0.009589845083690905
1692875547226962299,291,0,,-0.0014327344772139612,0.0007565477013656101,0.0002244613545351058,-0.0008837541756387648,-0.0003202520644252757,-7.018466545126938e-05,-0.0005218872954234717
1692875547237624223,292,0,,0.000739340824874031,-0.0011234984331054572,0.0007983745477555311,0.00020527594066398528,0.007394039368637501,0.0007645467532830221,0.0008349941458539386
1692875547248054691,293,0,,0.0006733037152513141,0.0013638098561290352,0.0002877916001834993,-0.0023560526033695748,3.421834316608385e-05,-0.00026367337766154496,-0.0010118482435952808
1692875547258396961,294,0,,-0.0003083757776894634,-0.0010778500188325844,-0.0011072139925579758,-0.001892172501642217,-9.246171454335884e-05,0.000441060595447806,-0.0006757640820708062
1692875547269341557,295,0,,-0.0005261621021768298,-0.0012925608604547932,0.0001778671879356544,0.00027408135850119164,-0.0070797599542806715,-0.00037741329626520144,0.000774370225964247
1692875547279590274,296,0,,6.953299086595456e-05,0.0019610052671346617,-0.001404221438283053,0.0006439094320461575,-0.0004343136018109106,4.5164426176414515e-05,-0.00799621059166931
1692875547289061107,297,0,,1.2873633191572935e-05,-0.001067894982952409,0.0008143838424685303,0.005572239022151677,-0.00020400922798172522,0.0001719929199206461,0.0016000708876885744
1692875547300457763,298,0,,-0.0016419151200091683,0.001171091638454821,0.0013043194964845646,0.006597607260961116,-0.00015216030030061546,-8.153849907035888e-06,-0.0006266893041152291
1692875547310564277,299,0,,0.00022723064674671348,0.0002600857090521757,0.0009318407893526686,0.0013252719625431136,-0.0002948552235386454,-0.0002971101137819617,0.0012029553811897674
1692875547321057416,300,0,,-0.005061083380668234,-0.0004561264066018218,-0.0010074903007105604,-0.002702985976846063,-3.208122512163404e-05,-0.0007646059706137091,0.0008183937980076704
1692875547331598470,301,0,,-0.00010105629551528762,-0.0006089050319803562,0.0010618615242901155,-0.0008249981452593385,0.00022219379712996496,-0.0010335325083015324,0.0006635688656848799
1692875547341905660,302,0,,-0.0017068215178648312,0.001291133803960752,0.001586797670924917,0.0003596236916764503,0.0003675499662830537,-0.00027628517998096056,0.0028063393909671646
1692875547352473631,303,0,,-0.0002323684785063404,0.0003726406330676603,-7.816442015169568e-05,-0.0001718841013434008,1.0754266468192505e-05,0.0005598740819969608,0.00155570422030345
1692875547362961311,304,0,,0.0024667958884662254,0.0003853540000464918,-1.4381786773659633e-05,0.0007118319397062763,-0.0009312458882454648,-4.564415738143404e-05,0.000710855029210499
1692875547373543236,305,0,,-0.007097921523725206,0.0002140433096527729,-0.000206080005293078,-0.0006607519321895014,-0.0001613865243308103,0.00023032055410118597,0.0010770777135225022
1692875547383252875,306,0,,0.00047146003224635824,-0.0016378439528510784,0.0005848652864554663,-0.0007624778004939302,2.3116416989812997e-05,-0.0002722073458770633,0.0010726543708795408
1692875547394169948,307,0,,-0.0008168992049921126,9.330144994768509e-05,0.0005734307281794032,-0.0010802439584742475,-2.1169332554858952e-05,-0.00011669131451146213,0.0010638463651092413
1692875547405418516,308,0,,0.0005374109181439778,0.001447168779295086,0.00041703021917405503,-0.0006460079060008195,-0.00015388020047237854,9.217428989210678e-05,0.002038252780339931
1692875547415573225,309,0,,0.0006491581350920496,-0.00039998349053941803,-0.0006939386638913173,-0.006823793863852762,-0.0001901512981374066,0.00011507614185716978,-0.0015579226861476697
1692875547425254573,310,0,,0.0003317500382442167,-0.0012028670103289016,-0.0009804505381132344,0.00017868216115292292,-4.3483891600136205e-06,0.0006451185796907844,-0.0010076512559684997
1692875547436409427,311,0,,0.00014650880911211406,0.0014594983263926467,-0.0005395310872366914,-3.0504444257445824e-05,0.00012971580272452482,-8.788777646736891e-05,0.0022057613776453253
1692875547446965390,312,0,,0.0005965385054401382,0.0005954001747621172,0.0010671819039757013,-0.00041260867176980717,-0.0001035556432347237,9.684855862670234e-05,-0.0007176081528899921
1692875547457077910,313,0,,0.00013645295905613034,-0.00030521010941165464,0.0011245328394045863,-2.3399113020370695e-05,0.00012461611382703477,-0.00013649692227584318,2.180972114102623e-05
1692875547467231131,314,0,,-0.0009331285749181374,0.0004753652130389811,0.0005341343903990488,0.0014287519879880985,-0.0002960377060032988,5.617806231417188e-05,-0.0002067948781542763
1692875547478306410,315,0,,0.00023190653504754206,-0.0011393073652615747,-0.0014994446392746295,0.0002973015898733893,-0.00010274110971408082,-0.007429433978679164,-0.0007063222041765364
1692875547489282778,316,0,,0.002680581873951973,0.0007243739614742548,0.0007913671787710075,0.005221036496447328,-0.00015221001163279814,0.00018796516825558346,-0.000926219897657535
1692875547499324230,317,0,,-0.0018780257951972834,-0.00039757184868593234,-0.0002277460309623992,-0.006080371960300497,-1.7489454464997757e-05,-0.0003599102746611059,0.0004779934970913693
1692875547510343516,318,0,,-0.0023682821849537287,0.0052131604447287865,0.00040912254642927,0.00019291271645115947,-0.00019117386228777362,3.1612896457540384e-05,0.0013287986264755493
1692875547521193844,319,0,,0.0003805060910047576,-0.001093934095442185,-0.00010559713899558078,0.001778601497358734,2.5331059204380478e-05,0.00014399519309478228,0.00033906921712099306
1692875547532426861,320,0,,-0.0010292017031730948,-0.00025732473624840016,0.00026845487238499617,0.0008344088972324339,-0.0002343993079068834,-0.0005951098838418126,0.0009520366857909225
1692875547542232583,321,0,,-0.0009886209869792622,-0.0011210024981822316,0.006152295355276574,-8.015561964272834e-05,3.241560777128631e-05,-2.4932333636924208e-05,0.0009992452596969447
1692875547553498965,322,0,,-0.0010858250845141497,0.0008639913271281759,-0.0038975424889584644,0.000996313504175157,6.662563963401495e-05,0.0004455688040226438,-0.003094951496926295
1692875547563195573,323,0,,-0.0008818557278011555,-0.0006463985936503704,-0.0007114561626222512,0.003420359379372387,-6.736259932542213e-05,-0.00010711697594679453,-0.001370602115230613
1692875547573121186,324,0,,-0.004207621490258268,-0.0008983659959118966,-0.00018300494993460343,-0.004630195003035605,6.703800587152087e-05,-0.00045460552674288126,0.0013526886303047078
1692875547583135908,325,0,,-0.00015028115881155206,0.0005671550463736151,-0.00046330238979816214,-0.0015762418579982713,-0.0001522134962851837,0.00017862223041576326,0.0005571788514609527
1692875547594474606,326,0,,0.0008117354779263917,-0.006007986712468602,-0.00032205514541633725,-0.00062164399160093,0.0002212609473977569,-2.155624064614179e-06,0.004350271349678508
1692875547604331430,327,0,,0.0017317145190745256,-0.00030409201754006885,0.0002930608482545718,0.00029216376994493226,0.00015623108726403587,-3.784777684071236e-05,-0.0014201629781456274
1692875547615443929,328,0,,-0.002753940924334573,0.0011664630260375245,-0.0008127584020495667,-0.0003023193357681064,2.9260704201807426e-05,0.0001500035277340818,-0.01025420310387201
1692875547625141066,329,0,,-0.0037364456012807024,-0.0011522456006311257,0.001151321830758268,0.001987561371615997,-0.00015941841757113193,-0.00035157399239043506,0.0009534793264556253
1692875547636184259,330,0,,0.007465495026700612,-0.0004159984777787626,0.0009252370889383528,0.0013891172823878228,2.8805982630431636e-05,0.00012701079304629426,-0.0047500953534425315
1692875547646445603,331,0,,0.003648402745767317,-7.806296611828059e-05,3.603118952894772e-05,0.0003997960048914243,0.0001718728984731787,6.963695652474055e-05,-0.009307180221754422
1692875547657149366,332,0,,0.0037164276580957676,-0.0010716259188950387,-0.0007543710913680257,1.535315566430394e-05,0.00022224733502860709,0.00013027139494014957,0.0041568231016484
1692875547667472298,333,0,,0.0010168829917388358,-0.0006439730409126762,-0.0008150828027468873,-0.0006582477888299055,-0.00019662921344959077,0.00034070842633566036,0.0010200596094793717
1692875547678364527,334,0,,0.00022688221403205488,9.683327512350694e-05,-0.00019194906550945936,0.0015802639950252804,-1.9373938882225907e-06,-0.00036103421805446103,-3.8945586338939485e-05
1692875547689531440,335,0,,-0.0005601628377834215,0.00020653990469263656,-0.0005905708249094563,-0.0038440273698342846,0.00017494629003016236,0.0007757710285530712,-0.00037941989125586943
1692875547700062517,336,0,,0.0015503659941736038,-0.0007805143658870891,-0.0007441659363938357,-0.0007603222097860139,0.00010910032832256134,4.5776041822777816e-05,-0.0006817163356271702
1692875547710624273,337,0,,0.0024602060242290683,-0.0005353820883107656,0.0009129494868650047,0.0018315807456760617,-0.0003214482398797995,0.00021413985552486017,0.0058794832555989565
1692875547720416758,338,0,,0.00020359833015597863,-0.0006768665040022888,0.0005976394537807306,0.00046424073361789125,0.00021818705866929306,-0.00025711612075953485,0.00031956286640218536
1692875547731519887,339,0,,-0.0007988270228056378,-0.0002299331578182283,0.0007259285917105442,0.001320313700951521,6.974496466951722e-05,-0.000303332925668241,-0.000408119531816843
1692875547741497206,340,0,,-0.0010386118013076028,0.0006699260809571634,0.00011292028143240601,-0.0011109600181505599,0.00011503345103340593,-2.9031951856113285e-05,0.0007813777615969156
1692875547751535743,341,0,,8.801998799623704e-05,-0.0014910138414975119,5.6871831017094546e-05,0.00016985544186998004,0.00016664269154296785,-0.0003789640015031537,0.000795300050166966
1692875547761043753,342,0,,-0.0022275073143132973,-0.0031203518492454044,-0.0007640703031012414,-0.0011052280105078637,-6.426547418961375e-05,0.00022938138145729603,-0.0007434975565803462
1692875547772268417,343,0,,0.0012960764148105754,0.00012807831685054163,0.0003242504232900537,0.0005741087152500488,0.00020576538544057156,3.9219617931113455e-05,0.001100441189389476
1692875547783561327,344,0,,-0.0006154118333354997,0.0006938974860789053,0.0013019188595863303,-0.0006966581401734471,-2.455079850698973e-05,-5.194272487663153e-05,-0.0022467802563219926
1692875547793278176,345,0,,0.0005859868640906872,-0.0024719441740880792,-0.0011040972871225803,-0.0013051798298079507,-0.00016002944155250144,-0.00019229048090196695,-0.0006805920657567874
1692875547804011299,346,0,,0.0017305753358867343,0.0006505162420970421,-0.00020163627980976655,0.0011480976254259771,-1.1603030924690733e-05,0.0001849407930884423,0.0008575848889399207
1692875547815474260,347,0,,0.0004654411469148488,-0.00016587711337937488,-0.0002208585965562131,0.0006454942841564533,1.8993286320880328e-05,0.0003707779708155829,-0.0006259308916216741
1692875547826132067,348,0,,-0.0010953440675978594,-0.0012182856274043062,0.0006268392485650859,0.0007342276531369635,-0.0002721658286643076,9.142895450095297e-05,-0.0015600590229155168
1692875547836608044,349,0,,0.002693409283447801,-0.0009028802339401765,0.0003627723732361848,0.0013915763220870784,0.00020035011161792607,9.599091466819608e-05,0.00027711344467776477
1692875547847021675,350,0,,0.002751004816364659,-0.0006211265265778167,-0.002524715548847565,0.0018881202468230465,0.00010694430572931529,-0.0002063713730612803,-0.0010509051546015499
1692875547858496288,351,0,,-7.347916444331304e-05,-0.0015549179846703104,-0.002215101255014784,-0.0007805554623860296,0.0001393180597620332,0.0023149689404364385,-0.000416108471890447
1692875547869314148,352,0,,-0.0018854085008509118,-0.006177140543802313,0.0004215080665759252,-0.000996780379577445,-0.0004995481993051267,2.580489796002982e-05,-0.0011230866605176416
1692875547880315229,353,0,,0.00023472233635366598,-0.00022026664271373054,0.00045668133430378194,0.0016073921126432892,-0.0002505809988634664,8.312797740789491e-05,-0.0005224776947188145
1692875547890339632,354,0,,-4.209035348533984e-05,-0.0003942551183895472,-0.0005543342398973967,0.0005651687205155626,-0.005065684361201668,4.222101847431724e-05,0.000552890204423826
1692875547900624808,355,0,,0.0012381755196993838,0.0006961049728951608,-0.00038277349437715926,-8.875078224242065e-05,-0.00039531970768191165,-0.0001136998463929942,5.7205054279751746e-05
1692875547910087228,356,0,,0.0012531347280430325,0.0005317485459343554,-0.0010857068278687881,0.0004928858252080823,0.00012155477656614153,1.8738843849240334e-06,-0.0012005140660483952
1692875547921383679,357,0,,-0.004296360093511622,-0.0006739909272253245,0.0014098037839350476,-0.0012003495846850524,-0.00018613424566370776,-0.00011655117776516411,0.0043677223995789985
1692875547930996827,358,0,,-0.0008574014401964259,-0.0016625742379950167,-0.0003560103091889386,0.0010407670801221693,-0.009289872099631448,0.00013006196724782464,-0.0015042697025026744
1692875547942491343,359,0,,0.0009744386079380322,-0.001216577357629637,-0.0004462002726110599,-1.7453989507219432e-05,-0.0007575597675913773,-1.2948875431792752e-05,-0.0012454672032156254
1692875547953183932,360,0,,0.0008465908596874547,-0.0006435475858935504,-0.005062148564069411,0.00014610468820407336,-0.0005362207074279071,-3.7592582300051095e-05,-0.0011038792651563083
1692875547964321388,361,0,,-0.0010255300068330736,0.0004920273575638241,-0.0007454367963547974,-0.0016185925949600045,0.0002198524338684482,-0.0025458794311192137,-0.0005008611514439719
1692875547974355881,362,0,,0.00010489027126044281,0.0009384761816128258,-0.00010538714658219536,-0.0006358119776366246,0.00015609824614417028,-0.00527127633547868,6.904087849050337e-06
1692875547984655402,363,0,,0.0007070185248981597,0.0007705907843607789,-0.0014118959344024793,-0.0008364426452300053,-0.0013625718123684333,-0.0002357473050161957,0.0008495237492811589
1692875547995537325,364,0,,-0.0009987234424607945,0.0012417597604270879,-0.0006218718217639598,0.0011579899492634425,-0.00015377481785727064,8.680221820914139e-05,-0.00048505122106828744
1692875548006261232,365,0,,0.0033103437318824317,0.001780853785786183,2.1441727301214734e-05,0.002044747869597813,0.00011994916733083117,0.00012698748529604766,0.0007876811508426171
1692875548017365387,366,0,,-0.002638466262406697,-0.0007222949606117842,0.007391721428817201,0.0005982565531817679,0.0002085997312070244,0.0001017621688375641,0.0008715466552813531
1692875548026982793,367,0,,-0.00033399448654682724,0.000379370661612134,-0.0006631058620450688,-0.0006954738938046267,-0.00016480169472785268,7.05602308957772e-06,0.0013586169014972846
1692875548037987837,368,0,,0.0032906786598688263,0.00018244427510645056,-9.457219351927869e-05,0.00022515097867626036,-0.000250201394959499,0.0002892210319089688,-0.000984449925484322
1692875548048350620,369,0,,0.00011679673509366466,-0.0003984265688202495,0.00040918437627477045,-0.004780686497270261,5.632864271020176e-05,0.00010907164201706896,-0.00029319291142196086
1692875548059054268,370,0,,0.004042969831618542,-0.00039230980717529354,0.0001238433591392258,-0.000659521477678959,0.0003424498598377967,-7.503052545027073e-05,0.009592685565129985
1692875548070471013,371,0,,0.00013834847622619796,-0.00013695620718524182,0.0005982768355823905,-0.0008340862407854595,0.0002445194101693072,0.00021542142144299997,0.0011785513911094108
1692875548081519467,372,0,,0.003480959176759087,6.0237492892157664e-05,-4.9148874853507974e-05,-0.006951055466377434,-0.0007548742016899476,7.094474032772313e-05,0.0011012345320851244
1692875548091073592,373,0,,0.002902985282654768,0.0008445087749703201,0.0009512698145176943,-0.0010875758665108556,-0.00020245360881977433,0.00022685229758920644,-0.0011250494759640912
1692875548102179436,374,0,,-0.0025422773833621414,-0.00036409431930815986,-0.0016693346332877584,-0.0011493298785691694,0.00029117122206348496,-0.00016037654258366574,-0.009424800527150858
1692875548113255176,375,0,,-0.00016237677040244338,0.003894521920022536,0.0013220745386653527,0.0009282522392754811,-0.00017564822057484036,0.0001580596674575418,0.0030417662665939557
1692875548123304420,376,0,,0.0007950900508366583,0.00412773352512361,-0.0013881132773627127,9.464502802815749e-05,0.0005060364613276544,-0.00033552663271009634,-0.0003663561580873666
1692875548133223628,377,0,,0.0010620393096841519,0.00010552507336951746,0.0001281604117445546,-0.0015718072084389767,-6.991060876291618e-06,-8.786854942539482e-05,0.008375280501072859
1692875548144500664,378,0,,-0.0012606084860051201,8.356954981176944e-05,-0.0015843273546928365,0.00060694550378286,0.00038545496213877623,-2.8041978952357124e-05,0.0006660865392638065
1692875548154265806,379,0,,-0.0009622933052135085,-0.00016156968743888473,-0.0048977187495440255,-0.0009941105410954036,0.00013834372965074399,-0.009280034606607217,0.0010650026060301215
1692875548165371174,380,0,,0.00024238488154080992,0.0003443104098237248,-0.002898221530707683,-0.00044919885712982745,6.486938615301841e-05,-0.0004311572170198038,0.0017817330834180478
1692875548176186206,381,0,,0.0005122745693152801,-0.0010589883755714792,4.3051304138314866e-05,0.000979721677973802,4.8097363628083614e-05,-0.00035101827186205737,-0.002203658500150391
1692875548186218567,382,0,,-0.0008595985147437248,0.0009388496871182137,-0.0004987365935000325,0.0012569824434409923,0.00011544877984614062,4.833646959594265e-05,-0.006857164203300853
1692875548197501700,383,0,,0.0009414341690547062,-0.0004997164132925705,-0.0005030010191678457,-0.0005686446603625421,0.0001013297746985301,0.0001625758328698164,-0.000476745830152661
1692875548207548167,384,0,,0.0025474397467826985,0.0011882549518169925,0.00023523747209985922,-0.00015427080537640405,0.00033733566685559236,0.00022666188421667524,0.0034150688265603252
1692875548216988105,385,0,,0.0018244461602078775,0.0002925386735680405,0.0012504773811754283,0.0006087894278374235,-0.00027539719753058686,6.135664246016913e-06,0.00165150613195451
1692875548227536106,386,0,,0.006571206323504737,0.0012847108383993685,0.00236102075914396,-0.00034868967945141517,2.2475997294787887e-05,-0.00017253833382788812,0.0008875599331926978
1692875548237932007,387,0,,0.00031398487560301545,0.0017412330198797955,-0.0070039222624763775,-0.0006132893499569633,-5.4928263166434906e-05,-5.9220238833647594e-05,0.0006623072649767974
1692875548247994239,388,0,,0.00013649324173852415,-0.0007958943729286172,-0.0006645527303837738,0.002521273330199833,-9.883152830402366e-06,0.0001749943044431327,0.003863233568175279
1692875548258254249,389,0,,0.003802073020651533,0.00047853463024175215,0.0005420075573010291,-0.0017785342677524275,0.00022596226794857524,-0.00013023543122022855,-0.0013557276774155355
1692875548269002951,390,0,,-0.004559613185132077,-0.00046361206087778796,0.0007477656773295277,-0.0026515082582678966,0.009589304627315045,0.0004683385926431842,-0.0012377994838850687
1692875548279186450,391,0,,-0.00036911062214137875,0.0014535810225655022,-0.0006853501224139587,-0.0004317861903301584,0.0006609900042680108,-0.0008151769008539656,0.0018945964208400444
1692875548290539866,392,0,,0.0004719071878347968,-0.0005876268520059554,-0.0010513071536182967,-0.001748590452541274,-0.0006491661281228174,0.0001517723345865437,-4.015923983249079e-05
1692875548300133468,393,0,,-0.0012319091738500162,-0.0001933331914753472,-0.0008329822036294277,-0.0009184401931401154,-0.0002161835452936029,6.461585048453453e-05,-0.0016688040478940222
1692875548310214308,394,0,,0.0002243001335340753,-0.00017446329090426335,-0.005784569811943644,0.000784616216124007,0.00015262562523846626,0.00033359071112815006,0.0003610954676964322
1692875548321295890,395,0,,-0.0007121328608438219,-0.0007593270561157628,9.14288658038814e-05,-0.0015816987440963916,2.3393783171838024e-05,9.551282553426203e-06,-0.004278688475161552
1692875548332468648,396,0,,0.0005643194396811828,0.0005225166984604143,0.0017353390667943932,-0.004438453087953563,0.0001099508976863992,-5.6363589101020355e-05,-0.0007268040732967012
1692875548343265541,397,0,,4.410324067238635e-05,3.58574086650579e-05,0.00021979188557972592,-0.0010410686709316018,-0.0004174392736854219,7.930583820357422e-05,0.002782849334634937
1692875548353123400,398,0,,0.0010926244674753234,-0.0002384058963330967,1.6046823381987353e-05,-0.001679541841027582,0.00015220616194183665,-0.000104496578253186,0.007826737596235585
1692875548364235063,399,0,,-0.0003277821259044547,-0.00043736449743343936,0.0011674840004128183,-0.00023800398876976138,-0.00037134494046818083,0.00011039356277870921,-0.0005300509276513682
1692875548375206132,400,0,,-0.0006014056276717498,0.001676322595198292,-0.0008877156899025549,0.00030439089634225723,2.4097401792576474e-05,3.389952856085894e-05,0.0005808487170706547
1692875548385652100,401,0,,0.0009411093173289513,-8.210568466360415e-05,0.0002149722270124081,-0.00016762385139915841,9.008061725539363e-05,-0.0004000097167482337,-0.0011870959223717658
1692875548396578730,402,0,,0.001874737467756127,-0.00033493832805385834,0.0004089130434481499,-0.0006532623618361634,-0.00013617371941058667,0.005370243044965469,0.00022736254075251088
1692875548406678971,403,0,,-0.0005682055019211124,0.00105142148305467,0.0049791416419908635,0.00219816354420843,-0.00014590245452275242,0.0003048595757890192,-0.0011886872219617507
1692875548417409782,404,0,,-0.0002680172259545535,0.00030731169874122726,-0.00013521002824627118,6.353204962825326e-05,-0.00019596780460629748,3.967177183679858e-05,-0.00021757183892592608
1692875548428370106,405,0,,-9.933771681115934e-05,2.5874236415764543e-07,3.45237883000857e-06,-0.00010479195473116963,-0.00012254977765511804,0.0004284844010909882,0.000271737722968005
1692875548438174003,406,0,,0.0007946069090998709,0.0011083902147584347,-0.0007033007073503818,0.0005259777262109486,0.0004347288817748098,-0.00012300732510376843,-0.00027055341723347063
1692875548449490070,407,0,,-0.0007351998309767155,3.4755280456768515e-05,-0.0003312361952735627,0.0016603683008627826,-0.0012614131401620047,-0.00028952186539036825,0.00016322053949101946
1692875548459376760,408,0,,0.006533769195425924,-0.0012054809461763906,2.297937934422258e-05,-7.130217499513077e-05,5.5481795161100206e-05,5.343218093309376e-06,0.0005232101965903713
1692875548470241249,409,0,,-0.00043347230378830014,0.00032806541188804255,-0.0002005860433855922,0.0009630707472236487,-0.00014639196557023643,8.873049364855293e-05,-0.00022404808203076068
1692875548480434269,410,0,,-0.0012850683019665458,0.00037979637088134333,-0.0004452532901940124,0.0006914403918703212,-9.847894958332719e-06,5.0546838062414164e-05,-0.0003446149178990516
1692875548491448979,411,0,,0.00015513211167906483,0.0003005810128405308,-0.00026938078004152844,0.00014420832794219486,-0.00024009521774780903,-0.009222121893514753,-0.0014317314118279915
1692875548501912330,412,0,,0.0014279590032977043,0.00039858737071191575,-4.459155337836599e-05,0.0008562615012313422,3.1985049978038154e-06,-0.0003835428475386651,0.00018964373851998914
1692875548512560314,413,0,,-0.0017698727671462563,-0.00022042281593611925,-0.0012352628020485899,-0.0005043057229173738,-0.00040288503591876554,-0.00011196991866580418,0.0009525181597701649
1692875548523192334,414,0,,-0.003252009988715856,0.002275691949158203,-0.00209163028840484,0.00041473880250925035,0.00048160295951848276,-0.0003660272458362246,-0.007502333864947436
1692875548533180108,415,0,,-0.00043032320863368133,0.000218179597842827,0.0018195241090183003,-0.0012088896612357071,0.00014966007282509546,0.0003333374053362277,-0.0017424035453802954
1692875548544459153,416,0,,0.0007788037583144286,0.0012870132802406402,-0.000942262568377546,0.00048321221854389024,0.0031533587732944595,2.018468531919157e-05,-0.001442862636399349
1692875548554120521,417,0,,0.003182432910306859,-0.00014904170425048167,-8.332704520622529e-05,0.00016879700308277122,-0.0011838744684720221,-0.009464339246094017,-0.0009456225271765169
1692875548565431534,418,0,,-0.0035809045771147555,-0.0005765393886850347,-0.0012216843107126384,6.470899135204995e-05,2.203100200530922e-05,-0.0005394168488480774,0.00175663943777747
1692875548575220601,419,0,,-0.003714817161827254,-0.00012796311284629444,-0.0007392641816156588,-0.000521403557645706,-0.0002025575589361101,-0.00029033228307489694,-0.0001873447132836052
1692875548585473123,420,0,,0.000564408170276193,-0.002057611342502157,-0.0004698755760942745,-0.001182199992865586,5.550253338887379e-05,-0.0004895974474557213,0.001169161066665732
1692875548595450265,421,0,,-0.0003201163113640516,-0.0006390624528375751,0.001323833446611363,-0.001489929679428207,-0.0004715404293007835,0.0001253852168516645,0.001069568682835377
1692875548605930263,422,0,,0.0003148977919615978,-0.0021449159558009504,0.0006890634511736647,0.0003853710536731629,-8.830453300802327e-05,-0.000477768517619014,0.0040747689497724685
1692875548616053366,423,0,,-0.0016973388302828304,0.0014981457171482128,-0.0007670253103121043,-0.00034309142860106204,-0.0004927563936762376,-5.802905461751073e-06,-0.009157489220384427
1692875548626782007,424,0,,-0.003611369806856232,0.0014906561133725784,0.0004026691681480391,0.0006062048918881563,4.611178420476296e-05,6.321685497094122e-06,-8.453328414819946e-05
1692875548637039812,425,0,,-0.0013133948096272878,-0.0013120199891782523,4.516822583802374e-05,1.1207688451572946e-05,-5.420642584295401e-06,-0.0008067682815258928,-4.256003954731323e-05
1692875548647448991,426,0,,-0.0015003323871886445,-0.0010533340428133075,-0.0008791878045095648,0.0003753533535457442,9.356373130281774e-05,0.00016365515313776337,0.001518131668817336
1692875548658609606,427,0,,-0.0003408953925831071,0.0020993116936264492,0.0071837872039386816,0.0011384490877718763,1.1368194024965887e-06,-4.109588775839513e-05,0.00014981403050635928
1692875548669613661,428,0,,0.0009608523447587812,-0.0012494379017943986,0.00041694707369649355,0.00014004170023932297,-0.0005803566668610658,-0.0005611207963613072,-0.0029722753479976124
1692875548679399627,429,0,,0.0002656815697201168,-0.0016401644566141427,4.8092868044794945e-05,-0.0003783879119784705,0.00012051148388077572,-0.00021159910681541643,-0.001991806157678899
1692875548690049174,430,0,,0.0031720627510862403,0.0011050722733771002,-0.0015536976944924268,-0.00020987925056785913,0.00019012995187835005,9.900606978750438e-05,-0.0012823840493316249
1692875548701489778,431,0,,0.0012725844402825088,-6.951373086224174e-05,-0.00015611589067912235,-0.0010497131986005968,-4.2582449131882794e-05,6.502788798502838e-05,0.0031680517217936416
1692875548711427710,432,0,,-8.101072023056276e-05,-0.0008975275943113086,-0.0015927124336872192,0.0016123920521267099,2.851716621742723e-06,3.935153209719152e-05,0.00554256211077803
1692875548722049850,433,0,,-0.0004965473436594971,-0.00022781799133834884,0.00021612139644254134,-0.0017498172934744226,-4.385520436407993e-05,-0.0005699649734277607,0.0006408758168709376
1692875548733419866,434,0,,-0.0025174311143634862,-0.001191322514673981,-0.0008275293212383234,0.00027141756996032593,-0.0002466880328242936,0.0001750227183906208,0.00057007620480446
1692875548743693865,435,0,,-0.008209310370054962,0.0008456340148130793,0.0011664264594503308,-0.001737319979570576,-0.00014594461567031186,-5.727748316749096e-05,-0.002717119066819676
1692875548754035925,436,0,,-0.00010613318923368591,0.0003049907352823409,0.0011073770943251147,0.00028676498652683056,-7.545785069789665e-05,0.0002771658906641556,-0.00033711102046414857
1692875548765345200,437,0,,-0.0018990465551399415,-0.0005350081248461686,0.00015792280929860975,-0.0060945104691640635,-1.7498116036171054e-06,8.487991884515977e-05,0.0013197640689658885
1692875548775086660,438,0,,-0.00488639181915961,-0.0002371738652617737,0.00019349547108344438,0.0030290893621829316,-0.00046986429752812666,0.0002047140186129236,0.0006759102964687029
1692875548786408131,439,0,,0.0001804204476054641,-0.0001840601755546735,0.0005756349572394179,-0.0011224529998610587,0.00014883457680930185,-0.00021075405448220914,0.00158307019299623
1692875548796735321,440,0,,0.0005117566641532657,-0.00022758005764221835,0.0005455310132814951,0.00034403072641574597,4.1092563858275486e-05,-0.0001664317525790408,-0.00024136502789943364
1692875548807288382,441,0,,-0.00022884111757599614,0.0007191622132074894,-0.0023498532600052294,-0.0010396384187081442,-0.00018060757167511025,0.0023322765693537017,0.002655108647600606
1692875548817192831,442,0,,-0.001812513119472275,-0.00045286816872134743,0.0004374258644538926,-0.0013398046607025376,-0.0013124672337386921,6.787719018085646e-06,0.0020433581915631233
1692875548827976258,443,0,,0.00021756646255648084,-0.0005040127315492694,-0.0006531247467129824,8.203730166146713e-05,-0.00010004784307700244,-8.671299028003884e-05,-0.00028176232150242664
1692875548839187350,444,0,,-0.0009917224708046587,-0.0006461529393700064,0.002409655390696237,-0.00012793612477264566,-0.00018592694761874147,-0.00018844174186794045,0.0016586074543933763
1692875548849471230,445,0,,0.00031716186981683926,-0.0010899000818115727,-0.0004068579587117975,-0.003795973181259513,0.00012901345452986623,-0.00017208937918516823,0.0005690165676672174
1692875548860529612,446,0,,-1.2126761266343651e-05,0.0009176553453662755,0.0007008768660773529,0.0004954473039425571,7.958247897183388e-06,0.0005009315076115644,1.8727994705915708e-05
1692875548871568280,447,0,,-0.004717892768279622,-0.00029474836193982577,0.0007283366132514774,-0.0005031033202126382,-1.0124497385459098e-05,3.3012667396785835e-05,0.000724364545312415
1692875548881575536,448,0,,0.00013226325529886536,0.0012064021450622496,-0.000967182394067726,0.0038560815634760036,9.765459346431634e-05,7.046004826495289e-05,-0.00039269226450840285
1692875548892117258,449,0,,0.002170107721775726,0.0024638929076382047,0.0029859686425606734,0.0005614493555168402,-3.420642537201772e-05,0.0001632711178256727,0.004597224341862197
1692875548902704095,450,0,,0.001404181886875915,0.0010883459417971324,0.0009317062571475894,0.0016369847389913858,-4.4967173679746344e-05,-0.0003323904782329322,0.010240018811994447
1692875548913113590,451,0,,-0.0003632580205483167,0.000527384146558553,0.0005480799008977384,0.0006272428072095584,0.00011201492679670549,0.00016350112909301195,0.0013646707676296637
1692875548924269458,452,0,,0.002602826523850598,0.001312882474890186,0.00023303761807765718,3.8731489806299746e-05,0.00021923480360925462,-0.0006049762475477177,0.0007094495814783284
1692875548935329986,453,0,,0.004366326300900066,8.880993598676139e-05,-0.005623230886820003,-0.0009927017780014698,5.1311273816906564e-05,0.00034739533288367973,0.0007440612385210512
1692875548945145858,454,0,,-0.00010294240835104711,-0.00011949402902170827,-0.004789154549778681,-6.577924473088562e-05,0.00021511082113500663,5.819196187590623e-05,-0.0013208929673514285
1692875548956310727,455,0,,0.00047816976911792275,-0.0004407375767752479,-0.0006342021032138621,0.0008369116503370022,0.00026831504069370544,1.5220624570447452e-06,-0.005664031097894476
1692875548966391491,456,0,,0.003746145437079171,-0.0002997550489114115,-0.00032479558419720825,-5.982039174098749e-05,0.00027137235720199084,0.0002832374168686136,-0.002205173057605465
1692875548976973368,457,0,,-0.0010128315590244542,-0.0017715863131985865,0.0002927433159801669,-0.0006952319465138575,-0.00019465402397504092,0.00016087410173799304,-0.003511496874831631
1692875548987282614,458,0,,0.00020979919775526945,-0.0010660184556160013,-0.0009191109320896459,0.0006497101935263389,1.5254471342261042e-07,-1.9593578695897422e-05,-0.001031138016482541
1692875548998169576,459,0,,0.0001916519394652647,0.0009076427299262142,0.001603413211056928,0.003398000122406911,7.29833370502921e-05,-2.7462823252618988e-05,-0.0007885930430094831
1692875549008060384,460,0,,0.0002206375445559319,-0.0013466053983690557,-0.0001753483828029322,-0.0060800689845765254,-0.00034295056006798175,8.881265248158565e-05,-0.00935031797799347
1692875549018141554,461,0,,0.0006526770222141966,0.0022989798751213665,0.000625934156460895,-0.006238909705044559,0.00019686754746200846,-0.0006001013114744481,-0.00179383613442937
1692875549029294539,462,0,,0.0018247153601601007,-0.00033619713115143893,-0.006518569880060284,-0.0009199820708567078,5.540442672043502e-05,0.0002536355346209355,0.0013050540822518641
1692875549039303664,463,0,,0.0029217191014164015,-0.0018986464568332337,4.050414841920712e-05,4.561813538642798e-05,-0.00023102519423284993,-0.0001401359023106058,-0.0012393943793793662
1692875549049642278,464,0,,-0.0013770000886888338,-0.0010016102635769296,0.006040747351609804,-0.0004301038362718955,-0.00011894834627436288,-5.682525125950161e-05,-0.0008232453273812867
1692875549060523402,465,0,,-0.00448059594998198,1.7752594854180744e-05,-0.0002580528616545982,0.0004056586186504199,-0.00020331427990209107,0.0002947739354165945,-0.0015954284904041054
1692875549071124188,466,0,,-0.0012426895191815412,0.00034554298954716194,-0.0006707035892196654,0.005803850501039416,-1.8342013679728226e-05,6.517795860067168e-05,9.569556752589927e-05
1692875549081148680,467,0,,-9.335413231554482e-05,0.001528019409419056,-0.0009796128485288153,-0.0029743467208165567,6.107988381246014e-05,-9.049635381080395e-05,-0.0008570644705679605
1692875549091668086,468,0,,-0.0010964220334956946,0.000560084895372214,-0.00021449032047652866,-0.0007412462886979532,-0.00016120953197180522,9.696025805633575e-05,-0.0016314967858447377
1692875549101920012,469,0,,-0.00043874593014432207,-0.00018606906050691008,-0.0002082151097646639,7.948285196702322e-05,0.006868132769278769,-0.004084012114199333,-0.0007525232389512484
1692875549112466092,470,0,,-0.0011193289729447633,-0.000937738962194567,-0.0008665952217579042,-0.0006029325165623792,9.87084053265955e-05,-0.0003875443545234842,-0.0008509530394497535
1692875549122382003,471,0,,-0.0017950842220349674,-0.0015483834409793025,-0.0007177740273272262,-0.0005551784541140363,-0.00024791797041589245,-7.965725333874e-06,0.0005500318320801616
1692875549133520552,472,0,,0.00036713417670768085,-0.0007805858801706635,0.0024138105495416762,0.001841288708248199,-7.12791094683283e-05,8.965819130164771e-05,-0.00044605734003103905
1692875549143227480,473,0,,0.0007925626673828203,0.001664282725098869,-5.382458567919791e-05,-0.00016698543742517215,0.00034987323195255856,-0.00019695319832377595,-0.0015327717321191531
1692875549153037140,474,0,,0.00015699182959529056,0.0008123150215932978,0.0009172641811119029,-0.0002661608377808795,-9.936316523519416e-05,-0.00010790342386993821,-0.001298128626508772
1692875549164453939,475,0,,-0.0002652191669763429,-0.00026851658537904087,0.0014346018792278272,0.0022238968233494337,-2.3638264539814336e-05,-0.00018770105493706463,-0.00789468559971114
1692875549175251792,476,0,,0.0002828080473521003,-0.0017344306341543739,0.0004411355768756313,-5.2550521815135755e-05,-0.00023537889366206417,-3.209721766804089e-05,0.0010670096518827267
1692875549185496664,477,0,,0.0006303736245163986,-0.0010966617288410776,0.0006183486327897622,-0.0019121405060254426,-0.00030487155021883996,0.00022876925364277215,0.0010517887558161474
1692875549196180304,478,0,,-0.004208772322138577,-0.0006195902597115045,0.00041304354255073685,0.0009435640737170463,1.1255216398723137e-05,0.00018940842634736837,0.005564056342941428
1692875549206105365,479,0,,0.005999320870543237,-0.0010167366694451402,-0.003282006429012752,0.0003082466845444713,-5.440038266889229e-05,0.00027916943255385115,0.0005107028500641808
1692875549217342612,480,0,,0.0010238916354550678,-0.00034478556070785386,0.0005827808626497469,0.002895359283321327,-0.0004285668056912876,-4.673911323319683e-05,-0.0003344112866346489
1692875549228217554,481,0,,0.007045283420975425,-0.0018233916855610291,-0.0003963398673506587,9.824721269425194e-05,-0.0002321885741378357,-0.0004014979880365695,0.00043038366941427315
1692875549239628314,482,0,,0.00043493079377844574,-0.0007720300449774542,-0.0010240317908377884,0.0009123581087595334,-3.827356342143877e-05,0.009833871260849187,-0.0007473793832514395
1692875549250357437,483,0,,-0.0003178728310829204,-7.616835518521575e-05,0.0013648801039392385,0.001848652475650494,-0.00034201602220320336,0.000717248975437716,-0.000355729634695638
1692875549261644550,484,0,,-0.0005173715413036601,0.0004787166027377969,0.001215005611272783,-0.00140113381563883,-0.0003921250420418452,-0.0001886992041032249,0.0011867089950061917
1692875549272160137,485,0,,0.0015570585706713156,-3.417384310265574e-05,0.00019528474962599815,-0.0025029894555180046,4.358467479128899e-05,-0.00030973133644103074,0.0023239628680978646
1692875549282199018,486,0,,0.0008986082870229698,-0.00020193942683487682,-0.0023702723491276696,-0.00047729240591784115,8.410476479644782e-05,-0.00017451341722196748,-0.001091572382266829
1692875549292048267,487,0,,-0.006032517552883858,0.000599817092789352,0.0014113589332997525,-0.0024577086087556495,0.00023295673167509723,0.00041085331814595536,-0.010127348391942277
1692875549303299237,488,0,,-0.0037598979903923145,0.000929073452782287,0.0005416425099992347,0.002361974767141363,-7.265882733212751e-05,-3.915315064211376e-05,-0.002567293344417501
1692875549313961192,489,0,,-0.004543453131744099,0.0006236123129845371,-0.0008936010219853592,-0.00027287602067749934,-0.0004913983596661668,3.1581867259995587e-06,0.005448808125211573
1692875549325084322,490,0,,0.0006655982948965259,-6.976157122372415e-05,0.0005429639291336169,7.787218837138186e-06,0.0001318309601381994,-0.0003317892696090671,-0.0003449989188518154
1692875549336346024,491,0,,0.0007197242994452548,-0.00018040380586297416,-0.0003876627742910078,-0.0007133182820066215,0.00036635387082660937,-0.00019679666325291928,0.0009781129210415247
1692875549347490496,492,0,,-0.002335639837961179,-0.00125900737299408,9.655386817551013e-05,0.0008154602761575039,0.00012284282751315987,0.00011171302972630804,-0.001756714881611122
1692875549357192469,493,0,,-0.0012603755459341002,0.0004996459043502025,-0.0014713185428903198,-0.0013737403356708512,0.0001361825004561631,-6.12729955252061e-05,0.002075767098048162
1692875549368310385,494,0,,-0.0010242585657027343,-0.003378428897796904,-0.00010501538164137292,-0.00013118691757771876,5.577137540607079e-05,0.00026741845289333563,0.00017695805336960188
1692875549378750702,495,0,,0.002590070809073241,-0.0008208449849576646,0.001954314545221862,0.00018256484604729428,3.554572161254468e-05,0.00034063107565560427,-0.006402900347619807
1692875549389048446,496,0,,0.0004952020398879538,-0.0006388878888670854,2.97399795701709e-05,0.0006340195563980035,0.00017692377000897086,-0.0001574653251417786,-0.0014271889242584834
1692875549400106983,497,0,,0.0012262812253452122,-0.0017868457738309735,0.001024782653560673,-0.0012597548368958366,-0.00014259984216563295,-9.61810656013247e-05,0.0010349064931531244
1692875549411361773,498,0,,0.002258385138580556,-0.0011362558934885183,6.192471457955313e-05,0.00398775609876344,0.0003083938831951418,0.0001419673520499133,0.0021621813960474258
1692875549421220027,499,0,,0.001661763349561807,0.0001368274916014409,-0.0002855053400616248,-0.0005167116659574793,-0.00020928643768600106,-9.67498717827012e-05,-0.0019429736046046192
1692875549432314641,500,0,,0.00018146977935762045,5.079209462855517e-05,-0.003251481892257491,0.0009915027061568483,-2.6687034663806118e-05,-7.76087197380244e-05,-0.0006061288515630636
1692875549442247893,501,0,,0.001743123352874196,-0.0009103778886036646,2.5132192435044763e-05,0.0005296959032028834,-9.148820188981306e-05,-0.0002185747390558983,-0.0014266381157561577
1692875549452962246,502,0,,3.604059424835219e-05,0.0003078675491480905,0.0005348775518890761,0.0004659223428715451,-0.00017179364688984483,6.265412224756006e-05,-0.0031850854875629412
1692875549463024363,503,0,,0.0008516038212911948,0.0011372940554908912,-0.0011314214042765875,-0.0009668047356802121,-8.650037714332226e-05,1.4292937518597566e-05,8.352078890293206e-05
1692875549474444312,504,0,,-0.0035255921350506266,0.001159562251357325,-0.0034101428280805244,0.0031267351320972154,-0.0003294756859268829,-9.197591929097864e-05,4.3078168478237075e-05
1692875549484306255,505,0,,0.0006688711650678458,0.0005784952883279525,-0.0007873911227661325,-0.003223056139832725,4.413174791286401e-05,-0.00018321686008741688,-0.00012271111021842134
1692875549495020153,506,0,,-0.0009907873312190944,-8.375343834955857e-05,-0.006840147547415796,0.0030948606215009306,7.241335488344735e-05,-6.219135970367989e-05,0.0012196865111297498
1692875549506152126,507,0,,-0.0009491935339625155,-0.004699559808292261,0.00044748171117023653,-0.0010262636912635153,0.0005006724024354846,-3.330838164823453e-05,0.0002026465161409665
1692875549517275559,508,0,,-0.003085698855428729,-0.0013078692314714632,-0.0012278911502480267,-0.0001345186086518326,-0.00021196832995554565,0.0002279697464109318,-0.0010111429125069331
1692875549528279291,509,0,,0.003081838393395815,0.0011307509088595343,-0.0012389429079826542,0.0010643339797736932,-0.0002019267615396688,-0.00021357748810972433,-0.0006995406780136359
