1693299802595390605,23,0,,0.0005602932839171501,7.833586860391314e-05,-0.005702574202484964,-0.0003137227517136728,0.007793614261483711,0.0014025704315428359,-0.0006141658619523853
1693299802605775823,24,0,,-0.0012430159568900512,-0.0014000000382972976,-0.005840948280375736,0.0009659936385041285,0.0042420699536888954,0.00011581515083541256,0.0003021964223022619
1693299802615435453,25,0,,3.2557962885450694e-05,0.00036376214668496886,-0.003491638791747698,-9.531026348999811e-05,0.0072333640919980575,-0.0005292213805876729,4.529129285238793e-06
1693299802626472315,26,0,,-0.00025897930159492915,-0.0003172971838228466,-0.0033894651026962195,-0.0019277211512571124,0.008886695489126226,0.0007414099180956016,0.006855884608778284
1693299802637551350,27,0,,0.0007280059919136824,0.0006038516662574555,-0.007139495880419429,-0.00022395854603401543,0.0013035248379875042,-0.00045387074066846785,-0.0014697316837194378
1693299802648065826,28,0,,0.0007933513187571834,-0.0007930059826688488,-0.0029473971447096436,0.0001330631581261345,0.009120931662337576,0.009529384617782851,-0.0003269506597784512
1693299802657759486,29,0,,0.000753769810543462,0.0008400094156669204,-0.005597016463269873,-0.00022202407590840958,0.007985611154480802,-0.0001576648504807844,0.001039318022081054
1693299802668821893,30,0,,-0.00048498669200972006,0.0024882784521753866,-0.0016082158893002529,-0.0003777635384879575,0.003032907420767014,-0.0003239859359721982,0.0008387571425688912
1693299802880875372,31,0,,0.0016262956849396081,0.0008815621738357828,-0.0016776099547967476,0.00020788203651047325,0.0002914465881427681,9.945628116246674e-05,0.001599818627422154
1693299802891772026,32,0,,0.0001761146961430557,-0.0014226130130945438,-0.0008296854625874036,-0.0013400218282906297,0.00010540821640634695,-6.476619319765595e-05,0.0007254391698008135
1693299802901604073,33,0,,-0.0006860702223535826,-7.638602952901871e-05,-0.00013269470813243267,0.000686504137589591,-0.00028448398943028085,0.007184547259997663,-0.0009321755148161952
1693299802912768651,34,0,,-0.00046931076100548125,-0.0049415246421376366,0.00042580047009711087,0.0006685471860884056,0.0001371207267969947,0.012294745397995828,-0.0007639130940427965
1693299802923711868,35,0,,-1.5156364222660606e-05,-0.0027088855996632456,-0.002452023290774741,-0.00023300697124877985,0.00015071477320060595,0.007091486135009754,0.0020786365254836514
1693299802933317462,36,0,,-9.03338817095508e-05,-0.004531854953555645,-0.002849947542503958,0.0006254173496062892,0.0003207132980818389,-4.981346286769898e-05,-0.0007759206095600253
1693299802943901923,37,0,,-0.004155486566799502,-0.006154266484148515,-0.003226945624993845,-0.0009048025129165489,-0.0003729312146383467,-0.00014358582732285928,-8.279604240161217e-05
1693299802954418321,38,0,,-0.0008650346962868679,-0.00015340438108689755,-0.006688043334116613,0.0006770905947730023,4.265976050073388e-05,3.1846146066758563e-06,-0.0012682513394684596
1693299802964685095,39,0,,0.0012170217155385717,0.00012796035883649393,-0.002538523813783888,-0.0002561972672539323,4.9197867535882606e-05,-0.00021990711754080753,0.0003440429742154133
1693299802974843626,40,0,,-0.0005175080311360962,0.0002118687700744286,0.00017661609372160935,0.0005412703901888565,-0.00035096238765915143,0.0047860931327812824,0.000825384373516429
1693299802984759433,41,0,,-3.7641417072388406e-05,0.0008079591905431584,-0.003780280372042101,-0.0007120484870754698,0.0001986553977765451,0.0003835941509466022,0.0010676829211214904
1693299802995623851,42,0,,-0.00043471450073505525,-0.002888662718294829,-0.001218394036489309,0.0006505805695963533,-6.09264391917646e-05,7.695306025857212e-05,-0.00109415259456469
1693299803005587794,43,0,,0.0002667936903996032,-0.0004779519813731985,0.0010950991039811685,0.00046232624067398827,0.0001365358521594594,9.643659114901905e-05,-4.146097746484341e-05
1693299803016304453,44,0,,-0.00026121951580186176,0.00024806722128783754,-0.0005827448871471819,0.000494202074928622,8.362160662907203e-05,-0.00023466669615516159,0.0010892591646472715
1693299803026849383,45,0,,-0.0003108147097712239,0.00030781036988979094,-0.0004804569793571825,0.00032635445316306106,0.00015928285716229694,0.0002750271148928838,0.001759633547856366
1693299803037592382,46,0,,0.00023150064405731002,0.0005601821077355442,-0.00012184572358418635,-0.0011402474199068075,4.122988452400247e-05,0.00015307060834544964,0.0012608127765087113
1693299803047973521,47,0,,-0.0011719252316205705,-0.00029966802831050347,0.0007759703842662017,7.357999228410048e-05,6.455922289608221e-05,9.642591477611773e-05,-0.0006565433903536373
1693299803057716548,48,0,,0.0009768634940616394,0.0012305669293571442,0.0011782299403112922,-0.00045999465413250654,6.86573143257361e-05,-0.0002745015123366887,0.00013272755464090462
1693299803068818892,49,0,,-0.00022149331747696395,0.0021322559620381484,-0.0033782698554578935,0.0007363215530199903,-0.00014273690895632394,0.0003480742795166915,-0.0011806116550612021
1693299803078342739,50,0,,-0.0005719685759004626,-0.0006848422691401354,0.0008484156213767745,-0.001631824931723803,-0.00010613860378810439,0.00022085320894788533,-0.0010290229361818856
1693299803088627333,51,0,,0.00038320840069932014,0.0007838121327795208,0.000623076274542414,-0.00021877745864491807,-0.00010191721719934325,-4.333831130492411e-05,0.0011753996740945826
1693299803098566241,52,0,,-9.98908707785897e-05,-0.003437548330344278,-0.00044779102092806924,0.00021681294337992969,-3.0060406213773387e-06,-1.2659036237297375e-05,0.000862436208752038
1693299803110030666,53,0,,0.00035647441810110226,-0.00031747865784560763,0.00014710570383408617,0.001877617903869437,-0.00029258639642379685,-0.00029208125891276864,0.0005932173345969314
1693299803120471818,54,0,,0.00014457912628702466,-0.00020458811246076532,0.0009249277073495526,-0.0007885425833926949,0.00010300148918647074,-0.00015488019173061555,0.001529276056043749
1693299803131542512,55,0,,-0.0016561427741333301,0.0013012675108460086,-0.000961924430567886,-0.0003068892809939765,0.0005184634672396591,0.00048176259748637597,0.00012513565655853146
1693299803142626247,56,0,,-0.00015655883811902863,-0.0007467625864678712,0.0004236942117464509,-0.0011185187262763175,0.0003928901370720159,9.06631542686889e-05,-0.0019333550967401793
1693299803152776254,57,0,,-0.0007556598956071567,0.00039474854513192094,-0.0009188281249474264,0.0006724619914052434,0.00011879741110749963,-0.00019687204064328828,-0.0008964132929488573
1693299803162366437,58,0,,0.0004168248752861453,-0.0007424447373966743,-0.0017235202361997174,-0.0005943449645590677,-7.786747672810018e-05,0.0002499920733057507,0.00031403822291405906
1693299803172742750,59,0,,0.0008985318229891395,0.0013815310189323384,-0.0002960592500375538,-0.0008621634124421448,4.8837841717034614e-05,-0.0001647882332056413,-0.0011914059925260665
1693299803183991213,60,0,,-0.00023667557540890704,-0.00010217700879205733,-0.0007116468455199243,-0.0012804962077664383,8.438213664794768e-05,-0.00010441422089623394,0.00033322861700633136
1693299803193823132,61,0,,-0.00017320860579524613,-0.00035651568837714767,0.00037921637476360034,-0.00015530540425351814,-7.558389200405597e-05,0.00017984733184675308,-0.0014918749573604258
1693299803204365863,62,0,,0.0004000590380155932,1.5741892322112292e-05,-0.005255081110983271,0.00013864357023531167,-6.444931521320884e-05,-0.0002482260099063368,5.992314382140901e-05
1693299803215784030,63,0,,-0.0006367960638396531,-0.0008142576810423475,0.0010448494758072435,-0.00107450985774972,8.61061424362936e-05,8.796156820820273e-05,-7.894306904636889e-05
1693299803226942276,64,0,,0.0006940631941722426,-0.000968696032665796,-0.001209564900630008,0.0007209237451445423,0.0002871265177456267,-0.004320250351527305,0.0012903313982051859
1693299803237908577,65,0,,0.00022540915737157436,-0.0011096748310154188,0.0002043060988686558,-0.0024999453292129624,0.00010343972922211333,-0.00021121296085077892,0.0009602031483193378
1693299803248755614,66,0,,0.0005502239937039668,-0.0008807660027738025,0.0006433510330922764,0.000437790780055299,-0.0003077974737754343,-5.287486428715359e-05,-0.0022829070903427617
1693299803259531936,67,0,,-0.0005978442688100189,-0.0005147409651575187,0.0005295088489026176,5.2902684376426714e-05,9.899199354184892e-05,-0.00022397749804199235,-0.0008809280529908372
1693299803269468187,68,0,,0.0031395515783902866,0.000672360504388293,-0.0005133243824042865,0.0008147488738325733,-0.0004070156270184265,-0.00024715841297951287,-0.0009542760367005336
1693299803280358174,69,0,,-0.0015658088542450052,-0.0005136645128385648,-0.0009034715288252353,-0.0009007596762234564,-1.0383047152214411e-05,0.00013462022962959952,-0.0014479542544654014
1693299803290501440,70,0,,0.00025840395821189686,-0.000949190979108143,-0.0004537365456767303,-0.00010207638212523356,0.00012515861075701758,4.513045790001597e-05,0.0004323067186332289
1693299803302052222,71,0,,0.00017557133986262767,-0.0011419936717585095,0.0006765705729519711,-0.00012542529797027226,8.079400804656088e-05,-8.613826674125472e-05,-0.001022577181154671
1693299803312755792,72,0,,-0.0006159403603819394,0.0009407410128789201,0.0009068267038248748,0.0004266753469740655,-9.31651355170556e-07,0.0003805242700330898,-0.0004755023614931957
1693299803322423706,73,0,,0.0026344432633602986,-0.00017603701673227852,0.0017314381267845213,-0.000935467714857893,0.00026064093407773305,-1.3660387307988952e-05,0.0003938365642349147
1693299803333707695,74,0,,0.0008386756433741497,0.00030397927922368097,-0.0003561664940092804,-0.00044281594222425445,-0.0001361588851692171,-0.0002457911230050663,-0.0011622865937875458
1693299803344453552,75,0,,-0.00036289741432572503,0.00038668851599217915,0.0004945180207887073,-0.0013234847849071393,9.754234309433282e-05,-3.3686434757213644e-05,-0.001286347012323882
1693299803354434565,76,0,,0.00012175039162588188,-0.0003270758796232628,0.0007638489751736869,0.0004800267758443671,-0.00011480265881839214,0.00016041492706580292,-0.0008587406635692092
1693299803364739047,77,0,,-1.1063724749684434e-05,1.8387274778259485e-06,0.0006454672469966029,-6.979561374188535e-05,-0.000327942713175266,-6.299184672717494e-05,-0.0011824402169972837
1693299803375832365,78,0,,-0.0007043675310597186,-0.0021765327010785816,-0.001080461107382567,0.0007829376522734119,-4.369256265494211e-05,-0.0001705431156751959,-0.0006012880885638888
1693299803385544310,79,0,,-0.0010169968536212423,0.0008842311010335292,8.989282647040212e-05,-0.0005081657121143829,-0.00022554245819313048,5.0515943248521296e-05,-0.0004712099263602527
1693299803396350350,80,0,,0.00048348504288639883,-0.0009120687881744238,-9.749125722159192e-05,0.0004570427769943432,-0.000206006339904173,-0.00015060703095627002,-0.0004196575869873763
1693299803407724949,81,0,,0.000867274989922073,-0.00027210433499562906,0.00046153599175681925,9.81817408219461e-05,1.7965475950594723e-05,-0.0002960189860867228,0.000426145057777839
1693299803418787717,82,0,,0.0005818631256890253,-0.0008535580556204906,0.0004918245227520155,-0.0014199460070025013,-0.0001749901116407034,-7.069588867911364e-05,0.0009692679587525386
1693299803428534478,83,0,,-0.000632833203641987,9.995223624311346e-05,0.0013466306475482493,0.0003760044686796775,0.0003103034618124835,-7.890025456272044e-05,0.006869879452535691
1693299803439850337,84,0,,0.0008118351625130574,0.000749955364812376,-0.0008593216521252999,0.00012526665953048713,-0.00018750310995423124,0.00014471102823213988,0.0010893814009312061
1693299803449965419,85,0,,-0.0015606184774306045,0.006650407349086451,-0.0005371164839359549,0.0002657124335211569,4.078129132850459e-05,0.00022404176583736465,-0.0003060507884640744
1693299803459829252,86,0,,-0.00019994443214375873,0.00011418553048648888,0.0011613400613549694,-0.0008173708258654383,0.00019228125627352523,-7.811309551550471e-05,-0.000549945976245738
1693299803470724574,87,0,,0.00022019069793893404,0.0006390479322321571,8.746167396161255e-05,-0.0011108872808982882,-0.00021271756302331627,-0.00011240250178777562,-0.0013552128572638937
1693299803480754660,88,0,,0.0006291611945770535,9.736061868780504e-05,0.0008778809652040518,0.000366955500420266,8.916954059244512e-05,-0.0006286442974727108,0.0006629667937104786
1693299803490802608,89,0,,-0.0006411204626661719,0.001812710522019356,0.0014006812058774572,0.0003730358715033218,0.00020529144327228934,0.00014087741677484708,0.0002482392259216238
1693299803501878166,90,0,,0.0014618843618541114,-0.0002706131289456503,0.0004185364345771002,-6.613630944826759e-05,2.4825669262549748e-05,-4.108573569565641e-05,0.0030394209776772136
1693299803512071256,91,0,,-0.0005708954830119688,-0.0016649445916013487,-0.001020042025384799,-6.155801706700377e-05,-0.00018218190942035682,0.00010967980650218713,0.005096823566122941
1693299803522551979,92,0,,-0.0001560599206025739,0.001309799470170215,-4.0772895254598206e-05,0.0002783144354197757,0.0003161255959389203,2.2056189664055647e-05,0.0012360257373672254
1693299803532659927,93,0,,0.0010649888603531505,0.0007255197145953991,0.0012275814428074165,0.00016057346662640506,4.795406476014972e-05,0.0001683034891124715,0.0037244306269163027
1693299803542752746,94,0,,0.0012534956782016846,0.0012842041816841447,0.00015319021454343246,0.0005173610973439394,-0.00017057621633936407,-8.95728078995283e-05,0.0001345110513514166
1693299803553649213,95,0,,0.0008515673329179841,0.00015762432477355888,-0.0007916766450456531,0.0007310277252143394,0.0001015052379408033,-0.0007197264961262464,0.0007332474436340657
1693299803563560991,96,0,,-0.00020295896902580455,-0.00177116934494216,0.0010497810949578151,0.0014572867987851406,-0.00018953815397478285,4.127479032681994e-05,-0.0006308285060133743
1693299803573678484,97,0,,0.00024293030817612238,0.000471593734843667,-0.0006103149856055846,2.623340786524625e-05,-7.502120126369925e-05,7.391440499244409e-05,-0.0009561646260018282
1693299803584741019,98,0,,-0.0011074775610171229,-0.0027363250619158734,-1.524552281899373e-05,-0.0014033675088350342,1.7820812403325732e-05,-1.6188978801459465e-05,-0.001738659600046589
1693299803594865256,99,0,,0.0006975527154999713,0.0007850642673226916,-8.071823380133571e-05,0.0003744437519796424,-4.2054520262921375e-05,0.00010036781487054208,-0.0003243925342717161
1693299803605283096,100,0,,0.00038460801479370385,0.0009346820704626845,0.00010288736373532846,-0.001122133432955426,3.251262754856299e-05,0.00016689580430530315,-0.00185862222375024
1693299803615606355,101,0,,-0.00046623715138031723,-0.0019338447252731329,0.00309856192478293,0.0005823884940537067,-1.2673609551930397e-05,-0.0002597732832502053,9.423233217089213e-05
1693299803625394170,102,0,,-0.0015731525224748652,-0.0006778738754933808,-0.0005451109341856203,-0.00018834295755701513,-0.00022077180377355976,0.0001150213242591908,0.00047423647785711505
1693299803636659824,103,0,,-1.4438285035092005e-05,-5.831859443378524e-05,-0.0010407400990066118,-0.0008743266249519678,0.00028610421232399787,-3.2975457587251526e-05,0.001016763617731323
1693299803646482483,104,0,,-0.0015070460562500744,-0.0007080660469634975,-1.647301871740094e-05,-0.0005543265057052146,-0.0001285842516228933,8.749391935393747e-05,-0.00014725327224062736
1693299803656726336,105,0,,-0.0010221026435472485,0.0008971126791160979,2.2307472574550135e-05,-0.0002085079583773057,0.00025033387492158054,-0.00033649021908302684,-0.0009819267949545214
1693299803667012595,106,0,,-0.00010754314737721374,0.00032647203266203477,-0.00028977242219201924,0.0008128323438055113,7.616507384056235e-05,-0.00012409007367411278,0.0009655148715295273
1693299803677564520,107,0,,0.0008121775074426566,0.0005173324542455358,-0.00035972042918997604,0.00010872291551960957,-0.0003978392689221002,-7.79270973256509e-05,-0.0024095171147679824
1693299803688675066,108,0,,-9.492759639305641e-05,1.0043502367736573e-05,-0.0008069857815498201,-0.0005528109731046444,-2.1286902349239853e-05,-6.536877723732513e-05,-0.0005686396935360141
1693299803702698346,109,0,,-0.0006491836094053632,0.0009994986759669041,-0.00017451583500416038,-0.0009101928003078716,0.00023010726025775741,0.000222707093360086,0.00010841134801136245
1693299803712601106,110,0,,0.0006062040217306171,-0.00018644280415281504,-0.0012059662533880889,0.0003191947735466931,-3.3777764209782856e-05,-0.00038563205127204516,-0.00133818533931173
1693299803722704607,111,0,,0.0033996020028739023,-0.0009019740309431659,-0.0005023634145233357,-0.0009188164564101614,1.6345195156974423e-05,-9.08667436451519e-05,0.0005496471068411261
1693299803733464031,112,0,,-7.559355964004605e-05,0.0010266697637335582,-0.0011064612406018568,-0.0008982441429351241,0.00016949160887740967,0.00012793976178331737,-0.0013321752981703154
1693299803744603974,113,0,,0.0003565319731661828,-0.00021918244888953844,-0.0017783540787083604,-0.00035770568768120917,-4.5422366015337904e-05,0.0003420167222119727,-0.0006663936221541963
1693299803755622421,114,0,,0.000918936304830378,-0.00011198874293831039,0.0005437065104564289,-0.0005120640405545739,0.0003690094068877976,0.00020842788235315936,-0.0009966988040444804
1693299803765689723,115,0,,0.0026262303539337905,0.0010317183365449619,-0.0017907686941153775,0.0002744624286404156,-0.00030393271315018423,-0.00017396416014192224,2.747049922363784e-05
1693299803775925522,116,0,,-0.00016883648832028824,0.00040620494419664433,0.00026182111918517375,-0.00011439357644398098,-7.704870382809858e-06,-0.00013140814422460433,0.0012913477622998788
1693299803786937157,117,0,,-0.002873542937929426,-0.004228982137916085,0.0002297725066060906,-0.0005073651725248219,-0.00015244583435098063,-0.00040150350807960757,0.0004971485755417378
1693299803797979876,118,0,,-0.0003479350899226667,-0.0011667343104480102,0.00017948609047486913,-0.0022828800644391087,-0.0002841672154384893,-0.00020964793267217783,0.0012742080442208086
1693299803807505246,119,0,,0.0011703671680927683,-0.0005468334200672946,0.0006172096953834762,-0.00015361678796551277,0.0004424193135333112,-0.00015483757327925494,-0.0006230417991303991
1693299803818720820,120,0,,-0.0004456457782495689,-0.0008826683533144603,-0.0015947702327334487,0.0012861473307918005,0.0026702333705622377,-0.00014966889878223122,-0.0005189663387160945
1693299803829641568,121,0,,0.000969606455441662,-0.0007358153607081261,0.00029840095348032886,-0.0006182947281299621,0.00012783492276924153,0.00026298493394011656,0.00026524925015217963
1693299803839895995,122,0,,-8.349410226326078e-05,0.00047352660126053257,0.00043070224927108255,-6.734728059561001e-05,0.0003100623114475635,-9.805534877177406e-05,-0.0009357812216326684
1693299803850497314,123,0,,-0.0003347469519320122,-0.00031185719285542046,0.00042724421538676356,-0.000623871630198303,-3.511023149011278e-05,-1.0617801912119695e-05,-0.0015681486228618748
1693299803861464517,124,0,,-0.0005410541331676643,0.0009742125616740183,-0.00529441589863378,0.0005811667154976228,-0.007093863883533193,0.00023173782050839499,-0.0001511491092844247
1693299803872755308,125,0,,-0.0009345705199171949,-0.00038117289563815353,0.0008636512577797936,-0.0005183528385763195,-0.0004982771483030698,0.00015026852606959867,-0.001057873325568426
1693299803883657676,126,0,,0.000569694667483689,0.0006000612876099394,4.5494504184153284e-05,0.0008439779420950183,-0.00024212499786087087,-0.0004374930386793589,-0.00034182197723793285
1693299803893708317,127,0,,0.0009371637832845335,-0.0009136028192906822,-0.000631378438255568,0.0004936342719770502,-0.00020295957455078646,-0.00026922067472112427,0.0008717628429022878
1693299803903778014,128,0,,0.00012671088277420282,-0.000598345784977148,-4.512712921404405e-05,0.0006112853363603335,0.0003033235970114491,-0.00024836727183722866,0.0016849898792397858
1693299803913834460,129,0,,-0.00020331263412715411,0.0004202933401076463,-0.0003469967225438408,0.0004895047296005518,-0.0002794684866753598,0.00024118141751788648,-0.0007780264213402423
1693299803924910285,130,0,,-0.0017089396704210286,-0.00021181891584944742,0.0020395360380524434,0.00011798527547244194,-0.00046787898289169785,-0.0001540211280429438,0.0006434231652716438
1693299803935754839,131,0,,0.0031485640254565956,-0.00019105460492643185,-0.000503871999053711,-0.0006319601771572304,-0.00014317787375556644,0.0005262739927890474,0.0015652220067126335
1693299803945836912,132,0,,0.0020567755441521737,0.0013694047578177728,-0.0007219493230163543,-0.0007235019313413845,0.00026902734196996794,-0.00020899830656405163,-0.0013736235910391597
1693299803956609185,133,0,,-0.00018156808103677197,-0.0003546784573401238,-0.0011421372096514502,0.001535333670850914,-2.181417245565319e-05,-0.0002796878698115681,0.0008352053477356642
1693299803966765620,134,0,,-0.0006736024400602487,-0.00046259332528938887,0.0004937736044766118,-0.00013182153036253978,-2.7485388156833497e-05,0.00039717895636216734,-0.0014838745611246947
1693299803977334743,135,0,,-0.00042198789595552664,-0.0014613110200707086,0.0011296441064758372,-0.000285732350905396,-1.756397128397247e-05,-0.00012820053694504347,-0.0004836032729706976
1693299803988481104,136,0,,0.0005013534691181694,-0.0013554357119873823,-0.00015273870360234406,-0.0005882534125003173,0.0004984044432221656,-0.00018394869598457845,0.00011442856527050401
1693299803999685799,137,0,,-0.00422257801169527,-0.0003728221716584139,-0.0025014353925770436,-0.0018244556488420545,-1.4366349126112274e-06,0.00017453319664011762,0.0009000788666195323
1693299804009831151,138,0,,-0.0008221055142438526,0.0014818384073163177,-0.001663315524566989,-0.00044340849951140436,0.0001950945033982284,-0.009412564403630598,-0.0009109904776038552
1693299804019382085,139,0,,0.0010702472294652865,-0.001973948294552295,0.00019953731923235345,0.000209334226932336,-8.204675595831794e-05,-0.0004584455049278597,2.761308446861177e-05
1693299804030536644,140,0,,-0.0014351745530149958,0.003647849180250245,-0.004221454337131619,0.0001800183203485452,-0.00012000155913623603,-0.00011908315697651234,-0.001249345723055726
1693299804041855964,141,0,,-0.0006228251009105656,8.162502659313621e-05,-0.0005443457710711625,0.0007773830678582365,-0.0002185128619662541,0.0002223083689496092,0.0023942423570988127
1693299804052720442,142,0,,0.0017047976058921404,0.0003926280859186736,-0.0007318981226940595,-0.0001683861218112766,-0.0002888668728272789,0.00031145946416285235,0.0003914477406045623
1693299804063311796,143,0,,0.001848971952524579,0.005851748773532216,-0.0036152841206812084,0.0015299627300664968,0.0003239284265852286,-0.0002780839638454802,-0.0007799886937904158
1693299804073455988,144,0,,-0.0008542423932543693,0.0011147071307782376,3.552050276847881e-05,-0.0008917943353810613,-0.0003023698559367301,-0.00024978896651665336,0.001640527819307525
1693299804083909192,145,0,,0.0002325117636156205,-0.0014423489979650923,0.00028492731793932627,-9.138326513581549e-05,4.1642160832880975e-05,2.3411056499923213e-05,0.0013897732472981012
1693299804093890256,146,0,,-0.0007787569226722528,0.0012384633407653727,0.00016042537625899516,0.0006355302046907824,-0.0001282135822441046,0.00024024048187668164,0.0011917826236447705
1693299804104878883,147,0,,0.0008987429273280671,-0.00024610848587060903,5.8648021874053104e-05,0.0004227741608651396,-0.0001683972229941711,-0.0001172586923892431,-0.0004739524337193577
1693299804114806506,148,0,,-3.209078006318455e-05,-0.0013276107693673894,-0.0003057063617463269,0.00013055833843506607,-0.00024144893755419564,-0.00034663553858596595,-0.0007656483223446338
1693299804126741794,149,0,,0.0011585748593837656,0.0002705342318259291,-0.0008080493672861584,7.213833826357323e-05,4.4749955053925675e-05,-0.0001468212306375152,0.0002318361061461272
1693299804137920373,150,0,,0.0008365744209553945,-0.005788423190244266,-0.00044037883056624323,0.0004226410136948723,0.00118663936402323,9.330967447967946e-05,-0.002254932601258014
1693299804148667674,151,0,,0.0008540300642741306,-0.00036801048057006876,-0.0009764470282660015,1.2128139527563002e-05,0.00022869845570340933,0.00038170477640510076,-0.0011911214525914724
1693299804158870210,152,0,,-0.0008002754171265352,0.0004567296552575794,-0.0006390746617370392,-0.0008122632689158037,-0.0005559486431652325,0.00018636170742725798,-0.0012946084351705275
1693299804169641991,153,0,,0.00045162888446101385,-0.001984235352424509,6.063000539798934e-05,0.00056830491202307,2.2748345250694603e-05,-0.000130977750671414,-0.0018410721929044355
1693299804180386714,154,0,,-0.0017942123038884455,0.0040518205614713705,-0.00011469187558767253,-0.0009293989379548469,0.004323332958400545,-0.007131014808452666,-0.001837525540984852
1693299804190855163,155,0,,0.00027133106236019143,0.0004072352061005048,0.0017550711796782425,0.0007188964536390685,-2.296272776523844e-05,-0.0005254446038469331,0.0005157925448537466
1693299804201560359,156,0,,-0.0013068282950414404,0.00011043980903702736,-0.0011168798281818524,0.00040292670166617087,6.888404294918774e-05,0.0004511728445991326,-0.0010774300536343987
1693299804211436448,157,0,,-0.0013879782003936413,-0.002093277264256051,0.0011185980725981635,0.000387360962122552,2.6399106585414732e-05,-0.00022966942652436032,0.0008158162489183418
1693299804222681432,158,0,,0.0004748806186316162,0.0013199898942359393,0.00022443372463641024,-6.61184281188872e-05,-0.0005504856652312839,0.0001865538712258932,0.0015530166429852808
1693299804234716368,159,0,,-0.0027103954839858752,-0.001008659615634829,-0.001093720748643764,-0.0003669683584361234,6.028994222063426e-05,9.100743214445912e-05,0.0003595751376166703
1693299804244855292,160,0,,-0.0009092315602802043,0.00021522475647614474,-0.0011645850890748708,-0.0003030208742100894,-0.00017824889683467197,0.00010998585792060242,-0.0007534728486043915
1693299804256663136,161,0,,-0.00040268466394472087,-0.00013821742363405063,0.005360520161318638,-0.0007411230992369346,1.251651674378867e-05,-0.00019212635160344098,0.0006435302911088932
1693299804265651956,162,0,,0.0015846177679721175,-0.000880631490927089,-0.0003622854938368319,-0.0005249157119631648,-0.001558446950805938,0.0005229404217381307,0.001166752382994075
1693299804276797232,163,0,,0.0011263395705504563,-0.0014148151088509706,0.001570641429794445,-0.00046882909095350203,0.009757632946740157,0.00020743012249648158,0.000959217251005142
1693299804287039250,164,0,,0.001052262059214289,-0.0007559816855323535,8.08075723818855e-05,0.00017669110849039913,0.000475971755508705,-0.00018930683525540998,-1.0767322373136305e-05
1693299804297351289,165,0,,0.00057834767630309,-0.0049403445841727876,0.0013474032226944664,0.0008805239339096175,-0.0008336733057638562,-8.673538891582657e-05,0.0006443220595909582
1693299804307833341,166,0,,0.0005251417911361136,-0.0010743950064566778,0.00021165905181475805,0.0009020583664615028,4.0625204519357706e-05,0.00025172284781989227,-0.00029738733272265626
1693299804317869145,167,0,,-0.0011579781561836908,-0.0005762076182984073,0.0003306752908286129,-0.00011769702512364849,-0.00024335121407836137,0.00017258602898159552,-0.0014567950924371353
1693299804328864065,168,0,,0.002215529467595809,0.0014409842271349445,0.0023405211513217966,-0.00043231498678888194,-0.00029025917734803834,0.00011197411224776207,-0.001083092333616227
1693299804339767158,169,0,,-0.0008758820784193509,0.0013688238246496456,-4.531538041451246e-05,-0.000661965508538556,-0.00019179603735793924,-0.00010110431142281034,-0.0016118742008905658
1693299804350839722,170,0,,0.0008514964551271234,0.0008124537833918684,0.0014187168414927967,4.510280409354176e-05,-0.0006722100007579093,-0.007248903723801926,0.0007572136979121362
1693299804361332898,171,0,,0.0006839547944552501,-8.700719591935111e-05,-0.0002320194172013721,0.0016079970261730083,-0.00015208266597152253,-0.0007007855332514131,0.0008457400481423329
1693299804371462961,172,0,,0.0007711275593632104,0.0023255443071435854,-0.0019324958419603818,0.0009266966784560254,0.0002555122710672032,-0.009458953395525152,-0.0013762902104538823
1693299804382515933,173,0,,0.001245948019025022,5.571951354384338e-05,0.0007862921616594566,0.0009474276242428843,-0.00015221856353265777,-0.00043695930414241986,-0.0015628585314259066
1693299804393982571,174,0,,-7.785692826244488e-05,0.00044259828514157533,0.00026381901583927405,0.0002394150150765478,0.00027588173224903675,-0.0008296203052007508,-0.0019744983225471295
1693299804404836160,175,0,,-0.0005595225518395807,-0.0006853714400054376,-0.0009534018175917441,-0.0025220815442369396,-0.0002092026390636152,0.0001104655596089885,-0.0002189004091266249
1693299804415468717,176,0,,0.00010200543432771786,-0.00021806311469478232,0.0010076768821028553,-0.0005749150828730448,0.000284784554062818,-0.00022234359833870327,-0.00037504320576840577
1693299804425957380,177,0,,-0.00032084800319431703,-0.0006311094316068679,0.0012221654401447758,0.002051273462836912,-0.000406457034660924,-0.00031471084797626055,-0.0011126059539556252
1693299804435886542,178,0,,0.0009944042247713404,-0.0005122242771190448,0.0016188331008432605,0.0010506278950116997,-0.0001552840096714029,0.0002265003190464711,0.0022515550565952334
1693299804445759743,179,0,,-0.00011348830586389191,0.005296714228226028,0.003077038866582512,0.00185775271565584,-0.0015659198473540097,4.094559166982432e-05,0.0020101817583901465
1693299804456397264,180,0,,0.0013315184377597935,-0.0059247094940418615,0.00022187418520998293,0.0004611322376408075,-0.00011490035545774782,0.0009924381961653268,0.0007514429390478941
1693299804467703424,181,0,,6.294748304303296e-05,-0.0012577802302308136,-0.0007012995592291755,-0.0004106315434676057,-0.002045339629952974,-6.697711472665785e-05,0.000734081996410053
1693299804477905539,182,0,,-0.0003937942366675533,-0.0007002713447855207,0.00010010923498255346,-0.0002081283115731545,6.957759819578219e-05,-0.0003480183035271922,-0.000604431335466349
1693299804488859618,183,0,,-6.414810977300381e-05,-0.0006285094729200215,-0.000957854777638057,-0.002014176838011483,-0.000189290487809158,-0.000115544905329162,0.0013779065124965846
1693299804498876740,184,0,,0.00040470239108696495,-0.0005630237556882137,-0.0019091006172734784,-0.0006719306822975459,-7.43418865994743e-05,-0.0007324810329365263,-0.001741628832698326
1693299804508746262,185,0,,0.0008043052817364924,0.0006430223861517974,-7.457798475689925e-06,-0.00046010804281542057,-0.00014791357160532902,0.003359259197801751,0.0007453480930454668
1693299804519747008,186,0,,0.0018188172044488638,-0.0010584509889701053,0.0013606570936374864,-0.0007252769487091503,-8.587951029780664e-05,0.000583235437218416,-0.0012682561014266272
1693299804530105864,187,0,,0.0003070049951393019,-0.0011760098541807938,0.0023657434519647556,0.0002769131284760364,0.00020448845013964933,0.005080820986750131,0.001356854059130747
1693299804540703845,188,0,,-0.0009770362644630892,-0.0009360794570727908,-0.005746493902064576,-0.0007443348424690675,-0.0005776110799048727,0.0007165162373807543,0.0021778888084572415
1693299804550563632,189,0,,-0.00034981970640809805,0.0009428670419745738,0.002416961267433039,0.00033165184572841083,2.2605475437770917e-06,-0.000251637507709282,-0.0020006392570668776
1693299804561870836,190,0,,0.0012281811706984424,-0.0009717182728825813,-0.0008150847459588689,0.0014508013080458625,3.624710926479008e-05,3.222403289078396e-05,-0.0001772513475057169
1693299804572783677,191,0,,-0.0003298389491763008,0.002042666784316314,-0.002656475143097633,0.0005321696309844161,0.00013130119761182736,0.00030810731496623214,0.0010293554993396634
1693299804582794825,192,0,,0.0008050374794138713,-0.004589415310079002,0.003837291650518251,0.0009115103001189239,-0.0004588006381689101,-1.5976535619364e-05,-0.0015774662115693302
1693299804593647697,193,0,,-0.001029968700436397,-0.0005106371979776429,-0.005874979599012682,-8.884276216899385e-05,-0.00020832535559779536,0.0004072331931273094,-0.0007607572859946385
1693299804604421586,194,0,,0.0006821342947980219,-0.00045261442719610667,-0.0007639170063230079,0.00046964490114245885,-0.007446351345337929,0.005000815536899361,-0.0021106726525886885
1693299804614803503,195,0,,-0.00036815772836073954,-6.876641285981372e-05,-0.0011785235968753364,-0.0015904139161783692,2.6881678695977378e-05,0.00012332462635129008,-0.0009326627375950596
1693299804624782985,196,0,,0.00011276875660090797,-0.007348381233482613,0.002573065386821908,0.0009829680872410307,-0.0002043480901163909,0.00012611678415549172,0.0006511671816013542
1693299804635766695,197,0,,0.0012694278780839997,-0.0016694164172334485,0.0005706389743836772,-0.00017831033985332535,0.0002903664055182812,-0.00016549450791733316,0.0009626327311871284
1693299804645824243,198,0,,-0.0013142390188039428,-0.0005013055344448154,-0.0012049710278766057,0.0011627484677660853,-6.390255978432467e-06,0.0004179990396014995,-0.0006131161698215269
1693299804656809498,199,0,,6.856573380280292e-05,-0.00012574212406981286,0.006409528094623053,0.0006853906499809893,-0.0051478797599104785,0.00033338919266959243,-0.0003058899295397214
1693299804670295101,200,0,,-0.00021669381928183745,-0.0011736781569472714,-0.001089482487709596,-0.000988313524209238,-0.00038469816452161323,-0.0003344775563065604,-0.001304782751660318
1693299804680783961,201,0,,0.0013197230317862373,0.0009994391201403091,0.00018671469892187135,0.0010263344455276192,-8.838153821788361e-06,-0.000546157919953966,0.00047301328038392955
1693299804690886621,202,0,,9.268042851809681e-05,-0.001221015527273523,-0.00026080386119174936,-0.00010127009843659255,0.0003487132142090667,0.0018884242750009449,8.2779670133341e-05
1693299804701311908,203,0,,-0.00010813044623170722,0.0008282183727316423,-0.0002241428769242794,9.999059929699634e-05,0.0007022765508804964,0.0004434139583636185,-0.001413507950718382
1693299804711844359,204,0,,-0.0015728550724303041,-0.0003051057963112005,-0.0004555246710099464,-0.00036807838829147626,-4.1857343443326746e-05,0.00024973934513927595,0.00036134893495958994
1693299804721443674,205,0,,-0.0011568232524565897,0.0005713654141773165,-0.0005384875326413475,-0.00045339604129667117,0.00022346728979593053,0.0017336474892284278,0.0009245844435789251
1693299804731894603,206,0,,0.00022319155874858256,0.0069240555947985465,-0.004032404489541233,0.0018801107993724568,3.544192404870033e-05,0.00017576026504474132,-0.0003668782919516244
1693299804742617295,207,0,,-0.00020943611814028227,0.0003320217043204534,0.0012671400188611064,-0.00010563198126923155,4.5309156765841054e-05,0.01008828355301581,-0.0014936163984138166
1693299804753822768,208,0,,-0.0015049639725222312,-0.000993500306420109,0.0007810443008047394,-0.00045803162836518705,-0.0001719363606235926,0.00037157708967261156,5.908813432284643e-05
1693299804763855046,209,0,,-0.0002863636163742472,-0.0001732192333889153,-0.0006903452310945118,0.00021005189441331676,4.163525847513592e-05,0.00025786216803081385,-0.0011054943420196152
1693299804774777172,210,0,,0.00012456443840123678,0.0022970482541397183,0.0014577613516043627,-0.0007867303426609535,-4.899707311996646e-05,-0.00011457015723469751,-0.0004980558790287524
1693299804784730316,211,0,,-0.0007426789004198364,-0.0047482637266172785,0.00036190876268176006,4.6423821940941e-05,0.00033457027854283633,-2.3116821510136986e-05,0.0009731186857190378
1693299804794583859,212,0,,-0.0009643305944116264,-0.002095186753637509,-0.0017309783951110404,-0.00014634477321308866,-0.0003276678761502161,0.0003730814603420859,-0.00031753331689845935
1693299804804898198,213,0,,-0.0007824777727706525,-0.0005934978474278822,0.002428346226456108,0.0013158275387049124,-0.0001081930858484709,-0.0011486932505468499,0.0005303422281639977
1693299804815322356,214,0,,0.0003086075278402495,-0.006325960457069591,0.0005452658257039803,-0.00014798680501375584,0.00038448193372492024,0.005027220894700216,0.0015077897052394773
1693299804825976998,215,0,,0.0008457936844577247,0.0009021320492082738,-4.262085970703575e-05,-0.0014459171177093459,-5.8165573513294055e-05,0.00011841306284526203,0.0007524314444591868
1693299804835955938,216,0,,-0.0013307009994808791,0.002982773982780929,0.00011113012731910299,-0.00021446440707794092,-0.0003792590619767148,-0.007118245591624075,-0.00030369203844551857
1693299804845656483,217,0,,0.0005134339876972461,-0.0011500288492241534,0.0006960140165023426,-0.001044937405537625,-0.00024007007570929072,-0.0007410678024137664,0.0012321676823584858
1693299804856589402,218,0,,-0.00037525659909323767,-0.00128603079832992,-0.00033044798384598926,0.000422249564976432,0.00022832482169086898,0.0012177304176410112,-0.0004004535375429771
1693299804866456988,219,0,,-0.0009162757125291367,-0.0003418341934111861,0.0002954172140181352,0.0010839019404284278,4.612839407764089e-05,-0.0070883727089747495,-0.0008301801453509767
1693299804877446521,220,0,,-0.00036415225232410255,0.0016316937728750643,0.00020361011219470815,1.0954687238240305e-05,0.00010443435491326983,-0.002257167084369095,-0.001612329149500252
1693299804888785802,221,0,,0.0013477177968525176,-0.0014401010327124528,0.00026346917489221145,0.00036649719997518097,-0.0002449943269866276,-0.007238486684720619,-0.000580190821197041
1693299804898507128,222,0,,-0.0007489339488275527,-0.0011110188005931626,-0.0009103956761278815,-7.231131051730574e-05,0.0002664485622824735,-0.000848707353142987,0.0006213555914619983
1693299804909373461,223,0,,-0.0007075154880720461,-0.00017951832870394377,-0.0011740930719339954,-0.0004191608246203839,2.82540411167016e-05,0.00013981563722279404,-0.0014063018149810518
1693299804919361318,224,0,,-0.0006006480065322139,-0.0003500321650531551,-0.0003166077243050395,0.0001986371504021659,0.0006568936805054428,0.005030748023985027,0.0012819971148644851
1693299804929836971,225,0,,-0.002301831161958205,0.006195634976714001,0.00042879527208486895,-0.0010938847801596314,-0.009436305943406272,-0.008863648529657608,0.0003592987439986002
1693299804939527480,226,0,,0.0016863141913312659,-0.0004474969810767151,0.0009694444044216529,0.000179317240031292,-0.0007915866381602983,-0.0006501684085490597,-0.0005153813663076756
1693299804950902362,227,0,,-0.0006532823388271435,0.0034675982425055236,0.0010778024757927991,-0.0002650675860502595,-0.00018456708388971235,-0.0036945482128140656,-0.001685511212029199
1693299804961549631,228,0,,-0.00045531540036044697,0.0003790530170387814,0.0002743644873041668,0.0005606500107100651,-3.412643166242754e-05,0.001693196509278635,9.518767074037537e-05
1693299804971699993,229,0,,-0.0009133678903464164,0.0007614108895969979,-0.0003935226240415808,-0.00044690400763371357,0.0001352841710429682,-0.00016536066609058344,0.0007181600336230749
1693299804982612137,230,0,,-0.00020367923471806398,-0.0016176702008149964,0.000845392817524973,0.001153802897306865,-2.6552499374822075e-05,-0.0015734315089306907,-0.000987870019593833
1693299804993967592,231,0,,-0.001509563207244058,-0.0004319269571912757,-0.00012380852197767435,-0.0006918767914437237,-0.000214132969438641,0.002637624367144021,-0.0016399063780275017
1693299805004785384,232,0,,-7.28120490816051e-05,0.0012421739641979097,-0.0007215697183784692,0.00025389426945586816,-0.0005357782308615139,-6.242706691341268e-05,-0.0009718275009857013
1693299805014703665,233,0,,-0.001369600532766095,0.0003234629257441807,0.0004345470243535843,-0.0007589751532177261,0.0002642587589744791,-0.002099276313931632,0.0018084218565739977
1693299805025712469,234,0,,-0.0017189340099312232,-0.002488429393682884,-0.00012660952212382954,-0.0022623075091876958,0.00025023472967200343,-0.0003613253726704955,0.001118090771876998
1693299805035804756,235,0,,-0.0006995836672539365,-0.00043746537543643503,-0.0001939382949351977,0.0007686541868134738,2.0426270469153507e-05,-0.0028671261511100054,0.0005296573768279365
1693299805045795172,236,0,,-0.00013802972293743438,-0.0007191540645584653,0.0006491786661813344,-0.0009576140891293139,-0.00023418116992136458,0.0001668908477251992,-0.00022827885860622152
1693299805056595474,237,0,,4.93822304472741e-05,0.001702638047674537,-0.00026722795607463134,7.417312445055298e-05,0.0005198104188831689,-0.004449357612629815,-0.0008654452454996889
1693299805066726944,238,0,,0.0015654951959844685,-0.0006534712907316286,-7.541316426846933e-05,0.00022961604564375465,0.00015676392197279854,-0.00036053402109900755,0.0007109279470300789
1693299805077753536,239,0,,0.000667867793760107,0.0003249607827173854,-0.001269065160170864,0.0006433716558510401,-0.00019204603042592995,0.006773300180136188,-0.000703463189763149
1693299805087796878,240,0,,0.00015494093488708602,0.0007940159680288432,0.0012983522224684187,0.001273552687034664,0.00026648473092791747,0.0006371669127139209,-0.00020083242115764458
1693299805098995868,241,0,,-0.003481011976403861,-0.0017594743795212578,-0.00013319253599329366,-0.000570613103109611,-0.0002672235218665339,0.00010721029166270909,0.0009546559368072232
1693299805109876872,242,0,,-0.0003655809025594687,-0.0026924490788387983,0.0010992125770050857,0.0006874291979212275,-0.0003676205410553063,-6.823159243292244e-05,-0.007258424818267075
1693299805119659431,243,0,,-0.00014544794749717048,0.004019357469293168,-0.0010440047574066472,0.0002135649083809569,-0.00017547790811936928,-0.00447852446633532,0.00012403543117342323
1693299805130657806,244,0,,-0.0001589275986164359,-0.00013698051719956928,0.00027584288423529294,5.691116610908452e-05,-3.522307226045148e-06,0.00011351601802018889,8.212751118482245e-05
1693299805141634494,245,0,,-0.00011085826482609903,-0.0007969624432872914,0.0005265068270219272,0.0004924649749157093,7.918745727835392e-05,0.007195301504419502,0.000717299982556244
1693299805151540196,246,0,,0.0018265916271498824,0.00010794784315645911,-0.00024687067149881445,0.0005584778262227893,3.8460081669512354e-05,-0.00441588728764018,0.00015361190260630117
1693299805162907272,247,0,,-0.0027640261120866643,-0.0012525476025361767,-0.0015473049689991292,-0.0013094759555821297,-6.920173774952914e-05,0.0003634465303228434,0.00013660447593168167
1693299805173838888,248,0,,0.00043886726067002654,0.0010642164562272428,0.0008480089005444052,-0.0008874719442581544,-0.00014240813774809075,0.00015828261247954645,-0.0008139690665705169
1693299805183821956,249,0,,0.00025317619278517186,-0.00020410363755390875,0.0011492965226705418,-0.0010777166782107396,0.00018224113005844224,0.0001444343321760616,-0.0007063533572829896
1693299805194633972,250,0,,-0.0006295869049239816,-0.0004825556144442409,-0.00042277026640293535,-0.0007897478913687139,8.005507907893947e-06,-0.00012045460651768751,-0.000367159832966251
1693299805205654433,251,0,,0.0001926993502281836,-0.0009359043062968874,-0.0007834993383607953,0.0018815211125035567,-1.175291363488872e-05,0.006846121314807304,-0.0013808884233478852
1693299805215888339,252,0,,-0.0024792812290508445,0.0010927686431021863,-0.0010506185730943102,0.00031135032412335154,-0.00013797712002107786,0.0005320967736492635,-0.0006264064031232105
1693299805226930309,253,0,,0.0006128446804111119,-0.005421937179398511,0.00038003802266267693,0.00022602004433520454,-0.00021366964451446067,0.006494612248838134,-0.001207064364210117
1693299805237436828,254,0,,0.0009779192167374867,-0.0005194077159084957,0.0001600254390060456,-0.0014618366405370006,8.408986250245211e-05,0.0021649392117299177,0.0005751278032803263
1693299805248550519,255,0,,0.0013505337731875154,0.0003893248309604175,0.0005440318926489176,-0.0008441863351099306,-7.76599508937209e-05,-0.006636049067430199,-7.734236831439136e-05
1693299805259667527,256,0,,6.997358883132413e-05,-0.00026818458303023713,2.5356334657019828e-05,-0.0010203393850012107,0.00015113103772630023,2.5863533505718925e-05,-0.001675134780083767
1693299805269797359,257,0,,-3.801403795023141e-05,-0.0004849362397174639,-0.0005474800654024887,-0.00029145611464333974,-0.0012990286168799308,0.00017234456316524605,0.001019626533776652
1693299805279705639,258,0,,0.0007440103967907597,-0.0014584428692956727,-0.0009314460757663311,-0.0010130660143276792,-0.00014210930276004416,-0.00022575493825381695,-0.0008543219373961444
1693299805290528875,259,0,,-0.0013549130709003693,0.0072445708747555975,-0.0012797177180868576,0.00042335354419091765,-0.00011069752400932294,0.00010242955832088167,0.0013461717003123922
1693299805300831225,260,0,,0.00016992962073759878,0.00040391458358355936,-0.00027570865325810115,0.0005316966626099961,-0.0002034436490583121,0.0035654445774167065,-0.001722876939481562
1693299805311412798,261,0,,-0.0007373380167612512,-0.0003031667067427011,0.0010341709174956576,-6.474522286487016e-05,0.00027942573987691774,-0.009178960477097355,0.002225378369066184
1693299805321717381,262,0,,-0.0008294469274133339,0.0008875603047360724,8.430476285692914e-05,0.0012723951401378362,-1.681797986241516e-05,-0.00032207762473785665,0.0005779210511262775
1693299805331784776,263,0,,-0.0010164501979158082,0.0011678811352020379,-5.389955615818228e-05,-0.000734240545427685,0.00012172902778854211,-0.003946153550050934,0.0019174765875859387
1693299805342749135,264,0,,0.0002449642515774364,-0.000586476100778516,0.0009306914812580538,0.0011782175630122202,-0.00028459256929311137,-0.00035621297808923396,-0.001715935287633492
1693299805352995856,265,0,,-0.0013222483080579238,-0.0008681664411957315,-0.000376557393530051,0.0008709093573269843,0.0001302363389855968,0.00016164118165344778,0.0013517897062656646
1693299805363370138,266,0,,0.000848259656705646,0.0004054883613107125,-0.0005569832853933431,0.00039491814206680983,-3.407724511204103e-05,0.0004795688925872623,0.001249820556759431
1693299805373475752,267,0,,-0.0011039350768706005,-0.0004091493748200247,0.0007384430779215808,-0.00028246289207776423,-3.395671294605569e-05,0.0020443276574666613,0.0003685586155508075
1693299805383541013,268,0,,0.0011140559530460478,0.0006926363889333626,0.0005153075617674652,0.00017616997910379668,1.9050217526001283e-05,-0.0006301652845982042,-6.851270158757131e-05
1693299805394766400,269,0,,0.00040793991411661466,-0.0008283550439259853,9.071125874897692e-05,0.0011202575670573804,0.0002605603486583146,-0.0006693942074392753,0.0013413683239386547
1693299805405834408,270,0,,0.0005778320341597375,-0.0021526956804980915,0.0006588084420341402,-0.0005858540477430567,-0.00013323864739606483,-0.005393760093873867,-0.0003096931238747892
1693299805416504432,271,0,,-0.0004883626408664765,-0.0010436964757485757,-0.0009456073181046408,-0.0006136848019228388,-0.00018762581522085975,-0.00013957717617615835,0.000226361702924223
1693299805426620789,272,0,,-0.0007328082341489343,0.00010095720240198141,0.0009918803884713273,0.0009218143409378541,0.00013786512214441409,0.0003667671822387766,-5.962760789705774e-05
1693299805436784809,273,0,,0.00021780472039904726,-0.003142462476765621,-3.191770942643367e-05,0.0006273670610690736,0.0002776014735629669,-0.009398169180825512,-0.00019210647738529063
1693299805446789695,274,0,,-8.855815674931537e-05,-0.0018979851082150205,-0.0002678800575062007,0.0008752303646835172,0.00018247706634217167,-0.0004211342030690501,-0.000786568546589882
1693299805457687476,275,0,,0.00020313773079578,0.0058026032701469065,0.0013407994067683624,-0.0011132886193265033,3.956383508435192e-06,0.0009407784474908308,-0.00029713845878432755
1693299805468643769,276,0,,-0.000705765499017277,0.0009817253083404507,0.0008021499125237193,-0.003176306135099521,-0.0001768472336358348,0.0006085748672761393,-0.0008433013859160069
1693299805478708790,277,0,,-0.0005349957907225772,0.001404342960014153,-0.000957556567660288,0.0020075286626798305,0.000137021848961361,0.0006929411637430752,0.002293699620904627
1693299805489786195,278,0,,0.0002514944877387077,-0.0013493927143747564,-0.000640243916137084,-0.000760863948314177,-0.0018897586342278695,0.0025199259761011427,0.0007519473068590395
1693299805499778159,279,0,,0.0007555751069782315,-0.0014694636843393955,-0.0002772879464540059,0.0006325108050137955,-0.0002432228687372815,-0.0008209593651886946,-0.0018597058677907688
1693299805510597776,280,0,,0.0001908429875438582,-0.0007243054267750159,-0.00046635602066863555,-0.002291856920044576,0.00032926368116979965,0.0001918855264334581,-0.0005276359046251826
1693299805521568631,281,0,,-0.00027288801092552567,-0.002083804722802816,0.00040208288623178783,-7.701246001835713e-05,-0.0001283433509482769,0.004718135463503951,0.00034829020414236584
1693299805531531636,282,0,,-0.0002528150915587225,0.0008302750717083618,0.0013446500556055295,0.0016929338052538501,1.2097308462730956e-06,0.001980673944062616,0.0012529233331930298
1693299805541987531,283,0,,-0.000707206969161032,4.83726210415919e-05,0.0004147717355098289,-6.172301690825708e-05,0.0003797559785153257,0.0003203312647152997,-9.906987928491016e-05
1693299805552125965,284,0,,0.0011881460776436898,0.0005583449365700701,-0.0006094503635262959,5.124914613093635e-06,0.0003096285749056171,-0.0016515727065566385,-0.0011977964508815607
1693299805562814731,285,0,,-0.0008484381930530936,-0.001928905091913135,0.00013623937680117486,0.0005663951568831401,0.00027648184949265143,0.001332047710982964,-0.0006621722087367995
1693299805574708770,286,0,,-0.0008183621315736622,0.0007736609354941292,-0.0016754918056981084,3.021600990593452e-06,0.00044865257964927044,0.0002014945981159169,0.0010948277982372504
1693299805584761600,287,0,,0.0008601192085416562,0.0012413895502882783,-0.00017211830852894417,-0.0008189137132539629,-0.0021086444018694733,3.3794124011035336e-05,-0.0012405979475598368
1693299805594522073,288,0,,0.0003243594824167472,-0.0006251550534771415,0.0004590732255246853,0.0009469969591658392,0.00015909140730225872,0.00010704284696146327,-0.00017315159925442616
1693299805605863172,289,0,,-0.001068369331674165,0.0025156828127334665,-0.0010657243493637828,0.0011861619739306417,0.00018037131580234575,0.005398761421417611,-0.0012015398351493977
1693299805615895634,290,0,,6.977688574856488e-05,0.0005230885300813461,-0.001654588471283525,-0.0004886458831031771,0.0002481520687357862,-0.00024283783224548957,0.0008747618943573655
1693299805626144823,291,0,,-0.00019525691347518586,0.0022945898916704034,0.000805530003102723,1.868355157166045e-05,0.0002322203809266923,0.0005595891795571226,0.0022018288886724
1693299805636353276,292,0,,-9.856562267806725e-05,0.0011129443013548565,0.0006108071407585399,-0.00020957663070925183,0.0001314005467217973,3.0238380093072438e-05,-0.0002732322477537913
1693299805650781556,293,0,,5.939491354207657e-05,-0.001024010942897501,0.0013648375648921869,0.0015661068590624517,-9.632846726241544e-05,-0.0016742430366998777,-0.009707406541694802
1693299805661253849,294,0,,-0.00041386936273500884,0.0006729956365145253,0.0011646563562413708,-0.0015603870044069211,2.996406027840699e-05,-0.0019271075665424073,-6.852687635095235e-05
1693299805671640588,295,0,,-0.0015618969191505514,-0.0003798541637384662,-0.0010453875811831798,0.00011778006886542838,3.7771854353828814e-05,0.001707833211285854,-0.0014599775443040752
1693299805681573984,296,0,,-0.0001787900408988251,-0.0002965962017763159,-0.00133306160499669,-0.0010220892353747949,-0.0003906639612883796,0.00013988312614569772,0.003833278483180813
1693299805692953949,297,0,,0.00128561898922031,-0.00047790582636860287,-0.000594303050797169,-4.267023925027595e-05,-7.768697296753509e-05,-0.0018197321631771624,0.0007157457184763709
1693299805702523531,298,0,,-0.00018583683981373447,-0.0008770751323808467,0.0011444782422002247,0.0007791447196536788,-9.803349719629327e-05,-0.0022495188400984156,-0.0032845250373751116
1693299805712670009,299,0,,5.329868270159578e-05,-0.0014130187865693214,-0.0016814332671444016,0.00044370204819577314,-0.0002379409424814535,0.003537370636152469,-0.00015707949576160708
1693299805722431997,300,0,,-0.0005788206024610911,0.0009873323879088013,-0.002092104048752161,0.0005780851334827604,-0.00023896829794071043,0.0003011636316099129,0.0006185834525008739
1693299805733564366,301,0,,-0.00047252635539803427,-0.00010277460300473686,0.0003650569062169368,-0.0012467149178822425,0.0005486302631741149,4.9037212168093666e-05,-0.0009855422496833958
1693299805744407405,302,0,,-0.00043156875926496564,0.0007246531608054977,0.0005045000028399464,0.00040272339901608115,-6.425459497843268e-05,0.00024543568242115253,0.0007125086079372646
1693299805755535350,303,0,,8.078280592106576e-05,-0.007414484929554586,0.0015188685168931238,0.0004821864128634312,0.00022667251659082806,0.00015267951612279437,-0.0005748472479079917
1693299805765881370,304,0,,0.00042205520380665163,-0.002180718846677909,0.0001509626054252787,-0.00029332641927443874,0.00027454564121439853,-0.0022611225890473673,-0.00024426850557372423
1693299805776713577,305,0,,-0.0007386208768990388,-0.0018496427447755835,0.0009650407659490449,-1.4764581402446406e-05,0.00014880726172619927,0.0003416161772994531,0.0009575606575840328
1693299805787004563,306,0,,0.0010583203278592983,0.00024879662741260453,0.00033241198755632444,7.895309765416411e-05,4.854544188007038e-06,0.0004446672497057358,0.000752306069106143
1693299805797683277,307,0,,6.720388967206066e-05,-0.00011122189898333796,-0.0007662112454506138,-0.0007538214355959098,0.00026774997617613685,0.0017745381873914715,0.000326747760723272
1693299805807558911,308,0,,0.0005269726502531881,-0.0011971554566427246,-0.0017544455752160667,0.001442475647425514,0.00011464615411353618,2.306014428704737e-05,-0.0015687486629766302
1693299805818646840,309,0,,0.0012973977433280535,0.0011701951232224253,-0.00032077184662348244,0.0005155714740883861,4.371138232936218e-05,0.0025016245441768898,-0.0003771104701256449
1693299805828350158,310,0,,-0.0016159576030965672,-0.0014126030374119528,-0.0006134645203931048,0.0003984988829674287,-0.00021191252930502182,0.00021414387821235174,0.0007917198786063676
1693299805838740193,311,0,,-0.00021325839863208003,0.0016568127146663824,0.0002438775207187266,-0.0006716854212585137,9.230508101484909e-05,-0.0006045825120763891,0.0008669613885634216
1693299805849406800,312,0,,-0.000986645744067567,0.0006717480645079483,-0.00020391637751899561,-6.325773898705261e-06,-0.000125792120805263,0.003598386774208663,-0.0015621186043394436
1693299805859489110,313,0,,0.0003533566304736961,0.00016249032809015004,0.0002165473111719427,0.00025807437292016476,-0.00022406167373417992,9.607447973692908e-06,-0.001501772384418189
1693299805870755171,314,0,,0.0009531149560961024,0.00024170356870671715,0.00042195518418642036,-0.0002515464755680327,4.084643736913354e-05,0.0005745611004787035,0.0004911269843446528
1693299805881689699,315,0,,0.0007000156562958473,-0.004075753472743767,0.00064265323876745,5.593294018458553e-05,0.0002625798522897692,0.0008867607248720189,0.0048176167762983765
1693299805891924943,316,0,,0.0013948951390094042,-0.0019042983015794472,-0.0003344052745269455,-0.0007867177671958898,-0.00020755196098623364,-0.0019795246345225164,0.00034141334436886084
1693299805902781587,317,0,,0.001125439387550489,-0.0003110188865071785,-0.0015427581741356768,0.0005651678480942798,5.257268123980478e-05,0.0007860802189953546,0.0015493639114508506
1693299805913901832,318,0,,-0.0010137482265053092,-0.0004551992251434017,2.4522171536702536e-05,0.00019075174076511674,-0.00012965959457175187,0.0028941000580064726,0.00029688297007746106
1693299805923714512,319,0,,0.00025384808279998213,-0.0003870504393322671,-0.000153862833425658,0.0004224562827147951,0.0004840461063878479,0.00393569001061795,-0.0011097597794507356
1693299805934687629,320,0,,-0.0021319321145349406,-0.0007673168970896728,0.00030031918357189256,0.0007091899931386521,-0.00020205675763015663,-0.00010140850589114564,0.0003994665626248343
1693299805945847366,321,0,,0.0003871666135433836,0.0024582517481769495,0.0010832764265153929,-4.4632278159606164e-05,-0.0003234441097561953,0.00018557197836160217,-0.0005437560753567576
1693299805956438295,322,0,,0.001139784702800883,0.0015109645740083331,8.381043303763055e-05,0.0005975412868560257,0.00022699054668368963,1.6077333843094366e-05,-0.0008768888905842068
1693299805966898630,323,0,,-9.658227347165159e-05,-0.00014364418971225825,0.0016939122256801485,0.0012624654451983785,5.9433393993042235e-06,-0.0002718034642700553,-1.8886322784049403e-05
1693299805977843398,324,0,,0.0012475312334525063,-0.004953064153325169,-4.629853325531329e-05,-0.0017879641382950657,0.00024103848618941347,-0.0003913845616448552,-0.0013126617155495256
1693299805988712799,325,0,,0.0004760123527545534,-0.0011792097662121845,0.0010025070306812446,0.0008842779974519364,0.000123819078124249,0.0015125071892695607,0.00035048841568977447
1693299805999789310,326,0,,-3.0731918115883356e-05,-0.000810765769558282,-2.4110686318092494e-05,0.00034676769582958595,-6.424803645231477e-05,0.00033577228678054893,-0.0011149631488627785
1693299806010172229,327,0,,-0.006440775292997927,-0.006056633411141422,8.207254333109182e-05,0.00037988061412873016,-0.00034337679050633243,-0.002211642723880933,-0.0018165606391465155
1693299806020315946,328,0,,-0.0005155295409035919,-0.003375693909924888,0.0010450667271501392,0.0005797801879232403,-0.00013109434744860372,-0.0056164133765155754,-0.0004462745373417369
1693299806030967019,329,0,,0.0008480244102800203,0.0014117900388062464,-0.0013186113013628068,-0.0009582114299914005,4.681398429313163e-05,-0.00018641557114455152,0.00084210927155311
1693299806041394392,330,0,,-0.0005601790368307163,0.0007053570767761143,0.0010806988007759598,0.00011795755635036818,-0.00010197018040784959,-0.00018125464251240577,-0.001885344682414287
1693299806052670675,331,0,,0.0012489149625303745,0.008590736145190141,-0.0010930219877352074,6.957315017726286e-05,0.0001276379736235639,-0.007008843537061426,0.004988764169059529
1693299806062879188,332,0,,-0.0001339700004587186,0.00141967827646211,-0.0005219609893118436,-0.00018439747905299092,-0.0002709282494977528,-0.00039816542298548894,0.0009027885812926806
1693299806073696956,333,0,,-0.0004579632433865529,0.005171852826271761,-0.0004950785350230051,-0.000701011021636999,0.0004810675601497124,-0.00023858818556150423,-0.0022421625136349165
1693299806084671699,334,0,,0.00029193305176983584,-0.00023340417320934025,0.0011165017115791808,0.00029277087996703726,-0.00012401264654931623,0.0031853848220797123,3.63204850281242e-05
1693299806094411835,335,0,,-0.0002717356533169966,0.0005480473076797739,0.0017790824321373383,0.0021655770586660526,0.00017491639979237158,-0.00025228301398354583,0.001498151002058066
1693299806105464229,336,0,,0.001459909388669829,-0.003664819178233434,0.0011381272221346237,-0.0008161616236696976,4.643524235759349e-05,-0.005951158016581428,-0.0003082412963859652
1693299806116329981,337,0,,-0.0002909594725905985,0.0014409094652257147,0.0014758096525853373,-0.0009794348519740943,-0.002403618159019997,0.0008332923365827489,-0.0010203124640171537
1693299806126558527,338,0,,-0.001158392025690328,0.0008744144390773488,0.0002762661451287932,0.001129392926286421,-0.00036254852612999,0.00017336849006674302,0.000455135933461047
1693299806137714949,339,0,,-7.707382575577188e-05,-0.0012430368810702188,-0.0008978713200801038,-0.0005010480906586773,3.0712741955616446e-05,5.664665440878005e-05,0.0002987977563845675
1693299806147430105,340,0,,-0.0008073791398256184,-0.0029609697180897577,0.0014974796644298056,6.70500830099874e-05,0.00010590793693326082,-0.00026287506741546376,-0.001842033917357842
1693299806158853107,341,0,,0.00019911477883414766,0.00035206809246383995,-0.0002457436698875642,-0.000766233319768897,-0.00026470103797205524,8.279118571735431e-05,-0.0017865655558071628
1693299806169347725,342,0,,0.00011243655863429707,0.00011648745906191523,-0.0012129162210839436,-0.0006343780312944617,0.009340007921656594,-0.0001814724931040863,0.0011114800729375995
1693299806179670189,343,0,,0.001074840505928095,0.0006084926148846589,0.001388601230357793,-0.0008264308732071001,0.0003869534507750466,-7.982899083820949e-05,0.0017900525617154629
1693299806190904630,344,0,,0.0002622898251782848,-0.00038361343167226357,-0.0004044494368963671,0.00031028080018565175,-0.0001543726036261959,-0.0038717829760903156,-0.001330005766772326
1693299806201801448,345,0,,-0.00020897123665047842,-0.0032880381771756336,0.0003946089303830816,0.0007482945054005323,-0.00020508899372131967,0.0002462231810335084,0.00020192787692796099
1693299806211732751,346,0,,0.0007922087300499731,0.0006642833719392104,0.001206163769759786,-5.016914192269302e-05,7.623094882285671e-06,0.0011029361930740577,-0.004516796727088957
1693299806222747048,347,0,,0.00013088925207676815,-0.00010989696330196723,0.0006197419435836818,0.00015172785049452061,0.00017794977042750123,-0.009925278543891488,0.0008800475942850123
1693299806233677868,348,0,,0.0011918458191344087,0.0007114649032301918,-0.0002777475918214212,-0.00037439183738185143,-0.0004938506384429562,-0.00937746317208759,-0.001151353947139432
1693299806243421351,349,0,,-0.0004203567355698851,-0.001258283770207636,-0.00010207407414892506,0.0012618013628590116,-0.0002110912614786403,-0.000480982250246431,-0.00016754662024726931
1693299806254563306,350,0,,0.0008790293614726511,0.00017259572703257186,0.0013037920411409015,0.0007056214328912444,0.006660673969379873,-9.303001622729465e-05,0.0007292464350979434
1693299806265832013,351,0,,-0.0006465472863546897,0.0011606017556001858,0.0022609382634774205,0.0007077724155876235,3.522241872962065e-05,0.0004562017962810168,0.0018460631177389206
1693299806275669502,352,0,,3.0542412253210424e-05,-0.0006628351630556934,-0.00045218556185621777,0.0005874170659438262,-3.3340499619998072e-06,0.007924012646713193,0.0019270785316330712
1693299806286415084,353,0,,0.00041235871402499124,0.0005193606146219364,-0.002070323112066888,0.0011132154990512282,9.973660608294998e-05,0.0005380554029734235,0.0017007765328106031
1693299806297781565,354,0,,-0.002383888742597619,0.0002585856210104455,-0.001134954792722162,-6.976219782222753e-05,-0.0002451394333795192,-0.0001258792302212607,0.001965162225813286
1693299806307581239,355,0,,-0.0004550245910606224,-0.0005127608310507454,-0.0007180377051042597,0.0003927708117949507,-0.0003872998225756913,-0.0001917206194266022,-0.0002317495363049175
1693299806317722438,356,0,,-0.0005141076940424884,0.000756164490351171,-0.00039520174315800917,-0.0005863709008752624,2.729030981562758e-05,0.0002401889716226245,-0.001512154934091891
1693299806328484246,357,0,,-5.259581426990631e-05,-8.742320435402923e-05,0.000992768409839148,-0.000411429300208148,-0.0001364293322358843,-0.000590933322778011,-0.0012293274091216314
1693299806338997396,358,0,,0.0003485412701234537,-0.00032074349703554745,-0.0011179168332836446,0.0010524147087595183,-5.06470181614265e-05,-7.645343536459153e-05,0.0005751669543055077
1693299806349549051,359,0,,-4.047893417844911e-05,0.0009338882134089417,0.000900781437974503,0.00041054494692427125,5.496205297666969e-05,0.0016103608736902223,0.0015635063600164044
1693299806359675986,360,0,,0.0015283864352668448,-0.002017483000121531,0.0011847478063777824,0.00012593318460525518,-2.5718121212903945e-05,-0.00010159867385953502,-0.00012026560524994902
1693299806370991657,361,0,,0.0006423347769324643,0.0013777770189266623,-0.00036832689403046406,0.0007572525382719937,-0.001522752353389325,-0.0003105833207973235,-0.003054933830144329
1693299806381485860,362,0,,-0.00044073544617462214,0.0002718743294297763,-0.00039354285927395503,0.0009455818330703907,-0.0004885972703269526,-1.8169515160157905e-05,-0.004670555742763672
1693299806391575247,363,0,,-0.0008964427799655074,0.0007633608124701813,-0.00024879912245534774,-3.274011894406389e-05,0.00024075099541973546,-0.001241170324710151,-0.007659242836381525
1693299806402499638,364,0,,-0.0002843684358167799,-0.001720184286395975,0.0012433804047163304,0.00046073183039380296,-0.000256185774720655,-0.009123985369482578,-0.002060653498308227
1693299806412779287,365,0,,-0.00020125676165780036,-0.001903581116908116,-0.0008511245603580692,-0.0003935722462893067,0.00011486327887175982,-0.00027967820621526557,0.0018424899563171883
1693299806423261355,366,0,,-0.0008229742601444346,0.0002631896943201156,-0.0004829478774228648,-0.001811807165013349,1.1252842322251543e-05,0.00700021315743995,0.0014015013233764622
1693299806433757516,367,0,,0.0005846343184042346,-0.0006489772778016872,-0.0009243863035416297,0.0013593279375679447,-0.00015914671305207242,-0.0022406167960569425,-0.0014406345082100798
1693299806444848318,368,0,,-0.0013103208350551147,-0.0003454052501429682,-0.00026264105843385057,0.001153241735610108,-0.00013404076046977177,0.0012703605263015326,-0.0019017139503463747
1693299806455251371,369,0,,-0.0008700698460364279,-0.000509195091791324,0.0010773479559766366,4.038149859674558e-06,-0.00038466787992677125,-0.00024332735377854568,-0.0013885630032122876
1693299806465746592,370,0,,-1.120332263402733e-05,0.001242933475445187,-0.00042591614432670264,-0.0010119681562191258,0.0002596713573063059,0.00017579225089270955,0.0017232795765536341
1693299806475395247,371,0,,-0.0004430770908978202,-0.0006115246680905009,0.0009179605736218222,0.0007483278519453817,1.5335601066510564e-05,-2.0070399511276582e-05,-0.00012102992759939898
1693299806486705830,372,0,,0.0006244204908179094,-4.5816038253809256e-05,-0.001569015675745798,0.00037413874108441366,0.00027638715781887224,-0.0006816213971001948,0.001043729867373678
1693299806497493199,373,0,,0.000997026699873724,0.0012118636555456177,-0.0006341319150140457,0.0005271623147592786,-0.00010975465276399158,0.0003842125710901817,0.0004915965237837355
1693299806508845697,374,0,,-0.0009604653469347506,0.0003866168948282269,0.0007515064756195191,-0.0016678774434644632,0.0006582630748274137,-0.0028018341371361206,-0.0016308858620625198
1693299806519601906,375,0,,-0.0001402195689383006,0.001511538402875423,0.0017624209320047106,-0.0015080966951754528,-0.0003440367026725058,-0.0005504761398684711,-0.0011621637299231637
1693299806529882386,376,0,,0.0015578610980096915,-0.0006782131409164305,-0.0002873720323283024,0.000994263732244637,0.0006024835499843495,-0.002530140215562717,-0.0013708347045633003
1693299806540473397,377,0,,0.00028814505628884084,0.0005467680274403465,0.001071314663353455,0.0006551349573875616,0.00016769223497677322,0.0009122393345389679,0.00030678672339613745
1693299806550743887,378,0,,-0.001265588421202346,0.00043712574433611175,3.064819918236637e-05,-0.0007261986186727622,3.9829508202784394e-05,0.003878503649281926,0.001332942492842348
1693299806562669216,379,0,,-0.0002617183568232395,0.00028844741332638055,-0.0007976566015658205,-0.0011120858817685925,-5.816938713993099e-05,0.0003777126928096267,-8.00427657349755e-05
1693299806575104416,380,0,,-0.00015581273958895615,0.0014418747611067647,0.0010821928753973582,-0.0010370149257682181,0.00039609905357862566,-0.0013520241263377034,-0.0008532017660671061
1693299806586058535,381,0,,0.0008910145040299659,-0.0010477303025615966,0.0004840052194719799,-0.00018190512430869225,0.0003171616645592471,0.00036177277723318054,-0.0008062594447523856
1693299806596834843,382,0,,-0.0009924127860307295,-5.064110541414281e-05,-0.0008903587691602041,-0.0006304043508652144,-0.00036611187631860456,0.009503841377352005,-0.001023020271145021
1693299806606404165,383,0,,-0.00121092467075498,0.003118301176551838,0.00017046083495472902,-0.0001775306815171569,0.0005360307368069274,-0.008829690424992228,-0.00020533176742342142
1693299806617334326,384,0,,0.0006900942760254662,0.0017658460755720243,0.0010375830332676455,-0.0007481333656684657,0.00013673893813748468,-0.0002710640237688505,-0.0002585087503834439
1693299806627802602,385,0,,-0.00010367805107056365,-0.0005298196279323039,-0.00017087336882288487,-0.0006887974588677427,-6.073541531773888e-06,-0.000253575932471323,0.0012864401314226432
1693299806638759977,386,0,,0.00037378592236803255,9.95490274240999e-05,0.0003537725709960443,0.0004713746698212838,0.0001254120128631707,-0.007097221851588969,0.0004807297803895377
1693299806649612730,387,0,,-0.0007228515449177029,-0.0009636768778521771,-0.0003061693932293302,0.0012235305263162233,0.0001479970419252797,-0.000424010653811737,0.00627257024285255
1693299806659338904,388,0,,0.001284339835741716,-0.0013571421176680955,-0.0018127205318851337,0.0007927809037807064,-0.0001130508295045177,0.0002549622613441948,-0.0010839608427675718
1693299806670928581,389,0,,0.0015996864014617821,0.0016791263054675757,-0.0005984056593449418,0.001140078539667261,5.4461110218066064e-05,0.0004193884244571711,-0.0006910577771391656
1693299806681383559,390,0,,-0.001004776473355569,-0.0008706546992724961,0.0009618378679860344,0.0007379063655683911,-0.0002571487888467539,-0.0021413344454248528,0.0009458760609917715
1693299806691685499,391,0,,-0.0014256921139646564,0.0007045448239893789,-0.00034483453791837204,0.0001857740954347149,0.00033029908244216116,-0.000395948691120206,-0.0007383606133595352
1693299806702401310,392,0,,-0.0009024963856112587,-0.0005789170420123037,0.0002448290660369326,0.0004352519894758994,5.550152928845748e-05,-9.365351511847649e-05,-0.0007705032441869654
1693299806713469487,393,0,,0.00027385787617428093,-0.001081829620561698,-0.0004112793006968306,-0.0008114728118282269,0.00040012406261909515,-0.000335072892491538,0.0008149596788774513
1693299806724088950,394,0,,-0.0018178060044697368,-0.00030132975118506535,-0.0008549953130439683,0.000265253187616324,-0.00016870695628106399,0.0005779091512108608,0.0013122480836541721
1693299806734888737,395,0,,-0.004494459127217961,0.001121961873782732,-0.0010739635198250828,-0.0008914591723799483,0.00014924119653948493,-0.0002339541594377037,-0.00012292158105606718
1693299806745501527,396,0,,0.00048594733805896377,-0.0014198389890212077,-0.0014968802283042016,-3.314324047545618e-05,0.00012198889769273747,0.0025239164205777534,0.000260467106505434
1693299806756421150,397,0,,0.002311419204762955,0.00023406996783331067,0.0019588085152604877,0.0004079525100392247,0.00017233461744210394,0.0002968608369020633,0.0008662577887369896
1693299806767516778,398,0,,-8.964747786187455e-05,-0.0008183673511215768,-0.0007175038499105857,-0.0005865248623483072,6.155964261355313e-05,0.00018397443674093844,0.0007426694969275332
1693299806777689818,399,0,,-1.7976770611430846e-05,-0.0016721804468943914,-0.0008760909648861964,0.0004089299689525482,-0.00018264053999688775,-0.0014353285216261611,0.003429990652736959
1693299806788651282,400,0,,-0.000676106175004534,0.0012583222870717946,-0.0009437354978410813,4.856456198274497e-05,0.0002942060121141912,1.903075763218919e-05,0.001064407928723769
1693299806798717839,401,0,,0.005167110008063972,-0.0012163295105205535,-0.0004073477807478767,-0.0002915385471490125,0.00046113173029759067,-0.00617111868224144,-0.00027887389159376855
1693299806809628493,402,0,,0.0052757720956737395,-0.00040674806512495595,0.0002399903029072313,0.00047865798414160367,-4.012584932815045e-05,5.505196333980346e-05,-0.0006554481387665897
1693299806820639045,403,0,,0.0015395692621807552,0.002105278152300938,0.00119603190893958,0.0004084662594278678,-5.4312871850703406e-05,4.2103500339167206e-05,0.0014818084389482886
1693299806831586286,404,0,,-0.00027390965729499515,0.006261752489689316,-0.0007332248360734779,-0.0004077310110241903,-0.00021258123539547564,-0.003722171644163372,0.0006559193393033726
1693299806841401748,405,0,,-0.0008790058018366556,0.00036474058537737955,-0.00048338725451756436,-0.0018425538614418532,-5.8613886571660286e-05,-0.0018257046210813565,-0.0011079355711517622
1693299806852614583,406,0,,-0.00026888691920232285,0.0029102427358107625,-0.001067089911441646,-0.0013118874066221692,-0.00030907319286213575,0.00025375122359474437,-0.001340392727771263
1693299806862539819,407,0,,-0.0002619343523155452,-0.00018608490721031348,0.001830757276900358,4.313527262399547e-05,-0.00029438016257949404,-0.00012188477859478256,0.0019024713806758888
1693299806873640745,408,0,,0.000817562648492397,-0.0008702852332485243,9.588897168115188e-05,-0.0003122385176868958,-0.00019369379164926428,0.0005751123959334335,0.0012160825611716348
1693299806883447473,409,0,,-0.0005767318102352608,-0.0005002364164798729,-0.0007226339838647354,0.00034381273842253555,0.0002899506963815205,-0.0003933210592568862,-0.0021859577764946933
1693299806894520377,410,0,,-0.0011755666025443192,7.440634218195483e-05,-0.0001902100802476621,-0.001089535614305084,-0.0001278805635283257,-1.951836815247113e-06,-0.0018934346781978618
1693299806904397388,411,0,,-0.0006903681311926116,0.000139873716582666,-0.0002091857148601817,0.0025795757048929077,0.00015210244721860792,1.0173846431107725e-05,0.010068563590720309
1693299806915593561,412,0,,0.001281809010348654,9.019932037655964e-05,0.00066383103409955,-0.00021039175794851028,1.0004598901122248e-06,0.0003562733687707831,0.0014006147516016374
1693299806926871356,413,0,,-0.00046132219694638884,-0.00015630049810146085,-0.0012154386853769409,8.982901484976922e-05,0.0003065287770680962,0.00018169757075828135,0.0015718589556736398
1693299806937444424,414,0,,-0.0007560426761425766,0.0012341384507497041,0.0011398556971379738,-0.0008136809049002961,-0.0002743635368903366,6.885510458608403e-05,-0.00045216886978568724
1693299806948514017,415,0,,-9.968025870546992e-05,-0.00027129675964854277,0.0006174194608498625,0.0005877136208544126,3.58225598531319e-05,1.904315145564444e-05,-0.0019612318369271165
1693299806959503696,416,0,,0.0003643128998662433,-0.0008095562153913282,-0.000389416893322587,-0.0011345541045561488,0.00031944868475655133,1.5678754850577215e-05,-0.000634773753907829
1693299806970468339,417,0,,-0.0003633751499655221,-0.0002492498280355623,-9.182070154877866e-05,-0.0004018558787071221,4.277147413310085e-05,0.00028154609611164396,-0.00039593533604099173
1693299806983008734,418,0,,0.0001924462136304783,0.0015576564608277917,-0.0016350161034810737,6.13725212420026e-05,-0.00031411013635307644,-0.0005002690062802145,0.0020092172881525177
1693299806993226923,419,0,,0.0008200270370072572,0.0005532987933831203,9.526648824826642e-05,-1.6299713482618446e-05,0.0003204483559948106,-3.0411284746376276e-05,0.0012266142046042324
1693299807002676299,420,0,,0.000614226287664928,0.0007666552441366524,-0.00024330219286960753,0.0006992754722043799,0.00017813460904162818,-0.00027831353532230783,-0.0022138593760077847
1693299807013955087,421,0,,0.0006140867448472113,-0.00035343048001446346,0.0030385210466632026,-0.0003880745086523689,0.0002130663900331514,-0.00032252833819703465,-0.0017114310674295806
1693299807023790426,422,0,,0.00048221538891209424,-0.0003973278707855724,-0.0007287951253338328,0.0004861773450057619,2.0963504780955044e-05,-0.00017640488474228346,-0.0006416822938147143
1693299807034558677,423,0,,-0.000586129084038733,1.1345616004426641e-07,0.0006940902889934632,-0.0014392341247788441,-0.0001630112162616609,0.00039667311279142784,-0.0015094082578684244
1693299807045603702,424,0,,-0.006184664892047383,0.0008102133544580775,-0.0007514796582523725,-0.0002822945193199575,-0.0003086779970905033,0.00018029334218878473,-0.0018106692239787815
1693299807055607543,425,0,,0.000975651798296851,-0.0005206490615813244,0.0025338248722127665,-0.00026364055509742955,3.3630622854715166e-05,0.00029437476567913573,-0.0003844724122416759
1693299807066836788,426,0,,1.424754541522483e-05,0.0011451252836618285,0.0013735418240065195,-0.0011968428205566862,-0.0001014024939534551,0.0002642452284149532,-0.0013392039071578525
1693299807078144091,427,0,,0.0016516282434854508,-0.0018447215302151876,-0.0007303931219033696,0.0001228807631910711,5.279380523418868e-05,-0.00045217493533688326,-0.0006453410517785745
1693299807088325478,428,0,,-0.0004466159651644655,-0.0004203617548197359,-4.1334741072758756e-05,0.0004539609778259038,7.256747585570904e-05,-5.801186414233597e-05,0.0008302463375377551
1693299807099641624,429,0,,-0.0001088903197722556,0.0009538127881102227,0.0017196004248596843,0.00011817785164422216,0.00020380251759150115,0.008469184976890117,-0.001343129081316996
1693299807109791218,430,0,,-0.001341459409143173,-0.00013795496490235214,0.0013427308252760078,0.0005256877951016358,0.0002165269488077548,0.0006792890784576779,0.0004972451978657807
1693299807119516294,431,0,,-0.0005184208660667697,-0.000864178342848229,-0.00030225983592118246,0.0011484972485002395,0.00019011598531614945,-0.00026047066367524134,-0.001360200046632419
1693299807130796944,432,0,,3.108163087928617e-05,-0.0005263683557509805,-0.00028939227217898277,-0.0009093404968286522,-0.00016580921693676738,-0.0001571851089145585,-0.000795857178545669
1693299807141607099,433,0,,-0.0010654810442938484,0.00054788355441805,0.00010828263691274878,0.0010862523406782428,0.0004930142792324603,6.592845725681678e-05,-0.00022613289975631447
1693299807152753760,434,0,,-0.00040349538279077946,0.0002567654126660415,-0.00020215060811392018,-0.0015709755018287874,-0.00015510985358315084,-0.009504088269961793,0.001151612694959582
1693299807162822005,435,0,,-0.000231764648593946,0.0010080607735904262,0.00021468728562610848,0.0004743204592786179,-9.773437031138653e-05,0.0005828807338679739,6.266517822125087e-06
1693299807174636999,436,0,,-0.0007788629215948527,-0.00014581744492790717,0.00040680708235396146,5.412098399084909e-05,0.00014920059815548036,-0.0004157778563140249,-0.0011479633358342583
1693299807184835881,437,0,,2.3998708807028875e-05,0.00011453932887838154,0.0003939392369613063,0.0001144052525787453,9.323357404733604e-05,-7.260689616260166e-05,-0.0016257983328994735
1693299807195484529,438,0,,-0.00019739020453357837,-0.00016112777315336723,-0.0002438228864747064,0.0007309095256074034,5.611380967920823e-05,-2.5486446008671994e-05,-0.0008089305127692841
1693299807205415863,439,0,,0.00038287926574340073,-0.007385442652026437,0.0003776305061308343,-0.00028045529946340935,3.527430102572036e-05,6.254209871155468e-05,-0.0007257637716509388
1693299807216317420,440,0,,0.0006591621245205255,-1.66600394281339e-05,-0.00028310994269701694,5.178914233949614e-05,5.491830987153707e-05,-0.004076443962327855,0.0012956521977765985
1693299807227312961,441,0,,0.001876026809017478,-0.0011910322510217098,0.0010810717717016534,0.0006132531294112456,0.0003281113838111394,0.0007766853670975815,-1.57634898416167e-05
1693299807237790306,442,0,,-0.001183492615268579,0.0003735618105975703,0.0016800223797274689,-0.0013813951318963017,6.571662570036648e-05,-0.0091704788481,0.0007515380313075008
1693299807248698561,443,0,,0.0002426946339370523,0.0016520162836130231,0.001172866555343024,0.0005939494562377725,-1.497505580812961e-05,-0.0003299013196781355,0.0003550804430879955
1693299807259567597,444,0,,-0.0004748567912385738,0.0001686935097091794,0.00028209579945215465,-0.0004947126325302216,0.0004303413230109666,-0.00010763464985063254,0.005052019040455752
1693299807269838988,445,0,,0.0002386243045601913,-0.00046777493932471703,-0.001435809093095617,0.00017318703866799775,4.1410819768904856e-05,-0.00022509246027517632,-0.0005626456159552003
1693299807280527695,446,0,,0.00013662375518819366,-0.0007946735834405782,-0.0005506528866050026,0.0010732115148045793,0.0004719668410954658,-0.0012522907169894403,0.00046365106448791217
1693299807290323535,447,0,,0.0013926267700176361,2.491846593450568e-05,5.376156900532481e-05,-0.00015510205395619583,-5.966044383687323e-05,0.00031249452435787957,-0.0003866247655331881
1693299807301429774,448,0,,0.0001383633825644545,-0.0002609323389332559,0.00031761368028686255,0.00032033031004301905,0.0002588858379508445,-0.00034398941821146427,0.00032666825467317015
1693299807312735733,449,0,,-0.0008279143926988821,0.0007486875061042321,0.0034000522966891756,0.0005841931713490384,-2.713178911117412e-05,0.00033337178172521793,-0.008373435122872972
1693299807322499368,450,0,,-0.00044571632795088176,-0.002509628073668442,-0.0010566033197702744,-0.00015444032550139726,-0.0002597817771040555,0.001147221017730567,0.0003812527946758838
1693299807333506681,451,0,,0.0012180553617495843,-1.7162587418205714e-05,-0.0005506849210196224,-0.0001182386367659351,-0.0001754297681391835,-0.00017590780261643742,0.001753568084135376
1693299807344140936,452,0,,0.0020094329069332566,0.0012559899049443405,0.0005951370187248415,0.0007465042050173602,0.00016869291557623634,0.00016327359826496596,0.000764179745545307
1693299807354610142,453,0,,-0.00039179648766989874,-0.0007180658918806187,-0.0002821703067958133,0.00042674144317569,-2.4152485265368187e-05,-0.00011483546791354155,-0.0011207127351430047
1693299807364427681,454,0,,-1.682750730489272e-05,0.0006674095964400572,2.2405925009576592e-05,0.000535697011547213,0.00025002592828636067,0.0003511863923978198,-6.365385057110499e-05
1693299807375559647,455,0,,-0.000634205543915396,0.0005492986752572365,0.0011324688117832946,-7.734571947649987e-05,-0.00016884687339366864,0.00020251376785584483,0.0009898389691860158
1693299807385627946,456,0,,-0.0009784669936653244,0.0006020713083023339,-0.001377822620586272,0.0006500312820639432,7.685827893078709e-05,-0.0020323924195111234,-0.001943565729339106
1693299807396548270,457,0,,-0.0009517791462891529,0.0004502504127627427,0.0012455440684552696,-4.694125781682883e-05,-0.0002662821580703429,6.303250392133839e-05,0.0009518473845209122
1693299807406860071,458,0,,0.0011045597252844152,0.0006926841856125567,0.0005581331091653385,-0.0010264309265283107,3.916706953353948e-05,-0.0016807159970782608,0.0007919485711224187
1693299807417622577,459,0,,0.00011764479627649633,0.0005508641916796006,0.00046763522162296774,0.000376647947451095,0.00015466264863078937,-4.735480748771129e-06,-0.0005947160118671833
1693299807428714716,460,0,,0.0009870677848237389,0.00016374327911274365,-0.0020508770290324062,-0.0004130352898048567,0.0001389319951716184,-0.0034384317929362146,0.0001485041525938961
1693299807438696088,461,0,,0.00018031021241214109,0.0001375705309908363,-0.00035215201171831956,-0.0010213366655806534,-3.950463552103782e-05,0.00043198618287071334,1.5801090848761456e-05
1693299807449850363,462,0,,-0.00022342260241290776,0.0001274198292948841,-5.52459974287584e-05,-0.001387972171181078,-7.618086749519939e-05,0.0002793659184826034,0.0013373109435681689
1693299807459480603,463,0,,0.00048588557804791924,-0.0003092378472678922,-0.0006757774731281147,0.00026737763375432686,0.00022687983560735437,5.6577424709479564e-05,-0.0020365529466984896
1693299807470677656,464,0,,-0.00015009913830892258,-0.0029397238648223864,0.0002644545908311991,-0.0001458644549088363,0.00011201033469431994,0.00023839755003633603,-0.001018241805628713
1693299807481787497,465,0,,-0.0008468684383668797,0.0006789673848215931,0.0014922598832274587,-0.0013529800931006562,-0.0003270400103204906,-4.2865852230327646e-05,-0.0019782427493516474
1693299807492575556,466,0,,0.0008124944901754468,-0.000910633626303095,-0.000932221919826886,0.0006688854274159216,0.00018121805847808771,-0.0028952896682121277,-1.6807056128041634e-05
1693299807502585385,467,0,,0.003979390916647035,0.0005772063849831744,-0.0008327133565368787,-0.0008485268760114889,-0.00032386529222188537,-0.00048256249101048045,0.001947072963780379
1693299807512390162,468,0,,-0.0017344493488163945,-0.0007216218187508233,-0.00036010354438778444,0.0016552920515604602,-0.0002013266315919089,-5.023260934771678e-05,0.0009889496333556802
1693299807522864719,469,0,,-0.0006790973711476585,0.0013355352190118476,-0.0007581233451635917,-0.000659084622740694,-6.556975105191788e-05,-0.0003644980956703054,0.0014393292126000615
1693299807533490623,470,0,,0.0006110838598206846,5.128785700876738e-06,0.0008447420727223105,0.0004523150849014622,-0.0002164870180270961,-0.00017311249059863757,0.0014450694653281137
1693299807544531539,471,0,,-6.140343215796704e-05,-0.0005468595888125406,-0.001120865737638565,-1.2524228502605911e-05,0.0003989364826916107,-7.643238833180188e-05,-0.0007577401018820799
1693299807554398985,472,0,,-0.0013830976303687906,0.0003686481472083748,0.0006918049549573484,0.0005229168366695352,-0.00012550310160611478,-0.00024292900547973634,-0.0005761469519424789
1693299807564407332,473,0,,-0.0006950281098319942,-0.0011325637603375347,-0.001998670435990582,0.0002606137693398635,-0.00014117113519691407,0.00012382024979738218,-0.000977338142683012
1693299807575886251,474,0,,-0.00032452289926198524,-0.0002683859015546056,-0.0004955891774442948,-0.0001448865302391063,0.0002984961111232365,-0.00037022544618156247,-0.0007822763840668994
1693299807586763134,475,0,,0.0002252914649206323,0.0010443830300577675,-0.0004922716470469105,-0.00031289465468219445,0.0005807203961973034,-0.00011996469472791813,-0.0011855763092015923
