1692363528316562274,10,0,,-0.029312510273828717,-0.7794863398670872,0.01092672135509686,-2.343435640424633,-0.006425100413470267,1.5555139773761315,0.7928081888411748
1692363528350777762,11,0,,-0.033388376530063234,-0.7784730196107035,0.012732804054431092,-2.341544722294384,-0.007745963720809358,1.5535075201166193,0.7928091111305476
1692363528383957176,12,0,,-0.037286812983596034,-0.777399687028498,0.014450345148760608,-2.3395619133752827,-0.0090076952615481,1.55158962522729,0.7928098379242066
1692363528417801755,13,0,,-0.04112823267893195,-0.7762964154518212,0.01610105026490342,-2.3375062617613818,-0.010266066286722738,1.5496802289442457,0.7928082950913086
1692363528451839810,14,0,,-0.04496214399325418,-0.7752149131755098,0.0176850783953875,-2.3354700385748948,-0.011581333844917923,1.5477904137477458,0.7928115873317946
1692363528485515253,15,0,,-0.04869364721157879,-0.7740881950442807,0.019204653679446997,-2.333520538169169,-0.012841681136620087,1.545942223610267,0.7928107472199039
1692363528520268057,16,0,,-0.05229611715031632,-0.7729332785932131,0.020691817395874265,-2.331694870179611,-0.014114597850702841,1.544066667317636,0.7928068549189496
1692363528554398294,17,0,,-0.05589095585124695,-0.7717113869060876,0.022163778887853276,-2.3298612783263892,-0.01528619697462634,1.5423694446081782,0.7928063659167154
1692363528588840274,18,0,,-0.05960504052813966,-0.7704609625574395,0.02357173777990855,-2.3278718775291716,-0.016490983118124157,1.5405966036393328,0.7928080850834713
1692363528623146132,19,0,,-0.06300503079409328,-0.7692903391270841,0.024787657044546597,-2.3258624624118314,-0.017724484196554046,1.5390084619816073,0.7928080662392334
1692363528657393209,20,0,,-0.06637811869663525,-0.7681772234052223,0.026009110978204995,-2.3237341828300964,-0.01887273455541481,1.5373925397575747,0.7928148103838789
1692363528691146687,21,0,,-0.0696960922625738,-0.7670810419827674,0.027228830979460317,-2.3217222128689703,-0.02000584530000737,1.5359570214865605,0.7928077277123486
1692363528724530429,22,0,,-0.07297623257524531,-0.7659566623971207,0.028430091039682127,-2.3198591493850182,-0.021173670298887053,1.5344521312578092,0.792809557533221
1692363528758542119,23,0,,-0.076123690399706,-0.7647713807520521,0.029525224224866198,-2.3180577285330557,-0.022273993363423894,1.5330474507110585,0.7928122996358568
1692363528792758918,24,0,,-0.07929578996572889,-0.7634900930652707,0.03062820592653447,-2.316155523601703,-0.023423499479481993,1.531620843969215,0.7928050950546954
1692363528827000022,25,0,,-0.08238710168603687,-0.7621548972227242,0.0316726519367885,-2.3141990888100907,-0.024580643396425468,1.5302993416348445,0.7928105207437058
1692363528860793291,26,0,,-0.08547630309244424,-0.7608328309174117,0.03265314749068396,-2.3122016120353495,-0.025697964879948673,1.5289648889185277,0.7928122996186009
1692363528894851349,27,0,,-0.08843194539279516,-0.7595440256483572,0.033507719762161776,-2.3101517816369737,-0.026818009536948503,1.5275854355051464,0.7928083846916917
1692363528929141819,28,0,,-0.09133709229927492,-0.7582580868313636,0.0343550440529726,-2.3081657501720243,-0.027880267363998963,1.5263092734573276,0.7928126910528994
1692363528963453416,29,0,,-0.09422117141513581,-0.7569763468370291,0.0352216242001273,-2.3062925058254278,-0.028876664330980635,1.5250028514126714,0.7928126300098798
1692363528996814385,30,0,,-0.09707221120144448,-0.7556835466327151,0.036081342030991614,-2.304480888771896,-0.029928687414735287,1.523818362829152,0.792814190868836
1692363529030966435,31,0,,-0.0998587290546407,-0.7543766658993233,0.036887204881206545,-2.3025596232859518,-0.030989025526262166,1.5226829304788665,0.7928054432547477
1692363529064875601,32,0,,-0.10252413348160774,-0.7531156899665505,0.03762654146346484,-2.3006100818255413,-0.03196342154520386,1.5215672982431168,0.7928152708548925
1692363529098967801,33,0,,-0.10523682211742637,-0.7518505818729042,0.0383180193702632,-2.2985487544845014,-0.032950582975938274,1.5205430904419643,0.7928094413030092
1692363529132749770,34,0,,-0.10789545227826697,-0.7505643791007759,0.0389752863702388,-2.296518315608619,-0.03395561531584705,1.5195209968652121,0.7928040008006518
1692363529166835374,35,0,,-0.11059726187821353,-0.7492325672646157,0.03960359814387693,-2.294586671578234,-0.03485262987684592,1.5185130280133075,0.7928099296369984
1692363529201024457,36,0,,-0.11312836670252796,-0.7478386482292055,0.04017570011022972,-2.2927846202076343,-0.03575449251730429,1.5175843881105335,0.7928154783355597
1692363529235023603,37,0,,-0.11559073314559473,-0.746435041911347,0.040774564351735064,-2.291015700900176,-0.036682373983370466,1.5166535526325815,0.7928065010601926
1692363529269109046,38,0,,-0.11805255979055428,-0.7450117356190509,0.04139771211155377,-2.2891534987483144,-0.03756297867860269,1.5157503931332303,0.7928082601992371
1692363529302921786,39,0,,-0.12045949935305211,-0.7436131357061284,0.041921330612840396,-2.2872279757184386,-0.03841745556837845,1.514893039110082,0.792809916392088
1692363529337249046,40,0,,-0.12290411086401624,-0.7422754396768081,0.04240715810888433,-2.285201399604715,-0.0392502340180851,1.5140815151797289,0.7928087826228962
1692363529371079523,41,0,,-0.12527877749302713,-0.7410122249569633,0.04285986452565402,-2.2831986129799184,-0.040114599334461896,1.513339510025883,0.7928140541613139
1692363529404873568,42,0,,-0.12756875939704135,-0.73976390270992,0.04329056194041925,-2.281295641626484,-0.04089870089614342,1.5125592029133796,0.79281050978871
1692363529438793613,43,0,,-0.1298094829920401,-0.7384782761576175,0.043736285350618895,-2.2795101060293956,-0.04164755991159657,1.5118023936377156,0.7928047573485014
1692363529472921934,44,0,,-0.13208740031307414,-0.737105333680484,0.044162152124720466,-2.277696491764997,-0.042416645406372154,1.5110974763536469,0.7928115880296831
1692363529506532015,45,0,,-0.13429103009630203,-0.7356390978921646,0.04456185024658814,-2.275818833550258,-0.04322696034105034,1.510413625290555,0.7928094948635294
1692363529540995003,46,0,,-0.13654638326736054,-0.7341709391131486,0.04494658655006787,-2.2739007635813935,-0.044003295160348246,1.509768023920908,0.7928065156493082
1692363529574720326,47,0,,-0.13868999448111163,-0.73271832352618,0.04529815753539989,-2.271924684622172,-0.0447247433066275,1.5090739471067385,0.7928113636638058
1692363529608981028,48,0,,-0.14076742112615784,-0.7313223484445274,0.04563583701893458,-2.270000422949725,-0.045436200148216345,1.5084716381632575,0.7928065304651614
1692363529642737186,49,0,,-0.1427963927809362,-0.729984451682912,0.04597417179083893,-2.2682157569972823,-0.04611208843422778,1.5078701967932242,0.7928112271868335
1692363529676961625,50,0,,-0.14484146389762553,-0.7286576512610297,0.04625066979762771,-2.2665084263852795,-0.04681360626158043,1.5072829550872946,0.7928079158488024
1692363529710983972,51,0,,-0.14687043784101234,-0.7272974927766152,0.046483637461722696,-2.264769162661382,-0.04748125351878159,1.5067015815488456,0.7928099212391535
1692363529744918300,52,0,,-0.14891915035105116,-0.7259200290797985,0.04673027073483986,-2.26292503356014,-0.04809805950346569,1.5061577196987064,0.7928105170501444
1692363529778516187,53,0,,-0.15084789264342074,-0.7245529956393965,0.046932757181557476,-2.261062246434035,-0.04869419112258735,1.505647761881006,0.7928096131578886
1692363529813359504,54,0,,-0.15278176479257827,-0.7231808579845218,0.04710907362552062,-2.2591586050790053,-0.049294495502003564,1.5051675390408263,0.7928061496325708
1692363529846437228,55,0,,-0.15462796321175953,-0.7217923037348899,0.04728870627091153,-2.2572304981945512,-0.049907314501149956,1.5047372905888132,0.7928147808514221
1692363529881016408,56,0,,-0.15652658053879118,-0.7203673854562002,0.04747771954826515,-2.2554208530929327,-0.05045873268790654,1.5043091369023098,0.7928051107175701
1692363529914822434,57,0,,-0.15836712881488396,-0.7189564430434625,0.04762118672349433,-2.253725369716553,-0.05098495171393603,1.5039058566669656,0.792809130201688
1692363529948876834,58,0,,-0.16018844731104276,-0.7175347462238947,0.047732666721222734,-2.252077160307674,-0.05150492322685707,1.503490477442843,0.7928047185286592
1692363529983178928,59,0,,-0.1620833110255069,-0.71615748707818,0.047838461609530224,-2.250303830788525,-0.05201085795737821,1.5030982016822445,0.7928092250068238
1692363530016750040,60,0,,-0.1638497780304856,-0.7148359115800419,0.0478903649625395,-2.248477644033725,-0.05250087583048837,1.5027541125551005,0.7928120661910879
1692363530050671620,61,0,,-0.16555322531724778,-0.7135466756370681,0.047954356925933334,-2.246598566089063,-0.05299029329102609,1.5024113607949603,0.7928131364897103
1692363530084948695,62,0,,-0.16720731621032747,-0.712247248821286,0.0480316298133625,-2.2447044571270647,-0.05344402861721038,1.5020808904915353,0.7928054322187544
1692363530118430395,63,0,,-0.16889691001262652,-0.7108974032471461,0.048120126585799027,-2.242922599959269,-0.053871673701632525,1.501823324206075,0.7928113410572903
1692363530152674499,64,0,,-0.17055818218829175,-0.7094888930762459,0.04817588056923102,-2.241249473474601,-0.0542749870005915,1.5015658115022035,0.7928087311335633
1692363530186694348,65,0,,-0.17218173150660052,-0.7080631402934338,0.04819441563723028,-2.239653359943835,-0.05466381001134731,1.5012901242644348,0.7928091329895641
1692363530220931034,66,0,,-0.17382861809503516,-0.7066084409749672,0.04820467980200997,-2.2380249702825106,-0.05503405834166382,1.5010615788544837,0.7928080275850466
1692363530254773206,67,0,,-0.17546777595722815,-0.7051741233571838,0.048213627310016396,-2.23629781158179,-0.05540630736336248,1.5008767441896704,0.7928080401830071
1692363530290874721,68,0,,-0.17703942570434214,-0.7038088881449034,0.04821789265458774,-2.2345175666124963,-0.055762046186516194,1.500710380839241,0.792811917936668
1692363530322721286,69,0,,-0.17858767227242117,-0.7024890176070713,0.04822428297795524,-2.232659213851591,-0.05612845362966235,1.5005237455200415,0.7928098440365838
1692363530356440820,70,0,,-0.18007070463048125,-0.7012235735989724,0.04822664818986812,-2.230861363084243,-0.056467449624527134,1.500389074869284,0.7928148741327246
1692363530394687076,71,0,,-0.18154980944229301,-0.6999712562126107,0.04823491956682178,-2.229185121787627,-0.0567757243435146,1.500264498781769,0.7928048751870695
1692363530424926474,72,0,,-0.18306890786846722,-0.6986609743970095,0.048235102834926845,-2.2275652034960967,-0.057086054978299806,1.5001231179497247,0.7928140672499172
1692363530458591685,73,0,,-0.18456513120312007,-0.6973027261370291,0.0482263479940698,-2.225987600632503,-0.0573703204229968,1.499988197309248,0.7928024820426457
1692363530492951247,74,0,,-0.18599094445318978,-0.695878612282811,0.04822889082929282,-2.224339565604609,-0.057630874423489076,1.499930917914184,0.7928144603485896
1692363530527858331,75,0,,-0.18732773313312504,-0.6945902976430679,0.048230944006240145,-2.2228007705901662,-0.05786340177637777,1.4998573161066355,0.7928128115367665
1692363530560811981,76,0,,-0.18891020218820137,-0.693100081600111,0.048213184934569435,-2.220909510483452,-0.05813835553961717,1.4997507125873042,0.7928119573934276
1692363530594831756,77,0,,-0.19028871258287722,-0.6917569109182344,0.04821100566747804,-2.219116536397473,-0.05834297469278309,1.4997019035797352,0.7928098441143785
1692363530630637607,78,0,,-0.19160598864276712,-0.69048736250801,0.04820226961872625,-2.2174879742582143,-0.058542544501049766,1.4996731288247296,0.79281373459689
1692363530664621340,79,0,,-0.19303705980533914,-0.6891160652149081,0.048163178723086834,-2.215820746405794,-0.05877085662929154,1.499635684407172,0.7928054249528452
1692363530698567164,80,0,,-0.19433466882183076,-0.6878569352026458,0.04812191024040222,-2.2143249152722286,-0.058950196911615384,1.4996036509630999,0.7928021283272498
1692363530732997818,81,0,,-0.19566531790586242,-0.6865922537068603,0.04806157633713389,-2.212793575391495,-0.05914831446264383,1.4995829361031296,0.7928066756475053
1692363530766549315,82,0,,-0.19696298790010142,-0.6852864794245495,0.047953870192533964,-2.211178677846828,-0.05932621125735147,1.4995724458634,0.7928089810394534
1692363530800607322,83,0,,-0.198219944347288,-0.6839553025651767,0.047817548257238676,-2.209526228436864,-0.059483749139128114,1.4995685058293817,0.79281480614818
1692363530835046753,84,0,,-0.19952650493266513,-0.6826265339299672,0.04771584015759838,-2.2078835466991014,-0.05964036051077608,1.4995704106234853,0.7928072523825841
1692363530868249861,85,0,,-0.20080626951109712,-0.6812638146367843,0.047595126603738686,-2.2062189410052713,-0.05974350197280114,1.499565881671958,0.792812748232002
1692363530902554803,86,0,,-0.20203537873598493,-0.6799254155217325,0.04745702176717292,-2.204596396567626,-0.059886147850899706,1.4995685905498841,0.7928087390225016
1692363530936716344,87,0,,-0.20323091155453246,-0.6786445766564595,0.04730465736549329,-2.2030638050213427,-0.0599658666749139,1.4995746440136872,0.7928087385800875
1692363530970872838,88,0,,-0.20443616440940535,-0.6773737060861654,0.047154082271871366,-2.2015838588425494,-0.06007534227396579,1.4995822941760577,0.7928095690701475
1692363531004612757,89,0,,-0.2056092665967202,-0.6761410839268085,0.04699379547154042,-2.200133046935521,-0.06015265020670347,1.499598315467205,0.7928133960273802
1692363531038675913,90,0,,-0.20671624221343396,-0.674873820416251,0.0468211539921782,-2.198621639787228,-0.06023853205448102,1.499638978724749,0.7928140940598382
1692363531072659429,91,0,,-0.20788513216136292,-0.6736441077564876,0.04667896909104064,-2.197060158290699,-0.060303513411541436,1.499771597337484,0.7928054250079775
1692363531106556718,92,0,,-0.20903070111617392,-0.6724225610722281,0.04652221314426353,-2.1954601097120117,-0.060345917838185256,1.4998411232810933,0.7928131154934557
1692363531141046860,93,0,,-0.21016142854602265,-0.6711907561979774,0.046342163197328215,-2.1938378724947167,-0.060390339740507726,1.4999381627497237,0.7928090989403742
1692363531174641549,94,0,,-0.21124523514470667,-0.6699143881582145,0.04616814929676565,-2.192232469373286,-0.060424040872658596,1.500043942214334,0.7928047186948799
1692363531208630710,95,0,,-0.21236494282000598,-0.6686448077206294,0.04600973656362767,-2.1907522738240974,-0.06044348820631717,1.5002113819776797,0.7928094641952013
1692363531242741774,96,0,,-0.2134997777042642,-0.6673501801136058,0.045848526758047015,-2.189363303830721,-0.060463458597362296,1.5002841920448806,0.7928076178769918
1692363531276685116,97,0,,-0.21461230903332118,-0.6660604840118656,0.04567425668341726,-2.188001679171201,-0.06047250669672297,1.5004632460426326,0.7928112121539024
1692363531310806856,98,0,,-0.2156264371800703,-0.6648110027142704,0.04548785227109368,-2.186626917734762,-0.06048653528185499,1.5005926633375406,0.7928065404699184
1692363531344728069,99,0,,-0.21667132236433947,-0.6636103579203854,0.04531300956993095,-2.1851694243744566,-0.06049202007753357,1.500763443275875,0.7928101845190256
1692363531378618431,100,0,,-0.21763892159347226,-0.6624610861135192,0.045123831903972685,-2.1836642329158193,-0.060494072758747186,1.5008922598546035,0.7928101631787394
1692363531413640798,101,0,,-0.21862346529872093,-0.6613286969765295,0.044897809184545355,-2.182131543666709,-0.06049468278553185,1.5010885108638168,0.7928040059832626
1692363531446800711,102,0,,-0.2195772060174898,-0.6601552363534371,0.044686761398472906,-2.180551856454945,-0.06049667639855155,1.5012581701704304,0.792804417211294
1692363531480728266,103,0,,-0.22057784181850928,-0.6589906461217427,0.0444911164688538,-2.179030011722248,-0.06049324915873227,1.5014569359895955,0.7928051179498871
1692363531514794534,104,0,,-0.22155030292295905,-0.6577795347617954,0.04425145420880009,-2.1776126362251516,-0.060489899978936376,1.5016671018796632,0.7928086497327552
1692363531548763541,105,0,,-0.22250896196752687,-0.6565651369364516,0.04399896828498074,-2.176280294928787,-0.06048629815169715,1.5017965565430726,0.7928112228620965
1692363531582720871,106,0,,-0.22343187556386532,-0.6553544705223379,0.04377668980539667,-2.1750305788426405,-0.06047539949040081,1.5020242927842573,0.7928059117275472
1692363531617341568,107,0,,-0.22435959758933696,-0.6540915023178628,0.04357672742653337,-2.1736983870654565,-0.06045806253508268,1.5022258694316468,0.792811559071886
1692363531650669821,108,0,,-0.2252926348817169,-0.6528710923755267,0.04338066502501695,-2.172316317031051,-0.06042212157662795,1.5024875939836853,0.7928075497441873
1692363531684549097,109,0,,-0.22622519477969805,-0.6517035023137334,0.043174118302524184,-2.1708917726253008,-0.06033462600207413,1.5027119656393373,0.7928061426805215
1692363531718821978,110,0,,-0.22713819473932514,-0.6505636180539753,0.042928496550742705,-2.1694688390817896,-0.06027611056189886,1.5029804898203727,0.7928120975438332
1692363531752542764,111,0,,-0.2280390024556516,-0.6494588557858917,0.04267595217360076,-2.1679755018401052,-0.06018436132203653,1.503207386274763,0.7928058282310255
1692363531786402062,112,0,,-0.22889373621981424,-0.6483832719219639,0.04240398921490477,-2.1665181195127414,-0.06009428675470914,1.5034539015195132,0.7928105097946838
1692363531820274871,113,0,,-0.2297996020570263,-0.647306358784527,0.04217817757279561,-2.1651584820766705,-0.05997338792091806,1.5037263386936386,0.7928156144450882
1692363531854955638,114,0,,-0.23064046014599363,-0.6461952567508388,0.041929492154444595,-2.1638831796545777,-0.059869056875732234,1.5039738591649756,0.7928106341409856
1692363531888339467,115,0,,-0.23146107007136313,-0.6450490523054829,0.04172158884108109,-2.1626505704494807,-0.059736266246334116,1.5042385789067712,0.7928082621734213
1692363531922513241,116,0,,-0.2322421258753037,-0.6438639097898425,0.04152501507011384,-2.161443546419663,-0.05962605030149491,1.5044913724093116,0.7928117443133761
1692363531956798719,117,0,,-0.23302756373973119,-0.6426754815277492,0.041323640006403636,-2.1601901270493724,-0.05947706913870168,1.5047622006215666,0.7928130021129467
1692363531990895450,118,0,,-0.23386389754279677,-0.6415056103591333,0.04109978202223601,-2.158863259674353,-0.059353998326682415,1.5050495535020432,0.792811010445044
1692363532025055873,119,0,,-0.23469067583151185,-0.6403770950976277,0.04084123713088505,-2.1575370052318976,-0.059196320862384764,1.505328398070345,0.7928141738376372
1692363532058910801,120,0,,-0.2354870716474802,-0.6392851474904973,0.04056788837771971,-2.156202094118577,-0.059044722406350544,1.5056197190599194,0.7928113629084221
1692363532092803519,121,0,,-0.23629110016934524,-0.638199044282798,0.04028654203881928,-2.15485134245873,-0.05888728503652783,1.505920911956562,0.7928083779746974
1692363532126751920,122,0,,-0.23703312312112806,-0.6371258790061683,0.040002214487188374,-2.1534950934093127,-0.05873913579274764,1.5062300488045262,0.7928102154999104
1692363532161845307,123,0,,-0.23779310813441923,-0.6360951870093382,0.039759901473564035,-2.152183356278378,-0.058555415232835785,1.506536888746533,0.7928102024717852
1692363532195085037,124,0,,-0.2385420014683028,-0.6350960223480824,0.039519156653195886,-2.1509340208550887,-0.05840305802881546,1.5068408576745997,0.7928087826224556
1692363532228571026,125,0,,-0.23930895414434625,-0.6340718170108313,0.039279891007817765,-2.1497539836854123,-0.05821130578159707,1.5071432131581506,0.7928052121110148
1692363532262797052,126,0,,-0.2400639447590957,-0.6330287346705429,0.039039128406184384,-2.1485897718177527,-0.05804503972453782,1.507460354198668,0.7928119536386496
1692363532296923896,127,0,,-0.24079579182580615,-0.6319434502637746,0.03877253573163423,-2.1474202126310993,-0.05785253998106276,1.5077552642214462,0.79281170705322
1692363532330902675,128,0,,-0.24148723418008536,-0.6308180663887132,0.03850543304916012,-2.146198902232164,-0.05766949738605468,1.5080677828803397,0.7928083806367268
1692363532364818779,129,0,,-0.2421864385396565,-0.6297088141043664,0.0382908720382232,-2.1449653972440887,-0.0574694797179654,1.5083897292938844,0.7928082865566675
1692363532398783583,130,0,,-0.24289659160478108,-0.6286254582601793,0.03804643021143061,-2.1437266437274016,-0.05726896199640345,1.5086977543244668,0.7928087527443741
1692363532432885514,131,0,,-0.2435771787633947,-0.627572544819517,0.03777476714674962,-2.1424608691644393,-0.057058827497440665,1.5090163127594933,0.7928108885524122
1692363532467774932,132,0,,-0.2442455807703907,-0.6265419721912461,0.03753174216510026,-2.1411837705248677,-0.056859056328550386,1.5093386619055438,0.7928055478574423
1692363532500340157,133,0,,-0.24488587226772415,-0.6255407223548077,0.03730516025787117,-2.1399278623016196,-0.056627633576026515,1.5096693364995712,0.792813826739009
1692363532534731418,134,0,,-0.24551789636392338,-0.6245590191565357,0.03709924679621896,-2.13875350522775,-0.05641195035017166,1.5099971368396305,0.7928115760388846
1692363532568820950,135,0,,-0.24615879233715446,-0.6235908042786321,0.036882229752601026,-2.137652920806464,-0.05616230681786359,1.5103109388043696,0.7928116113957032
1692363532602286267,136,0,,-0.2468022716341049,-0.6225987217257699,0.036667465232466424,-2.13656378945695,-0.05591853482921966,1.5106114450839796,0.7928126339038043
1692363532636709763,137,0,,-0.24743222015607966,-0.6216239866774744,0.03641641589748721,-2.135488944942518,-0.05567549959909554,1.51094014677593,0.7928094433699715
1692363532670361136,138,0,,-0.2480584426195942,-0.6206709127576258,0.03612489541868683,-2.1343834241811495,-0.05544804228717083,1.5112428558469868,0.7928022578726969
1692363532704653156,139,0,,-0.24868460417722826,-0.6196943157564094,0.03583834262578014,-2.1332317926095654,-0.055211462037463216,1.5115727605086977,0.7928075439652215
1692363532738350723,140,0,,-0.24932311888819364,-0.6187049182615137,0.03556529857337017,-2.132101484327046,-0.05499336283793273,1.5118841715524842,0.7928047357062871
1692363532772732128,141,0,,-0.24990407689254646,-0.6176964908842788,0.03529231937177336,-2.1309428724740482,-0.05475829144752781,1.5121919889734867,0.7928050770857015
1692363532806844978,142,0,,-0.250481723446081,-0.6166963918967512,0.03503911290964887,-2.129769652341388,-0.05451636297982334,1.5125313353188612,0.7928065012280486
1692363532840732010,143,0,,-0.25110590051005993,-0.6156895110391309,0.034793391596347555,-2.128588049903065,-0.05428465667898469,1.5128583816587349,0.7928036919992039
1692363532876392764,144,0,,-0.2516950286361825,-0.6146911845664865,0.03452956174714673,-2.127413124990479,-0.05403647137372742,1.5131904047501084,0.7928106472264795
1692363532908493040,145,0,,-0.2522823449859971,-0.613750469927196,0.03427003151893592,-2.12629820178599,-0.05379073510960263,1.5135181463171181,0.792805793567263
1692363532942919463,146,0,,-0.25286575804944506,-0.6128333545906435,0.03400408081394168,-2.125240766728988,-0.05354367472461548,1.5138341415680627,0.7928105164009847
1692363532976700961,147,0,,-0.25344431246389715,-0.6119125914016202,0.03374166214707209,-2.124227115144293,-0.05328283647583504,1.5141438021673717,0.7928069114475764
1692363533010740580,148,0,,-0.2539990397594442,-0.6109946093702292,0.03348664138805534,-2.1232204961344316,-0.053012070401572915,1.5144664299873893,0.7928108640039324
1692363533045275501,149,0,,-0.25451611167750504,-0.6101064822899258,0.03324263096206392,-2.1222532460446994,-0.0527329933273144,1.5147968246082493,0.792806136600209
1692363533078721897,150,0,,-0.25505913336977953,-0.6092181033803197,0.033048383887515596,-2.12124641749735,-0.0524512063018826,1.5151224047959533,0.7928086208245506
1692363533112726650,151,0,,-0.255601902715858,-0.6083510669266665,0.03284107734522533,-2.120181800784669,-0.05218450994118973,1.5154459225999841,0.79280839379649
1692363533146583893,152,0,,-0.2561183330155773,-0.6074665728169699,0.032595054640759034,-2.1190991762382443,-0.051923286143947686,1.5157861286428866,0.7928102067952163
1692363533180314806,153,0,,-0.2566372774177406,-0.6065685425006788,0.03237511880292888,-2.1180241769150765,-0.05164715816980794,1.5161346783213465,0.7928091116650586
1692363533214820733,154,0,,-0.2571366924450112,-0.6056533444884908,0.03213624124148228,-2.116963860842604,-0.05137831168892997,1.5164802303295195,0.7928043654934281
1692363533248744559,155,0,,-0.2576362582601016,-0.6047242835981778,0.0318962740344637,-2.115863924954413,-0.05110783147312999,1.516796062724823,0.7928072032934532
1692363533283524142,156,0,,-0.25811461164194843,-0.6038225402653565,0.031634061918634514,-2.114774001686778,-0.050837172348431894,1.5171330432393655,0.7928047123907369
1692363533316736376,157,0,,-0.25858408090181734,-0.6029271618194383,0.03136533056895201,-2.113726770655109,-0.05055817454337257,1.517464488687959,0.7928159885133081
1692363533350732954,158,0,,-0.25906579335767793,-0.6020553299211173,0.031116725595068655,-2.112784348636948,-0.050291641298261004,1.5178012217827854,0.7928059200186011
1692363533384999546,159,0,,-0.2595654686182584,-0.6011747380507879,0.0308698569199001,-2.111872737065856,-0.05001165451327574,1.518101791379399,0.792806515810962
1692363533418787306,160,0,,-0.26005783131505866,-0.6002981729023167,0.030629959785353496,-2.1109920296335845,-0.049733673891347904,1.51844395355693,0.7928094511015473
1692363533452603733,161,0,,-0.26053763766905386,-0.5994311519494754,0.030403429005587058,-2.1100774982957913,-0.049437811165953645,1.5187720034359449,0.7928133422469064
1692363533486719765,162,0,,-0.26100082908329864,-0.5985829650077811,0.030173653863605116,-2.1091886222573266,-0.0491475103048368,1.5191269379536356,0.7928130413607233
1692363533520574992,163,0,,-0.26145127164508,-0.5977440926070766,0.02993358084639879,-2.10824925343754,-0.048863475218798406,1.5194731639083605,0.7928051205307878
1692363533554401001,164,0,,-0.26190304220085076,-0.5969504415235557,0.02966491979179244,-2.1072822140247265,-0.04858605538669369,1.5198090704174487,0.7928090927135416
1692363533588342740,165,0,,-0.26236534706013775,-0.5961666534056485,0.029398964031684526,-2.1063142057334976,-0.04831127794420448,1.52014304640621,0.7928126344223732
1692363533622555281,166,0,,-0.262795777348189,-0.5954121020665508,0.029141745795640273,-2.105323239255266,-0.04802706834785985,1.520490100249391,0.7928126469698503
1692363533656344319,167,0,,-0.2632165581196056,-0.5946280386961124,0.028898486305249202,-2.1043639013749056,-0.04774348979919847,1.5208171810990339,0.7928136954599958
1692363533690262945,168,0,,-0.26365366798413375,-0.5938121294142762,0.028690127813599715,-2.1033920427925676,-0.047468476727504025,1.5211703838202764,0.7928144471582644
1692363533725316885,169,0,,-0.2640948011970769,-0.592977332324377,0.02849930675135554,-2.102443928834932,-0.04718846703956011,1.5215068501207025,0.7928119542645115
1692363533763106427,170,0,,-0.26451098273646845,-0.5921548792477701,0.028294113303397126,-2.1014843603057543,-0.04688500760208495,1.5218273490894885,0.7928138175571534
1692363533792561794,171,0,,-0.2649443866116123,-0.5913413968089838,0.028060824670359478,-2.1005412727005703,-0.046580405487283635,1.5221524147999144,0.7928082873104252
1692363533826687776,172,0,,-0.26537698556127404,-0.590527527206395,0.027809192523739562,-2.099646814850219,-0.04628513769527272,1.5225055612185037,0.7928113929276914
1692363533860591478,173,0,,-0.2658172255528655,-0.589715615308633,0.027545071763789272,-2.0987824482362236,-0.04598442855431133,1.522841801047252,0.7928144509807816
1692363533894223369,174,0,,-0.2662415424969396,-0.588908350039045,0.027285374766419682,-2.0979705121037924,-0.04569129461861987,1.523180659073486,0.7928116008989566
1692363533928700252,175,0,,-0.266655578738709,-0.588115878318397,0.027028949093076765,-2.097149029678922,-0.04538777962215731,1.523516123682748,0.7928080321328226
1692363533962433552,176,0,,-0.26705052186924255,-0.5873402443653184,0.026781603632486654,-2.096350099559358,-0.04510329694072256,1.5238545674871031,0.7928075568440092
1692363533996777581,177,0,,-0.2674305142964191,-0.5865797206245162,0.026541691129917323,-2.0955418475093333,-0.04482456612354299,1.5241593941590315,0.7928120977354547
1692363534030962264,178,0,,-0.26779976036679937,-0.5858312764719057,0.026325664918346568,-2.094698770879406,-0.044538843399659654,1.5244944862437757,0.7928117202975734
1692363534064789141,179,0,,-0.26817726355589955,-0.5850900472415225,0.02610836316544314,-2.093816894873452,-0.04424500201999501,1.5248412291504199,0.7928073441257238
1692363534098638307,180,0,,-0.2685419798065974,-0.5843761429837971,0.025881588955185775,-2.092945032376053,-0.043954643567256424,1.5251707941409514,0.7928050904908889
1692363534132699493,181,0,,-0.2689112476472346,-0.5836685827019779,0.025646604204521115,-2.0920657321365534,-0.043659961514760384,1.5255261931062878,0.7928116952187048
1692363534166702829,182,0,,-0.26926671687185755,-0.5829870185575172,0.025402777746739876,-2.091223970297789,-0.043362060910008486,1.5258548399208682,0.7928112416134382
1692363534203434287,183,0,,-0.2696189737987755,-0.5822939704825733,0.0251830961546563,-2.090345649021776,-0.043063726798623296,1.5261994217507704,0.7928061496443511
1692363534234870092,184,0,,-0.2699666238920837,-0.5815824085166597,0.02495599771519868,-2.089469856917011,-0.04275006864361399,1.5265434093699097,0.7928058282855063
1692363534268288803,185,0,,-0.27031268609334747,-0.5808795878996998,0.02472408660769885,-2.0886072382230276,-0.04245958846287063,1.526884241048021,0.7928140957313352
1692363534302705297,186,0,,-0.2697993799149185,-0.5797033007218019,0.024600949154583197,-2.0873501449434304,-0.04189627449760433,1.5267778941820047,0.7928129927498646
1692363534336712297,187,0,,-0.26831741712579404,-0.578271652309378,0.024438500207635945,-2.0855857376512343,-0.04119043560889421,1.525732928675704,0.7928044190954047
1692363534370619598,188,0,,-0.2665053334005898,-0.5765881211977989,0.02440863963570096,-2.08396120856453,-0.04037183696256269,1.5247339139750369,0.7928043692619329
1692363534404770481,189,0,,-0.2648535897239047,-0.574903171906349,0.02440640069477289,-2.0823980978714896,-0.03964276328322805,1.5237420792424043,0.792807570710108
1692363534438709345,190,0,,-0.2630638797579706,-0.5732812051522709,0.024384758284205037,-2.0808294464105876,-0.038871869318379174,1.522739782312585,0.7928133636147147
1692363534472646358,191,0,,-0.2613904565203854,-0.5717801239585418,0.024349621417166612,-2.0790587191273318,-0.03815648402929495,1.5217946415555186,0.7928050788445394
1692363534506262301,192,0,,-0.25977607551906834,-0.5702332205232937,0.024284006316536082,-2.077245683087481,-0.03746663725038044,1.5209719778603779,0.7928095035892374
1692363534540654340,193,0,,-0.2581473659069275,-0.5687415244281105,0.02417894454358564,-2.0754529140496047,-0.03679032635163358,1.5200648979318931,0.7928061763468398
1692363534574348045,194,0,,-0.2566310558485067,-0.5672680186773222,0.024135845993940308,-2.073616241460829,-0.036118052630996655,1.5192579022818995,0.7928100713285001
1692363534608247402,195,0,,-0.25506949095670517,-0.5657086264007851,0.02411382133927901,-2.0719311082807956,-0.03547855611013439,1.5184342244605802,0.7928116397114455
1692363534642553923,196,0,,-0.25350980589961075,-0.5641101394194006,0.02405100831955526,-2.070350883881527,-0.03488435688485515,1.5176774130275337,0.7928124063916532
1692363534676410398,197,0,,-0.2519704486342949,-0.5624424402028534,0.024001215549277102,-2.0687750348112033,-0.034303870475959945,1.5169393782786842,0.7928062730698302
1692363534710455445,198,0,,-0.25039716104305954,-0.5607597279096527,0.02396277878038144,-2.067132039890709,-0.0337080812569813,1.5162397029071626,0.792804378078941
1692363534744757076,199,0,,-0.24885324996105798,-0.5591492081462199,0.023942647990382045,-2.0654423110233164,-0.033081769484438785,1.515525835962872,0.7928119552593866
1692363534778324363,200,0,,-0.24736699174367888,-0.5576082218096232,0.02391525441979369,-2.063673626247757,-0.032485563063126256,1.5148845671625835,0.7928147837425554
1692363534812329138,201,0,,-0.2459105189107269,-0.5561157582152665,0.02387945201758841,-2.0618147624639516,-0.031940134467424774,1.5142780531329163,0.7928038142648379
1692363534846344956,202,0,,-0.24446812236019194,-0.55464772283044,0.023854830711671497,-2.06011155819431,-0.03140602557674734,1.5137186225244514,0.7928092062592931
1692363534880701066,203,0,,-0.2430944374076114,-0.5531021242800027,0.023838290518572405,-2.058527061200205,-0.03089947538037951,1.5131379480281388,0.792805790455458
1692363534914576856,204,0,,-0.24170385908245845,-0.5514614730102497,0.023804507831212535,-2.0570082679255592,-0.03041199437300121,1.51257817039382,0.7928096819669581
1692363534948479346,205,0,,-0.2403090875998102,-0.5497754320971716,0.023765059682283596,-2.0554333220164502,-0.02990360274779313,1.5120299510950876,0.792812351735322
1692363534982639783,206,0,,-0.23891763220028484,-0.5480983656086013,0.023723253108665406,-2.053792464800441,-0.02940727010996501,1.5115545628987561,0.7928089872850006
1692363535017131984,207,0,,-0.23750649627457682,-0.5464913039786933,0.023690482210290315,-2.0521192918008517,-0.02893630111406642,1.5110774209410742,0.7928052471351325
1692363535050423634,208,0,,-0.23613704407615574,-0.5449499172310479,0.023686904280604222,-2.050381763403303,-0.0284849133310721,1.5106229143735481,0.7928061415531208
1692363535084760500,209,0,,-0.23481731019806212,-0.5434521688952524,0.023672792440047774,-2.048630928439477,-0.028072472678851008,1.5102033780456694,0.7928089680592242
1692363535118306473,210,0,,-0.23349943971905826,-0.5419498183119338,0.0236369846892394,-2.0469312205207513,-0.027660704307568156,1.5097956991004227,0.7928119406979613
1692363535152305281,211,0,,-0.23215979758413263,-0.5404233423625928,0.023610901654494077,-2.0453358759419564,-0.027254800874121084,1.5093810352150516,0.7928070076204611
1692363535186684108,212,0,,-0.23091327743031878,-0.5388419296608326,0.023606579698295427,-2.043819398561637,-0.026857263830560453,1.5089802284806642,0.792810635591877
1692363535220645863,213,0,,-0.2296913539870333,-0.5371884332741506,0.0235826521451222,-2.042269872868298,-0.02644969578170473,1.5086002021609182,0.7928094531929474
1692363535254258198,214,0,,-0.2284396865605991,-0.5355078443025096,0.023547341860190613,-2.0406684003967217,-0.026050202074424066,1.5082427645873941,0.7928100319501099
1692363535288551145,215,0,,-0.22717496660957023,-0.533906493365108,0.02350272555097271,-2.039054290927823,-0.02567006686263102,1.5079254385161016,0.7928113512247822
1692363535322534453,216,0,,-0.225904894240149,-0.5323423023780877,0.02347207628811236,-2.0373637103523725,-0.02528992305389669,1.5076086548978127,0.7928076614822718
1692363535356600498,217,0,,-0.2246400210826147,-0.5308472046411165,0.02343908297537193,-2.0356537587906964,-0.024926116254477604,1.5073174803544587,0.792804599741515
1692363535390702808,218,0,,-0.22339722436366105,-0.5293980409521118,0.023423102398818528,-2.034025077530052,-0.024573030973069045,1.5070618044281485,0.7928113465402136
1692363535424528469,219,0,,-0.2222215698307114,-0.5279153589425055,0.023416353241064464,-2.0325016083800844,-0.024237711376506786,1.5068118219794342,0.792810744619336
1692363535458268695,220,0,,-0.22102675573351777,-0.5263512452437137,0.023372800519624922,-2.0309883107702063,-0.023903416654699066,1.5065752161151271,0.7928108644824674
1692363535492382100,221,0,,-0.2198486545211996,-0.5247264796242975,0.023337596870526958,-2.0294844722852865,-0.023589401571365024,1.5063676750041215,0.7928100462929469
1692363535526576626,222,0,,-0.21868775587596434,-0.5230809638658505,0.023309820361025805,-2.0279687767893835,-0.02327218712157088,1.5061787841655645,0.7928082729624991
1692363535560469919,223,0,,-0.21755283418967705,-0.521473752653082,0.023273680268357477,-2.026409161486146,-0.022951909959051067,1.5059561551254157,0.7928116027328894
1692363535594701947,224,0,,-0.21644950711998967,-0.5199255030302942,0.02323734680306859,-2.024764941585445,-0.022652950807589955,1.5058626789842682,0.7928114025840174
1692363535628719721,225,0,,-0.21535865431626808,-0.5184492540084296,0.023184242687420514,-2.0230591048416957,-0.022353745652762307,1.5056938501801134,0.7928112191527812
1692363535662240489,226,0,,-0.21426203592364304,-0.5170204061153302,0.023150731294822022,-2.0214348769477968,-0.022079535587592913,1.5055760235317055,0.7928137515033196
1692363535697090510,227,0,,-0.21315519654593842,-0.5155875396405737,0.023117724224786647,-2.01988671946771,-0.021836599817802133,1.505495028124101,0.7928033004285036
1692363535730691725,228,0,,-0.21201346165949678,-0.5141243676568558,0.023068798496328532,-2.0184227185330146,-0.021585729947951715,1.5053569732579704,0.792814785140933
1692363535765258755,229,0,,-0.21087607389444243,-0.5125787784421616,0.023042040849106816,-2.016995673936482,-0.021350843593164276,1.5053060782892815,0.7928126470343221
1692363535798663826,230,0,,-0.209793068821369,-0.5109743981102411,0.023018917999874357,-2.0155161159847106,-0.021127743512822577,1.5052187914963264,0.7928058332376331
1692363535832374063,231,0,,-0.2087536741523236,-0.5093852031461236,0.022963729174994115,-2.014015611422645,-0.02089236235198973,1.5051769445994911,0.7928061384831115
1692363535866837726,232,0,,-0.207718493329699,-0.5078686575147849,0.022902682566301118,-2.0124840583362014,-0.020680057249816846,1.5051295348966376,0.7928123518028241
1692363535900586862,233,0,,-0.2066722110095815,-0.5063865420875955,0.022843002583572615,-2.010867972165089,-0.020445841722754137,1.5050951905674772,0.7928126531038527
1692363535934363533,234,0,,-0.20564721756607612,-0.5049749372837292,0.022799604356934632,-2.0092593981316216,-0.020215486769236096,1.505079784823823,0.792807331036684
1692363535968655145,235,0,,-0.20467086274443616,-0.5035937229269317,0.022781047262031846,-2.007764782602976,-0.01998080982302004,1.50507574671005,0.7928116026746234
1692363536002732278,236,0,,-0.2036845973279057,-0.5022066220917066,0.022720849372908972,-2.00635096264347,-0.01976025706537655,1.5050704998317146,0.7928133595419002
1692363536036463843,237,0,,-0.20270249366469267,-0.5007328189211655,0.02266373096184457,-2.0049694250422583,-0.019570223035297915,1.5050662924535316,0.7928105733045903
1692363536070279751,238,0,,-0.20168741455114367,-0.49920607798330174,0.02259793773022753,-2.0035859165545897,-0.019389645650433905,1.5050669914546093,0.7928043649929379
1692363536104560899,239,0,,-0.20073670486008569,-0.4976563689191703,0.02253926190387074,-2.002134709434272,-0.019192214545946547,1.5050687026279124,0.7928056045509724
1692363536138325141,240,0,,-0.19973541173831388,-0.4961517348087204,0.02246978178266322,-2.000649128772401,-0.019016132258539323,1.5050714112628654,0.7928137345969106
1692363536172792089,241,0,,-0.1987472660179441,-0.4946920526162257,0.0224193320899222,-1.9991521011215085,-0.018829783932477025,1.5050794830894558,0.7928080400227524
1692363536206565283,242,0,,-0.19775527521594552,-0.4932613529321532,0.022357266919367697,-1.9976185596955007,-0.018647746362830363,1.5050887399971355,0.7928094642470447
1692363536240576063,243,0,,-0.1968057600005712,-0.4918890949272054,0.02231806592836637,-1.9960862110043303,-0.01846919395626464,1.5051090547546417,0.7928044234628968
1692363536274753023,244,0,,-0.19588907516106932,-0.4905513482481299,0.022279760019782872,-1.9946187135439972,-0.018326925300757545,1.5051945087692855,0.7928036658911601
1692363536308729120,245,0,,-0.19495040279695855,-0.48920749170581007,0.02221472011189666,-1.9932188071826173,-0.018140327928304792,1.5052810444082936,0.7928144267567193
1692363536342449409,246,0,,-0.19404658578852815,-0.4878316031477263,0.02215188670501763,-1.9918839588864232,-0.01797778011630184,1.505362334896884,0.7928112243176109
1692363536376241560,247,0,,-0.1931234937410206,-0.48637667211412344,0.02205936080372627,-1.990547554955177,-0.017837579470948335,1.505491648677779,0.7928147664004022
1692363536410376064,248,0,,-0.19226932230644792,-0.48489422133371185,0.021989299291999515,-1.989163802618166,-0.017679540292195803,1.5055664577990884,0.7928119741491495
1692363536444153806,249,0,,-0.1914182182710667,-0.4834342901226899,0.02192677194208976,-1.9877569455917015,-0.017515687312813003,1.505700131791308,0.7928073308745928
1692363536478312850,250,0,,-0.19056193074481684,-0.48203272087252,0.02185978929860739,-1.986336582843938,-0.01737104135447799,1.505876712835875,0.7928133700866
1692363536512700655,251,0,,-0.18968835330340367,-0.48064935930168723,0.021791885958240765,-1.9848498115555313,-0.017203380718030598,1.5059386997069284,0.7928161839410321
1692363536546462866,252,0,,-0.18880562695662464,-0.4793229187137739,0.021706401813909485,-1.9833955261601863,-0.017058848551717812,1.5061667053254095,0.7928156005809183
1692363536580323607,253,0,,-0.18798377399278324,-0.47801895102641506,0.021665729261930028,-1.9820188051884327,-0.016909353607073623,1.506282546827819,0.7928100323807596
1692363536614635180,254,0,,-0.18713606364694188,-0.47673475769410867,0.021574671490071234,-1.9807206584718888,-0.01676682545209963,1.50647852665255,0.7928094346758908
1692363536648175290,255,0,,-0.1862656508414243,-0.47541595499669054,0.021491905366928944,-1.9794322740434713,-0.016619269068593328,1.5066223573252786,0.7928097992003786
1692363536682738489,256,0,,-0.18542358451738114,-0.4740426050120431,0.021417678579858934,-1.9781584833239998,-0.016497193042285852,1.5068076887332968,0.7928105097955479
1692363536716371203,257,0,,-0.18457400120373282,-0.47264742948603905,0.021359411832210136,-1.9768402094790611,-0.016358071599069327,1.506952986119793,0.7928037879932701
1692363536750838050,258,0,,-0.1837686466519442,-0.4712380523541462,0.021291601100420027,-1.9755327056472423,-0.016210380666346332,1.5071837599694424,0.7928126658809085
1692363536784632472,259,0,,-0.1829826108778217,-0.4698506794649464,0.0211863175568046,-1.9741788262319586,-0.01609940737758583,1.507329990710227,0.7928093547784726
1692363536818330736,260,0,,-0.1821859309766365,-0.46852601630399804,0.02106908233104393,-1.9727901728147157,-0.015978273207727708,1.5075563220832704,0.7928096800003046
1692363536852700526,261,0,,-0.18140538809888676,-0.4672242019361389,0.020958525730625097,-1.9713632168763038,-0.015866559248394207,1.5077534240500559,0.7928075623875452
1692363536886530387,262,0,,-0.1805986224088368,-0.4659653485920738,0.020845651274169045,-1.9699419383538939,-0.015734477181586142,1.5079670495292177,0.7928101694688907
1692363536920691573,263,0,,-0.17981181297685686,-0.4647481899465084,0.020767558523721627,-1.968625999066828,-0.0156221598126315,1.5081946018886934,0.7928099562832047
1692363536954455668,264,0,,-0.1790696536076094,-0.4635231335458424,0.02071898249654796,-1.9673756670987217,-0.015495919407854974,1.5084377538521527,0.7928131816145828
1692363536988661222,265,0,,-0.17834621857173447,-0.46228536093368067,0.020624077097419365,-1.9661406696205095,-0.015393127506763372,1.5086368410978628,0.7928068753333909
1692363537022543848,266,0,,-0.17762355450795986,-0.460979495177164,0.020520663209798916,-1.9649559892192456,-0.015269311471897544,1.5088982702056017,0.792811974688125
1692363537056578425,267,0,,-0.17688955966539116,-0.45966140463166943,0.020416713587266558,-1.9637292103716675,-0.015170525929952822,1.5091217354837032,0.792811280847357
1692363537091885398,268,0,,-0.17616003602730088,-0.4583642397412311,0.020287247467546312,-1.9625006552226494,-0.015065532900226683,1.5093715665330125,0.7928081902209756
1692363537124474423,269,0,,-0.17539218188331393,-0.4570137729604456,0.020204322349436525,-1.9611658271507868,-0.014951390970266125,1.5096217040521016,0.7928059263186518
1692363537158560920,270,0,,-0.1746689835465666,-0.45577829849732854,0.02013651556701634,-1.9598720111471202,-0.014841907094842541,1.509880713390995,0.7928094656892631
1692363537194639074,271,0,,-0.1739180924247591,-0.4545423494373106,0.02004033480009858,-1.9585079039486422,-0.014740077488235052,1.5101419467300252,0.7928054694188745
1692363537227586721,272,0,,-0.17316299165295065,-0.4533091028014766,0.019960422204507156,-1.9571335704607034,-0.014632309697324075,1.5103902596535168,0.7928038112674213
1692363537262028682,273,0,,-0.17242438787339978,-0.45216083771599985,0.019854798218015928,-1.955914375282722,-0.014538212051347964,1.5106298139978125,0.7928044234559541
1692363537295680026,274,0,,-0.17172471220759256,-0.4510164292318418,0.01977014707179604,-1.9547697821323968,-0.014443661322603402,1.5108992953395866,0.7928147677636936
1692363537329578500,275,0,,-0.17102798769682592,-0.44982909297083845,0.01967588216104524,-1.9536290488379253,-0.014331942500047443,1.5111570461566006,0.7928133314288774
1692363537363562221,276,0,,-0.17037229623806358,-0.4486129561551324,0.019599940326855372,-1.9524995707797281,-0.01423957274244971,1.5114105846485133,0.7928072581950792
1692363537397515891,277,0,,-0.16968758956521146,-0.4473758384878792,0.019482237357073162,-1.951365493586583,-0.014120509606146699,1.511672271544578,0.7928103964118565
1692363537431669343,278,0,,-0.1690105751672283,-0.4461160161184546,0.01939474075474434,-1.950173867121581,-0.014030133327338462,1.511926504547337,0.7928108897308053
1692363537465630225,279,0,,-0.16834508585029742,-0.4449029990986086,0.019279687080633365,-1.94895701014616,-0.013925106367125411,1.5122023569713248,0.79281516354987
1692363537499623211,280,0,,-0.1676839337138858,-0.4436992878869307,0.019156203503591162,-1.947743991270948,-0.01380850678637677,1.5125002915257066,0.7928061950878756
1692363537533572342,281,0,,-0.16701344645291286,-0.4425351722363731,0.01906208150009945,-1.9465306254660402,-0.01372225257474403,1.5127735769032842,0.7928082772978923
1692363537567568655,282,0,,-0.16637046359135949,-0.44136630058210014,0.01897248330926392,-1.9452802913996439,-0.013614056381264283,1.513051566752148,0.7928080458429345
1692363537601586812,283,0,,-0.16574228030549934,-0.4402285558452924,0.018857837104220083,-1.9440448178696663,-0.013503386147856839,1.51332927185304,0.7928083121844263
1692363537635662560,284,0,,-0.16512147215710324,-0.43913750175932026,0.01874047400290328,-1.9428526222053513,-0.013424535798489215,1.5136255981938058,0.7928130061684577
1692363537669827398,285,0,,-0.16452061851563787,-0.4380723023237065,0.018616408551393408,-1.9416995969398585,-0.013310435237449913,1.5138876608973213,0.7928082965380154
1692363537703586695,286,0,,-0.1639215562548205,-0.43699385539343344,0.01848902015929575,-1.940612001093207,-0.013229883986977898,1.5141789696162575,0.7928127522736687
1692363537737243539,287,0,,-0.1633175756122738,-0.43588996099664157,0.018357979130809,-1.9395474198487526,-0.013128563010899496,1.51443993919938,0.7928126658589142
1692363537771290250,288,0,,-0.16270329622603757,-0.43474423567961956,0.01824284866230989,-1.9384910171409315,-0.013047426601541243,1.514738797669145,0.7928154713809985
1692363537805719861,289,0,,-0.16212266456835295,-0.43356103637514093,0.018170791503310194,-1.937408663818872,-0.012964081509768894,1.5150106583485483,0.7928058040034239
1692363537840029488,290,0,,-0.161528364826787,-0.43241300352597367,0.01806428404724048,-1.9362681863911302,-0.012865548585367603,1.5153123497217071,0.7928129880921515
1692363537873488567,291,0,,-0.16090576645134522,-0.43128376426556586,0.017920472763032606,-1.935121031029114,-0.012769023281113834,1.5156037931202468,0.7928099658301827
1692363537907414358,292,0,,-0.16030575787378396,-0.4301996423140784,0.017791910171333705,-1.9339992616417723,-0.012692399407577316,1.515911833768822,0.7928110928440568
1692363537941458137,293,0,,-0.15969575605054198,-0.42911994382695756,0.01766580308354415,-1.932817539663466,-0.012604619250115905,1.516223578078215,0.7928126476137668
1692363537975192157,294,0,,-0.15908885849847254,-0.4280392029444431,0.017572114056473482,-1.9316439870365614,-0.012528032106968743,1.5165318659987739,0.7928156240673602
1692363538009987874,295,0,,-0.15847806465523936,-0.42699661183957927,0.01745921458876656,-1.9305547429762493,-0.012439087286235296,1.5168121270794444,0.7928069494823331
1692363538043172719,296,0,,-0.15792585067237588,-0.4259863684160983,0.017380342711595546,-1.9295265999690676,-0.01235264348244302,1.5171096153693144,0.7928126518139845
1692363538077681538,297,0,,-0.1573789578814827,-0.4249768324537002,0.017296605794788027,-1.9285119239972144,-0.01226936632418992,1.5174240364129779,0.792809862952452
1692363538114581856,298,0,,-0.1568169204832316,-0.42395045077775556,0.01715918655972634,-1.9275221397095608,-0.01218679361993596,1.5177119515456938,0.7928066435921256
1692363538145658266,299,0,,-0.15626766474810397,-0.4229382763578222,0.01701213958439008,-1.9265310080700042,-0.012098619337838193,1.517993419104956,0.7928109051309933
1692363538179706565,300,0,,-0.15574199188962673,-0.4218990279343291,0.016888960478009654,-1.925535844906492,-0.01201144111604297,1.5183070173758084,0.7928077235542559
1692363538213740577,301,0,,-0.15520089802116155,-0.4208261359171513,0.016775806468638663,-1.9245120103197844,-0.011930838231860754,1.518617562856628,0.7928071853704235
1692363538247584505,302,0,,-0.15466153483752415,-0.419747128272668,0.016659149176464983,-1.9234731165333099,-0.011856743539403134,1.5189310811321506,0.7928161849031741
1692363538281660316,303,0,,-0.15409583524276593,-0.41868185499516614,0.01653277793572816,-1.9224589907947762,-0.011755959680371082,1.5192554893765378,0.7928161854422149
1692363538315492569,304,0,,-0.15357346301828104,-0.41764793601801165,0.016430557737653423,-1.921417231068557,-0.01168771775704795,1.5195693828758214,0.7928145776022975
1692363538349585908,305,0,,-0.153087018716287,-0.41663686400142613,0.016318773132061783,-1.920327278164271,-0.011613604816673548,1.5198831779610593,0.7928044727359078
1692363538383408133,306,0,,-0.15259417423958532,-0.41565288672420153,0.016191515566406047,-1.9192310550488165,-0.011544257180967408,1.520194975454207,0.7928098414998145
1692363538417658027,307,0,,-0.15209869126151856,-0.41468239866131795,0.016058868731945557,-1.9181367677057788,-0.011463541180652235,1.5205063000965475,0.7928126529915147
1692363538451405923,308,0,,-0.15161626010618137,-0.4137588188731003,0.015939351578483862,-1.9171026152067963,-0.011382001588241404,1.5208363218826648,0.7928098384579036
1692363538485340327,309,0,,-0.15111700227632102,-0.41284119340634695,0.01583429627566942,-1.9161330717375618,-0.011311340766373041,1.5211456122300235,0.7928051176056684
1692363538519615149,310,0,,-0.15060678726472893,-0.4119197802923161,0.015731394070760817,-1.9152002521303189,-0.011220061454166099,1.5214504791908758,0.7928106491952261
1692363538553541407,311,0,,-0.15010785818865385,-0.41098411801233736,0.0156344382834055,-1.9142981045970222,-0.011155181672235674,1.5217442806669366,0.7928080443833999
1692363538587727486,312,0,,-0.149589662021112,-0.41004144951608074,0.015539236379681869,-1.913401990595323,-0.011082316269900336,1.522053426549365,0.7928065304633737
1692363538621444093,313,0,,-0.14910570994008313,-0.40909371091256896,0.015443729298265091,-1.9125088692380607,-0.010994957460461216,1.5223791068341352,0.79280507712367
1692363538655671326,314,0,,-0.14864651329942807,-0.40811444606948316,0.015332491201957999,-1.911556402024578,-0.01091309822414224,1.522691797034442,0.7928099671039364
1692363538689278672,315,0,,-0.14817559292011695,-0.40715958735467944,0.015197419569239635,-1.9105962776661902,-0.010848205926607575,1.5230184943630647,0.7928113383596559
1692363538723186959,316,0,,-0.14768899138508898,-0.4061969446365555,0.015082235237519248,-1.9096277256734007,-0.010771016194463917,1.52332590777391,0.7928115892627229
1692363538757702698,317,0,,-0.14721836149545228,-0.4052361049255741,0.014991489069757082,-1.9086708544681477,-0.010688877375043204,1.5236528436182897,0.79281298402928
1692363538791539363,318,0,,-0.14673974942799847,-0.4043096003999923,0.014881455011039438,-1.9077181890440496,-0.010626045380254141,1.5239628877204079,0.7928070104677669
1692363538825500326,319,0,,-0.1462600045581615,-0.40340236781797156,0.014788344160499605,-1.9067075259154227,-0.010542849082425455,1.5242617145084518,0.7928081839780665
1692363538859413566,320,0,,-0.14578461557022165,-0.4025134209870311,0.014657979786270902,-1.9057123543598349,-0.010476753954559052,1.5245967861199015,0.7928044186310211
1692363538893402843,321,0,,-0.1453156605028807,-0.4016427578478136,0.014523665750838284,-1.9047555729545802,-0.010398215019268627,1.5248954308866234,0.7928108656130177
1692363538927118136,322,0,,-0.14487341082513505,-0.40079388775038377,0.014385845247838631,-1.9038756201133527,-0.010318693059472316,1.5252305881900734,0.7928087913700316
1692363538961595430,323,0,,-0.14444939157643932,-0.3999622938324206,0.014264601951985987,-1.9030492338272713,-0.010256549669414423,1.5255528040948851,0.7928109978323427
1692363538995741623,324,0,,-0.14403000506161928,-0.39911169360863197,0.014134097419130305,-1.9022186704096227,-0.010195731842212776,1.5258795508928156,0.7928059595568957
1692363539029763239,325,0,,-0.14359285344252326,-0.39827149069907675,0.014000220270215592,-1.901406296483172,-0.010117476395300237,1.5261951398150884,0.792807600673538
1692363539063494399,326,0,,-0.14315761077748906,-0.3974256131150992,0.013890699216093207,-1.9005637515032696,-0.010046400568884211,1.5265323766904217,0.792805195370267
1692363539097394853,327,0,,-0.14248694124370415,-0.3965485716482815,0.013267512286722677,-1.8986012246472532,-0.009220155476824388,1.5263674926262636,0.7928092495420551
1692363539131920327,328,0,,-0.14166502105651527,-0.3955139573917129,0.01237615910784816,-1.8956525387157541,-0.007920402906319852,1.5256762695233628,0.7928062586984332
1692363539165675421,329,0,,-0.14084576749799685,-0.39466457095516205,0.011507768179716701,-1.8928289510842717,-0.006624577549470201,1.524877969642074,0.7928059090111945
1692363539199637991,330,0,,-0.14013240419191147,-0.39381329350681976,0.010625275649661672,-1.8899211873071753,-0.0054129846499440856,1.524245296038709,0.7928076057575297
1692363539233568037,331,0,,-0.13942631297438296,-0.39296128771645755,0.00974652108028122,-1.8871026826907948,-0.004181448184076746,1.5236522690300898,0.7928094869797677
1692363539268488587,332,0,,-0.13871769323891234,-0.3920641245677111,0.008933637167081508,-1.8845759801703428,-0.0029699892596366548,1.5229925199395744,0.7928058326513998
1692363539300437100,333,0,,-0.1379737884253296,-0.3911045348590712,0.008065121976765613,-1.8817855358632634,-0.0017713137017683512,1.5222614346453855,0.792811241550228
1692363539334563185,334,0,,-0.13725438298680237,-0.3901566192425926,0.007207019098945437,-1.8789147915891635,-0.0005748930503198843,1.5216470717236652,0.792809839406997
1692363539368422875,335,0,,-0.13653779067543126,-0.3892034690578515,0.006387283149392009,-1.8761974585772514,0.0006182671994906485,1.5210896361205406,0.7928092107989555
1692363539402768216,336,0,,-0.13586377967679455,-0.3883383319884156,0.005617065223896306,-1.8735826468247923,0.0017560500521295274,1.520472742505555,0.7928113987592594
1692363539436173829,337,0,,-0.13516789334274562,-0.3874669395256929,0.004842312920320482,-1.8708889759994876,0.002892072923183234,1.51989991439783,0.7928154832168479
1692363539470940789,338,0,,-0.13446576993312728,-0.3865662279719389,0.004063895943501303,-1.868140435380296,0.003998992424899337,1.5193484145654845,0.7928081492067356
1692363539504253691,339,0,,-0.13377650312084968,-0.385685835868257,0.0032918910403069534,-1.8653198197603977,0.005021793466517212,1.5187667560333686,0.7928082710739682
1692363539538696639,340,0,,-0.13310490561932303,-0.38483500556644434,0.0025169474966717205,-1.8625739312940048,0.006137320639940827,1.518318284875849,0.7928082727768709
1692363539572160820,341,0,,-0.13246189171265887,-0.38398355533911843,0.0018025524708451537,-1.8600121773856984,0.007246753122904016,1.5178382438060862,0.7928087500497667
1692363539606649521,342,0,,-0.1318233601597157,-0.3830762907404524,0.0011066010580385783,-1.8574036872360915,0.008306836166206387,1.517360852541364,0.792808739197177
1692363539640798688,343,0,,-0.13120904962879326,-0.38210667094593465,0.00043519895285959215,-1.8547122082182625,0.009346595540392367,1.51691143576948,0.7928107416123
1692363539674537828,344,0,,-0.13060507613131317,-0.38109108743492187,-0.00027030801508405697,-1.8519916870567898,0.010356287294257678,1.516471197267271,0.7928123522676915
1692363539708714598,345,0,,-0.12999503122787,-0.38013880128385513,-0.0009631844346474492,-1.849464741892018,0.011288437189487239,1.516063137167444,0.7928131195279493
1692363539742578583,346,0,,-0.12940066564818975,-0.37921730872492565,-0.0016425139261756546,-1.8469969896643719,0.012256699365221342,1.51564138119416,0.7928133763276752
1692363539776590162,347,0,,-0.12882899118102872,-0.3782472841959933,-0.0022874715272768,-1.8444521516421464,0.013251518183289636,1.5152296085843844,0.7928119499137136
1692363539810471984,348,0,,-0.12821853889399576,-0.37729325019190524,-0.0028854484135949886,-1.8418525411744096,0.014181850496983046,1.514862156177207,0.7928096706701288
1692363539844653395,349,0,,-0.1276148794941212,-0.37635077295216557,-0.0034752233241035447,-1.8392083174144858,0.015122362568072045,1.5144969638874686,0.7928123011817346
1692363539878469050,350,0,,-0.12707544774825624,-0.3754430016802626,-0.004063951176431739,-1.8366150015399814,0.01604163190633314,1.5141627628988281,0.7928093300681276
1692363539912622904,351,0,,-0.12656897091970876,-0.37459460479121565,-0.004636331468000624,-1.8341884850357935,0.016930477866529778,1.5138517058245191,0.79281003261695
1692363539946607226,352,0,,-0.1260618795837281,-0.3737006766011826,-0.005214612038023497,-1.8317283941994904,0.01776252139860942,1.5135414185347345,0.792815524244978
1692363539980553047,353,0,,-0.12554680905423607,-0.37277662261632033,-0.005796490154751956,-1.8291968130878782,0.018572516623905376,1.5132412086016034,0.7928122671132807
1692363540014312918,354,0,,-0.12503991434557907,-0.37186299091631136,-0.006339066665431448,-1.8265931041544465,0.01943106548767154,1.5129519795271729,0.7928155965909791
1692363540048752392,355,0,,-0.12454341156874224,-0.37094966565477644,-0.006843088375010213,-1.8241114372191511,0.02022742822065494,1.5127221672921531,0.7928034552512854
1692363540082206774,356,0,,-0.12402600207685303,-0.3700552130471601,-0.007331259287946774,-1.8217291099529125,0.02099379825351811,1.5124620874415093,0.7928142242335688
1692363540116250287,357,0,,-0.1234808945832107,-0.36911342800572206,-0.007808135704379612,-1.819352027510644,0.021742561035885576,1.5121938114924816,0.7928077409438566
1692363540150766930,358,0,,-0.12298054218954454,-0.3681187244662141,-0.008277193862448287,-1.8169367083039163,0.02250938843137263,1.5119926961366317,0.7928102082906392
1692363540184723929,359,0,,-0.12252522399324774,-0.36708733266010574,-0.008757034144096594,-1.8144481586700776,0.023234602569526107,1.5117960318080594,0.7928105557085038
1692363540218692608,360,0,,-0.12207294742776514,-0.36609683101250323,-0.009237369450517265,-1.811928505186759,0.023898671023667446,1.5116345045094857,0.7928108817632709
1692363540252313940,361,0,,-0.12159436730430785,-0.3651748797509772,-0.009721042523529698,-1.809567578377922,0.02456330548705599,1.5114497952763524,0.7928107853193826
1692363540288452991,362,0,,-0.12115272694320989,-0.36430267782299935,-0.010169439726099764,-1.8073627654633069,0.02520201257615329,1.5112911842521435,0.7928117056084066
1692363540320547644,363,0,,-0.12068343364573375,-0.3633342479920818,-0.010628060506928255,-1.804937973662471,0.025898217792748254,1.511117044658689,0.7928141751376406
1692363540354247435,364,0,,-0.12022540934979416,-0.36238078081552033,-0.0110218616786832,-1.8025324131384908,0.026549648492009026,1.511014313632927,0.7928144481352463
1692363540388848295,365,0,,-0.11976923033457691,-0.36141848783468644,-0.011416463248463491,-1.8000889968697675,0.027150051030658574,1.5108105233432196,0.7928094593384639
1692363540422658227,366,0,,-0.1193318744762792,-0.3605245920887766,-0.011824320208868604,-1.79777843138237,0.02774034487939971,1.5107614477103164,0.7928106492122122
1692363540456684697,367,0,,-0.11891558269678004,-0.35966140351346726,-0.012228184471311104,-1.7955785656033898,0.02831232421286261,1.5106161878561084,0.7928108699739156
1692363540490877426,368,0,,-0.11850491635831911,-0.3587683893178977,-0.012624337543042648,-1.7933574015587326,0.02888579348281252,1.5105055226148865,0.7928113903088377
1692363540524781161,369,0,,-0.11812741416829367,-0.35782081206391625,-0.0130139579533353,-1.7910403906810002,0.0294645086350878,1.5104689665389697,0.7928116942991039
1692363540558567041,370,0,,-0.1177399741755466,-0.3568570595681788,-0.013394613978698056,-1.7887311824450214,0.02998477914533967,1.5104126894112813,0.7928116769909952
1692363540592753478,371,0,,-0.11734287448933285,-0.35589435914279305,-0.013762407076864956,-1.786359038954322,0.03049053777030105,1.5103416802050387,0.7928085038655616
1692363540626692268,372,0,,-0.11695087953571585,-0.3549650090504739,-0.01410873644367008,-1.7841006483171733,0.030998103279554684,1.5102870781345552,0.7928134007290449
1692363540660663418,373,0,,-0.11656631984173534,-0.3540439425975693,-0.014455650986441606,-1.7819645640554007,0.031472146663782494,1.5102437852482238,0.7928133648735356
1692363540694902806,374,0,,-0.11620650887984264,-0.35305942695827386,-0.014797228325834218,-1.779824105570909,0.03195342743595987,1.5101757546968246,0.7928107908864853
1692363540728730418,375,0,,-0.11583979522628197,-0.3520741339938632,-0.015120063750487904,-1.7776035431615083,0.032450276477115424,1.5101598555119058,0.7928087387980705
1692363540763563570,376,0,,-0.11550355173751795,-0.3511585066003981,-0.015393497909816294,-1.775474721213039,0.03287865155293984,1.5101440821245782,0.7928076188469518
1692363540796687748,377,0,,-0.11512000763915069,-0.35016826224200553,-0.0156875888308158,-1.7731081651987206,0.033341374542264636,1.510136915718507,0.7928151536939864
1692363540830502117,378,0,,-0.11475931177523556,-0.34927155403027416,-0.01595499018288766,-1.770974279247598,0.03375435888063313,1.5101310958464855,0.7928115889896608
1692363540864732739,379,0,,-0.11442012092278936,-0.34838450804261734,-0.016214881729749046,-1.7688769441397068,0.03415235860424358,1.5101341315381613,0.7928109339539798
1692363540898465466,380,0,,-0.11408774643495631,-0.3475067098910437,-0.016494639202013207,-1.7668006142955646,0.03453226399040193,1.510127877686249,0.7928094947237133
1692363540932648570,381,0,,-0.11376637611582809,-0.3465994694692858,-0.01676554709409512,-1.7646659102947224,0.03490552407191999,1.5101320308323476,0.7928054446726331
1692363540966446877,382,0,,-0.11345962183181504,-0.34568838575073696,-0.017005599858791454,-1.7624895564548066,0.035278759107440584,1.5101344573958297,0.7928111341965594
1692363541000683642,383,0,,-0.11314931108020782,-0.34477226964020563,-0.017223255173146226,-1.7602453305227894,0.035644974384682254,1.5101392127895141,0.7928099180841699
1692363541034712609,384,0,,-0.11285131206159571,-0.3438867506896116,-0.01741627803431344,-1.7581258849801433,0.0359942166463097,1.5101490364923669,0.7928140486815922
1692363541070679512,385,0,,-0.11256017111310673,-0.34300056807110635,-0.017608804094458915,-1.756136384891245,0.03631017770978935,1.5101592049375328,0.792813492826809
1692363541102241145,386,0,,-0.11227961320864721,-0.34204979252712825,-0.017786182938672113,-1.754176335887483,0.036584914761420596,1.5101782887594861,0.7928151318881472
1692363541136584224,387,0,,-0.11198660706149846,-0.34106881106638426,-0.017966974872817985,-1.7521316310429746,0.03685959553870012,1.5102410160051616,0.7928108927461203
1692363541170891271,388,0,,-0.11172181271738174,-0.34008335689443603,-0.01815742846190191,-1.7500727361809931,0.0371015483744904,1.5104031538795497,0.7928148122718377
1692363541204724623,389,0,,-0.11145495744085082,-0.33912248980621906,-0.018343013696906437,-1.7479564511763004,0.037351849640405985,1.5104081323590057,0.7928152714894796
1692363541238723741,390,0,,-0.11120133223777152,-0.3382145626599398,-0.01851553710277467,-1.7459185890198854,0.03757589235481546,1.5104927463956201,0.7928109113556528
1692363541272539158,391,0,,-0.1109371906583679,-0.3373316890000937,-0.018670131506288417,-1.7439939073558086,0.03778812951266969,1.5105875370444264,0.792813492361096
1692363541306456555,392,0,,-0.1106698223627967,-0.33644575263196186,-0.01882468019980104,-1.742098873663162,0.038002037381345194,1.510747217922995,0.7928155198852851
1692363541340691591,393,0,,-0.11043084410551977,-0.3355236673046313,-0.01892051953773573,-1.7401431617504157,0.038193322253873556,1.5107937974405645,0.7928137092626543
1692363541374653530,394,0,,-0.11016823411727586,-0.334619787471417,-0.019009356103335966,-1.7381794703147682,0.03838743280703812,1.5109376454667287,0.7928126345480695
1692363541408531032,395,0,,-0.10993529896811254,-0.333747167896876,-0.019118807230460163,-1.7361800768949032,0.03853062556390287,1.511051864467472,0.7928100346434993
1692363541442215766,396,0,,-0.10973356465497525,-0.3328979146793449,-0.019242358300048838,-1.734118406377708,0.03872379519632673,1.5111729100509121,0.7928098258171514
1692363541476559662,397,0,,-0.10952326757772025,-0.3320597088332081,-0.019372557245179008,-1.7321348191858708,0.03885817649574919,1.5113739237976558,0.7928100920351507
1692363541510644840,398,0,,-0.109302999123371,-0.3312167260725916,-0.01949680239336648,-1.7302995689209517,0.0389948248999039,1.5114722657522401,0.7928054386234487
1692363541544706826,399,0,,-0.10908474062104276,-0.3303284184922235,-0.019571768163135172,-1.7285241974639378,0.039134637316445085,1.5116375886242914,0.7928169348448579
1692363541578581970,400,0,,-0.10883013896132003,-0.3293675954847153,-0.01962297761226551,-1.7266446129751314,0.03925369777862606,1.5117826808958819,0.7928093743009663
1692363541612381276,401,0,,-0.10857768274022042,-0.3284063636301509,-0.019661692455032517,-1.7247603879866371,0.03935627347745649,1.5119018893222906,0.7928106866356179
1692363541646992154,402,0,,-0.10834511598327665,-0.3274468314765474,-0.019705411385121475,-1.7228379396672135,0.03945695340321112,1.5120953743738168,0.7928114580437872
1692363541680391200,403,0,,-0.10814796940261344,-0.3265277587632045,-0.019786650051535043,-1.7209221573700515,0.03952560390819801,1.5122432026849864,0.7928154801023974
1692363541714589498,404,0,,-0.10796232029316427,-0.3256620718919806,-0.01987929004904158,-1.7191066729054063,0.039613944056346946,1.5124787925663707,0.7928127613323437
1692363541748555990,405,0,,-0.10776023957662906,-0.324804539803632,-0.01997656572845995,-1.717323754714869,0.039663966580049274,1.5126259400782065,0.7928127821685815
1692363541782199084,406,0,,-0.1075853536141864,-0.32394959351771446,-0.02003771465473103,-1.7156012162939027,0.03970927333686637,1.5128208032781612,0.7928072585822888
1692363541816654367,407,0,,-0.10737143220431535,-0.32305449279087556,-0.02006828774517778,-1.713815106963507,0.039752455365447255,1.5130208370227292,0.792807377953723
1692363541850603172,408,0,,-0.10715198690103322,-0.32216610349988634,-0.020091078130302174,-1.712028840352897,0.039796718852852415,1.5131837435128128,0.7928123903419011
1692363541884543441,409,0,,-0.1069591246194929,-0.32129441356651145,-0.020109214948759353,-1.710180607005921,0.03983318002556214,1.5133975958396624,0.7928068881065609
1692363541918426744,410,0,,-0.1067965204218739,-0.32046888210810787,-0.02014750571863052,-1.7082819373536873,0.03986158639688044,1.513610974582036,0.7928155238889459
1692363541952956178,411,0,,-0.10663239232645327,-0.3196875326066101,-0.020202157887721804,-1.706485538539368,0.039877293321711436,1.5138267636252902,0.7928127849464216
1692363541986492043,412,0,,-0.10646256702006816,-0.3189095063257544,-0.02024875475057663,-1.7047814060652324,0.039887137121002385,1.5140424001582122,0.7928128228429204
1692363542020602709,413,0,,-0.10628588762388515,-0.3180944376205571,-0.020276023273365234,-1.7031541155464027,0.0398893429205725,1.514246426997468,0.7928115824001012
1692363542054531140,414,0,,-0.10612102568003634,-0.3172096891426013,-0.020286771913458863,-1.701493755186153,0.03989053291444071,1.5144598201374198,0.7928094926625486
1692363542088179423,415,0,,-0.1059565981436559,-0.3162825484890395,-0.02029773356802536,-1.6997825096040686,0.03989078022779965,1.5146969958961651,0.7928151240357083
1692363542122618302,416,0,,-0.10581879145815007,-0.3153698253238005,-0.02030093692419127,-1.698076579492577,0.03989269985424148,1.514925536366802,0.7928095840691723
1692363542156370013,417,0,,-0.10567121353541008,-0.31445677210773093,-0.020310545471389524,-1.6962908354309518,0.03989273931464879,1.5151370307514127,0.7928091137405473
1692363542190694278,418,0,,-0.10553691560395954,-0.3135928861047431,-0.020316918052687195,-1.6945582369159298,0.03989114422438459,1.5154009737879213,0.7928131723644343
1692363542224646904,419,0,,-0.10540480944302223,-0.31277404397522846,-0.020321592259043158,-1.69293255923017,0.03989268583025253,1.5156548829755947,0.7928138757491994
1692363542258157268,420,0,,-0.10525966474946814,-0.3119530674776355,-0.020327194248873238,-1.6913563727234382,0.039889214472870686,1.5158980693613644,0.7928126702442272
1692363542292629388,421,0,,-0.10513175737749313,-0.31112575105488927,-0.020332895840243063,-1.6898134565917668,0.03988280508584451,1.5161632061952064,0.7928154865792485
1692363542326556062,422,0,,-0.1050000391620951,-0.31027341231090555,-0.020335382050255688,-1.6881997119380572,0.0398727400727177,1.5164045948906069,0.7928083012271534
1692363542360809180,423,0,,-0.1048561975876581,-0.30943163359449816,-0.02033609239257382,-1.686576320256589,0.039861364858592825,1.516639499121156,0.79281238958411
1692363542394533642,424,0,,-0.10471817786686823,-0.3086316016142237,-0.02033066677135101,-1.684938031515039,0.03984014346403577,1.5169102876432878,0.7928094853909409
1692363542428575436,425,0,,-0.10458098049179372,-0.30785387281734405,-0.020338595227585615,-1.6832800663752134,0.0397895286062992,1.5171592008218007,0.7928106750420958
1692363542462576957,426,0,,-0.10446946869561166,-0.3070918655407326,-0.020332897662640088,-1.681591306172188,0.03968099425533461,1.517415306889499,0.7928121023739968
1692363542496642657,427,0,,-0.10435452209084545,-0.3063389514455045,-0.020335717540042736,-1.679991527819764,0.03963135667198658,1.5176840019349869,0.7928160080799634
1692363542530077761,428,0,,-0.10422037526092234,-0.3055922418036571,-0.020333165760204983,-1.6784930084911787,0.0395352788917613,1.5179226905644163,0.7928116983052572
1692363542564565688,429,0,,-0.10409403891182752,-0.30479241912874894,-0.020334989652315276,-1.6770558810438914,0.03944257208026408,1.5181980050913708,0.7928131596572384
1692363542598636029,430,0,,-0.10398225802642604,-0.3039544378387737,-0.02032616099446027,-1.675585639387702,0.039344147738187785,1.5184601458497418,0.7928140967179567
1692363542634868900,431,0,,-0.10387564147178101,-0.30309798895221124,-0.02032828321288525,-1.6740608984523684,0.0392333357046899,1.5187323104193953,0.7928124602696901
1692363542666226267,432,0,,-0.10377467304967516,-0.30226626914832283,-0.020327536322477593,-1.6725234875890105,0.03912566069474727,1.5190118321155344,0.7928123519088216
1692363542700570630,433,0,,-0.10365726115024883,-0.3014344869506285,-0.020318356599004207,-1.6709511974835987,0.0390154123660058,1.5193067364825097,0.792812742264548
1692363542734625269,434,0,,-0.10355903095544852,-0.3006120746099242,-0.020314714526896774,-1.6693930496294476,0.03888769300677132,1.519599274501238,0.7928137539505586
1692363542768398614,435,0,,-0.10345428725081524,-0.2998245980277115,-0.020302260175966504,-1.6679142474793096,0.03877667596953233,1.5198726617925493,0.7928160018363695
1692363542802636748,436,0,,-0.10334031349604698,-0.29905694400073796,-0.02028612726388547,-1.6664789693347102,0.03863937733331442,1.5201499436795216,0.7928116217831787
1692363542836447892,437,0,,-0.103244620707706,-0.2983026056865085,-0.020267191295983842,-1.6650619149328503,0.03849918489578634,1.520416522406221,0.7928131143895507
1692363542870349954,438,0,,-0.1031674412541813,-0.2975215324194932,-0.020224330113961596,-1.6636805841663345,0.03839302365586051,1.5206992763756313,0.7928105573485987
1692363542904407010,439,0,,-0.10306360232726532,-0.29675679407967803,-0.020173510424680224,-1.6622892657112884,0.03822716792905292,1.5209800311369281,0.792809087231254
1692363542938659769,440,0,,-0.10294224956448877,-0.29598337660891505,-0.020125529197561907,-1.66087105108381,0.038131052540710725,1.521241084414708,0.7928170628670835
1692363542972626089,441,0,,-0.10286503277748614,-0.2952417156641802,-0.02005780134423787,-1.6594173946779673,0.03795427848004411,1.5215341989010998,0.7928124583864574
1692363543006459016,442,0,,-0.10276290289256082,-0.2945183798479816,-0.020022530237335533,-1.6579353149263347,0.03782980947359766,1.521818326246685,0.7928141130279942
1692363543040321583,443,0,,-0.10269150446130523,-0.29382105989397067,-0.019982858860042738,-1.6564099438676165,0.03769148341191832,1.5221137991932812,0.7928108942058747
1692363543074821003,444,0,,-0.10260383393437777,-0.29313246493276124,-0.019951839004583347,-1.6549604207101902,0.037522378405924865,1.5224368835317843,0.792809482687637
1692363543109112713,445,0,,-0.10253141794181278,-0.2924465328490158,-0.01988805278850848,-1.6536003629159577,0.037380596493125334,1.5227184968577248,0.7928141915197069
1692363543142141937,446,0,,-0.10244403810917413,-0.29171438088699164,-0.01981944990627335,-1.652321874828302,0.03720652497107632,1.5230198482702468,0.7928112301674222
1692363543176516290,447,0,,-0.1023348991362132,-0.2909506181727973,-0.01976296279895652,-1.651056400416647,0.037042764518829804,1.523308788416631,0.7928127560585425
1692363543210237689,448,0,,-0.10225201250682073,-0.2901688148586006,-0.019692656448899514,-1.6497928234618207,0.03688511460341858,1.523589110642305,0.7928127952326108
1692363543244455185,449,0,,-0.10217629508694273,-0.28938109109798904,-0.01962932466561974,-1.6484720959967587,0.03670425941847032,1.5238919922318819,0.7928135052873879
1692363543278140774,450,0,,-0.1020819352558031,-0.28862298562117533,-0.019566649869660977,-1.6471312565234755,0.03653984729677176,1.5241591443524718,0.792809479591898
1692363543312170914,451,0,,-0.10201757386497474,-0.2878850661906346,-0.019511195780826836,-1.6458048081779453,0.03634127844006669,1.5244499667238818,0.7928130021195468
1692363543346600238,452,0,,-0.10195785507226802,-0.2871688798781027,-0.019481420897300667,-1.6444020580200185,0.03617294419207905,1.524762247925261,0.7928130418735937
1692363543380587924,453,0,,-0.1018978187107403,-0.28645338788202857,-0.01941819284764074,-1.6430182310791297,0.03597581290923594,1.5250642792263613,0.7928102101789525
1692363543414690002,454,0,,-0.10181885090866498,-0.28576793574523557,-0.019344690677924724,-1.641742684480678,0.03578278980669882,1.5253759263060453,0.7928107853925972
1692363543448420623,455,0,,-0.10174401647879554,-0.28508612400026806,-0.019254823685665383,-1.6405185826228033,0.03558271199039269,1.5256905817145743,0.7928072606847265
1692363543482248962,456,0,,-0.10167031114474072,-0.2843876976016596,-0.019181704758676463,-1.6393129949567942,0.035377375247536515,1.5259911961456638,0.7928127953103081
1692363543516677302,457,0,,-0.10161617718230184,-0.2836730328523629,-0.019113474684156844,-1.6381572475292694,0.03517296658725043,1.5263130783019967,0.7928059106260573
1692363543550651302,458,0,,-0.1015524407494334,-0.282962471082027,-0.0190493395330233,-1.636973286534105,0.03496677035371316,1.5265939524085437,0.7928163426133418
1692363543584177234,459,0,,-0.10150584810760588,-0.28228308870302105,-0.01897672636380241,-1.635733848837474,0.03476482167913123,1.5268992369326366,0.7928087856397033
1692363543618307043,460,0,,-0.10145429164994499,-0.2816300357107544,-0.01888951653661673,-1.634469974388511,0.03454551953679706,1.527205605865607,0.7928162379557377
1692363543654735629,461,0,,-0.10138489295609157,-0.2810086537156206,-0.01881401675395574,-1.6332237473459117,0.03436560574785084,1.5275104683838752,0.7928112645860811
1692363543686794815,462,0,,-0.10133676932243188,-0.28039437181904064,-0.018727376263457798,-1.631954778899484,0.034145765504843065,1.527807980639865,0.7928148791952627
1692363543720151603,463,0,,-0.10129055858403549,-0.279742777159568,-0.018627839892768373,-1.630671463247263,0.03395863434320151,1.5281035117670483,0.7928117480513016
1692363543754762503,464,0,,-0.10123560864078004,-0.27908774772403416,-0.018541068481940138,-1.6294275474825461,0.03373793549234136,1.5284263069940462,0.7928124345873702
1692363543788733956,465,0,,-0.10118047505350417,-0.2784435278767214,-0.01845846345827442,-1.62823831849467,0.03353928409561602,1.5287328974426222,0.792814892277879
1692363543822284802,466,0,,-0.10114715778523045,-0.2777574531768512,-0.018362839822909,-1.6271171211793254,0.03333453030248229,1.5290247218197206,0.7928148922958246
1692363543856733887,467,0,,-0.10109784115880625,-0.2770793057864152,-0.018276315310053297,-1.6260351456781017,0.033115170422150314,1.529303338346285,0.7928131204191453
1692363543890881370,468,0,,-0.10104533058024423,-0.2763941204801937,-0.0181918194621742,-1.6249758582013272,0.0329148334162285,1.5296171372292058,0.7928162358579631
1692363543924642174,469,0,,-0.10100024797195478,-0.2757032828857752,-0.01809160983484084,-1.6238866656278381,0.03270316644125318,1.5298798100748239,0.7928133894887965
1692363543958352816,470,0,,-0.10095582271626831,-0.27501740845453765,-0.017997197314672503,-1.622747648904071,0.03247817612820628,1.530149771384498,0.7928094862509245
1692363543992367508,471,0,,-0.10090897342620044,-0.27435004849463285,-0.017903888090227835,-1.6216057527647587,0.032257055565301306,1.530449296369867,0.7928163540802713
1692363544026548056,472,0,,-0.10087583095594785,-0.27371590434489385,-0.017825570394413338,-1.6204475978756903,0.03204552375301781,1.530716873444586,0.7928066658782632
1692363544060494333,473,0,,-0.10084891425658664,-0.2730983076896519,-0.017728456315379382,-1.6193013801289329,0.03182266575606712,1.5309982753048104,0.7928097275401887
1692363544094592058,474,0,,-0.10079242643179626,-0.2724706337044816,-0.017634202837614733,-1.6181502987199976,0.03160797605497759,1.5312808752831848,0.792811735181683
1692363544128510671,475,0,,-0.10075659987379165,-0.27186495281283213,-0.01754657409942232,-1.617032734983317,0.031381842211265915,1.5315494425235174,0.7928083033866087
1692363544162125269,476,0,,-0.10071217762854215,-0.27125832274590833,-0.01744384133730962,-1.6159490758847663,0.031184575920645635,1.5318211635189916,0.792813503026556
1692363544196775213,477,0,,-0.10067340711557175,-0.2706534164714225,-0.017345637704892135,-1.6149155388719447,0.030973253408314694,1.5321376074786317,0.7928152768390957
1692363544230118139,478,0,,-0.10063543594258766,-0.2700434117145695,-0.01725309219502309,-1.6139040577332693,0.030761580518083177,1.5324074206236047,0.7928133894342722
1692363544264910906,479,0,,-0.10059708360200317,-0.2694494326138417,-0.017163464811849785,-1.6129081120807365,0.030559879655614432,1.5326793003499244,0.7928041769202657
1692363544298313296,480,0,,-0.1005594847416,-0.2688634230974619,-0.01708275200698134,-1.6119160230699339,0.03035506466410383,1.532944477327528,0.7928119421009309
1692363544332620387,481,0,,-0.10052974001080342,-0.26830271426490276,-0.016983759364292368,-1.6109323845609338,0.030140379615794525,1.5332230474139432,0.7928110405497288
1692363544366347506,482,0,,-0.100504418782107,-0.26773735175887153,-0.016867287659535334,-1.6099228902168055,0.029922525739090114,1.5334917869406601,0.7928149170061047
1692363544400123742,483,0,,-0.10045339512959447,-0.2671848872580747,-0.01677219212860226,-1.608910260970553,0.029726758056193986,1.533767438995719,0.7928080769486274
1692363544434235089,484,0,,-0.10042664783427668,-0.2666256086689969,-0.016670846127863397,-1.6078464705867146,0.02950899512520687,1.534027104330961,0.7928133896496377
1692363544468453730,485,0,,-0.10038693106384101,-0.2660691298640225,-0.016571790479287255,-1.606811178915821,0.029278373538466896,1.5342992356979726,0.7928103284728195
1692363544502448602,486,0,,-0.10035356408415601,-0.26549377333313173,-0.016476383979696932,-1.6057380383125477,0.02904232879840655,1.5345572975519042,0.7928105573546446
1692363544536203390,487,0,,-0.10034372780360465,-0.2649109882431382,-0.016380507197792327,-1.6046967658095346,0.028809116175127356,1.534853682209724,0.7928112694308134
1692363544570246226,488,0,,-0.10031892578118523,-0.26431862209375395,-0.016265398731011925,-1.6036350024803394,0.028587107946530903,1.5351016234389374,0.792814219464831
1692363544604288165,489,0,,-0.10029204257035945,-0.2637380739901867,-0.016160014612044915,-1.6026778942732094,0.02838235463793851,1.5353918371001258,0.7928163556953244
1692363544638459759,490,0,,-0.10025833211916109,-0.2631492962429627,-0.016056977530518303,-1.6017664545114962,0.028165944656577794,1.535650424268414,0.7928112301317862
1692363544672133135,491,0,,-0.10021573689511488,-0.2625712699794702,-0.015941605360686423,-1.6008707461478922,0.027970102761489545,1.5359250451279056,0.7928066662914396
1692363544706104190,492,0,,-0.10019026107267634,-0.26197721132198426,-0.01584649941793769,-1.5999884754528784,0.027748561509866584,1.5361807462513877,0.7928105573486729
1692363544740475085,493,0,,-0.10017770688307576,-0.2614066620088956,-0.015763201283548498,-1.5991184456061225,0.0275479546329775,1.5364464137486828,0.7928109175075261
1692363544774287782,494,0,,-0.10014692867563749,-0.26086007822765656,-0.0156826172123214,-1.5982481558467267,0.027336224203026404,1.5366895383071744,0.7928160009689548
1692363544808235742,495,0,,-0.10012735545188875,-0.26029982709515265,-0.015611740456888908,-1.5973341087979358,0.027121612745333434,1.5369529514415892,0.7928098060319021
1692363544842561735,496,0,,-0.10010789130293511,-0.259754954014694,-0.01552034661454917,-1.5964015950568244,0.026920404546186282,1.5372329345302498,0.7928134681234029
1692363544876291567,497,0,,-0.1000853647314514,-0.25922517641079257,-0.015416059347946046,-1.5954682249395091,0.026698466175891354,1.5374488795742378,0.7928142194648338
1692363544910532776,498,0,,-0.10005203964180003,-0.25871951126113846,-0.015335128090329423,-1.5945474986347048,0.026503225389576873,1.537701957633934,0.7928080735626342
1692363544944312744,499,0,,-0.1000267774448872,-0.25819157347485705,-0.015249153400288186,-1.5936378836645733,0.026297243897973138,1.5379643892445578,0.7928152860451436
1692363544978092419,500,0,,-0.10000089509902109,-0.25767272670708485,-0.01515959555940773,-1.5926928279848005,0.026082407869767905,1.53826089753822,0.7928113824595455
1692363545012361895,501,0,,-0.09998111232118159,-0.2571503376521547,-0.015079433355654797,-1.591745895378706,0.025860479573672195,1.53850463629485,0.7928084211241868
1692363545046523981,502,0,,-0.09997633471348873,-0.2566475576580124,-0.01500841045084991,-1.5908361097325134,0.025636503744512238,1.5387812696919347,0.7928084210524038
1692363545080676850,503,0,,-0.09996925752440208,-0.2561845498757144,-0.014920660243400427,-1.5899623032998302,0.025443234151491568,1.539044604966636,0.7928112650708273
1692363545114391234,504,0,,-0.09994480024162783,-0.25572039033707616,-0.01483225616106579,-1.5891466624227406,0.025220567776806407,1.5392984735384942,0.7928105573546556
1692363545148454650,505,0,,-0.09991365433352781,-0.2552437674058055,-0.014743821427943655,-1.5883287366600372,0.025043539385904184,1.5395444352652479,0.7928112689410007
1692363545182699626,506,0,,-0.09989055248159548,-0.2547645167825531,-0.014641211799924878,-1.5875506837040994,0.02484328635336232,1.5397886175198838,0.7928105573546556
1692363545216703348,507,0,,-0.099871713867892,-0.2542780079805072,-0.014552825647912417,-1.5867738310803121,0.024636327869513138,1.5400299188951516,0.7928142194648556
1692363545250594383,508,0,,-0.09985660812480994,-0.2537993725721056,-0.014465170906644714,-1.5860206142668478,0.0244394766200499,1.5402893440706882,0.7928177793644562
1692363545284591443,509,0,,-0.09984005853992378,-0.25331191390773405,-0.014382344307695768,-1.585256787990765,0.024254438003269624,1.5405302848810543,0.7928170677542131
1692363545318395612,510,0,,-0.09983055546521108,-0.2528238690296545,-0.014291795853229466,-1.5844414802678946,0.024054914913456692,1.5407907684039555,0.7928152771603426
1692363545352474720,511,0,,-0.0998207511579668,-0.25233828096128436,-0.014190913906547383,-1.5836258067389586,0.02387001613091422,1.5410076271309243,0.7928149315416813
1692363545386491370,512,0,,-0.09980166355114857,-0.25186736552780986,-0.01409192048774167,-1.5828213392518171,0.023684854293811574,1.541262318860968,0.7928142194648584
1692363545420617563,513,0,,-0.0997892663890542,-0.2513943393424098,-0.013991911741328338,-1.5820074266708366,0.02348589551480577,1.5415258599519752,0.792810568603627
1692363545454531586,514,0,,-0.09977819365918252,-0.25092132526303784,-0.013890553623466693,-1.5812224782018762,0.023290725258344077,1.5417594352860735,0.7928159349250798
1692363545488771644,515,0,,-0.0997711065453946,-0.25043628864474715,-0.013797814795483624,-1.580441883317067,0.023091724974384487,1.5419967731256699,0.7928142325468105
1692363545523396274,516,0,,-0.09974692192271116,-0.24995637820052272,-0.013711272597460761,-1.5796412607261259,0.02290595568253693,1.5422525545628878,0.7928103284708257
1692363545556601827,517,0,,-0.09972455218886321,-0.24948641989470877,-0.013637415294387244,-1.5788351737996396,0.022690039661085785,1.5425118783586331,0.7928098452957038
1692363545590742104,518,0,,-0.09972314970266567,-0.2490018659987954,-0.013556418540505514,-1.5780369102397616,0.022492254701321362,1.5427139911805414,0.7928098447933157
1692363545624650384,519,0,,-0.0997115611518932,-0.24852850628607487,-0.013450866663185889,-1.5772641735289616,0.02229287240420562,1.5429352668651688,0.7928127953101631
1692363545658449038,520,0,,-0.09968273900938217,-0.24806507147956514,-0.013358981965588329,-1.5765283321442871,0.02209189911088615,1.5432031692648909,0.7928135161084844
1692363545692564074,521,0,,-0.09968167665759678,-0.24761545463602588,-0.01326488124308025,-1.5758021807671372,0.021911823388862595,1.5434221903217227,0.7928181099715524
