%time,field.header.seq,field.header.stamp,field.header.frame_id,field.position0,field.position1,field.position2,field.position3,field.position4,field.position5,field.position6
1692875544413498230,24,0,,0.0006721723321339324,-0.7857195881339919,-0.0025362116395989324,-2.3559071731040735,-0.001746359837758877,1.5759225918725723,0.7842079675867875
1692875544423265935,25,0,,0.0006746896758672855,-0.7857189508344744,-0.002533427689418693,-2.3559070913716655,-0.0017450374093734553,1.5759214295487927,0.7842021692486271
1692875544434365194,26,0,,0.0006771953298481529,-0.7857195882670097,-0.002533348779953517,-2.3559124638402182,-0.001748843516740534,1.5759220286380706,0.7842014571718041
1692875544444997440,27,0,,0.0006744193889820636,-0.7857195881458757,-0.002531297133365241,-2.3559071741271436,-0.001746359855799007,1.5759223478749667,0.7842021692486271
1692875544456233319,28,0,,0.0006721840349010749,-0.7857189851745991,-0.0025362117371522702,-2.3559101877751636,-0.001745037409373557,1.575921065977671,0.7842065434352389
1692875544467137188,29,0,,0.0006737690651375493,-0.7857195881581873,-0.002536202945379548,-2.3559101867589742,-0.0017456521446887736,1.5759241093603917,0.7842072951946566
1692875544477628462,30,0,,0.000669408714491833,-0.7857170166133318,-0.0025309219272451225,-2.355910646955557,-0.001744682316846051,1.5759218667210066,0.7842050190287244
1692875544487115621,31,0,,0.0006693970400989549,-0.7857195881494742,-0.0025355015639741984,-2.355907174138808,-0.001745037403359932,1.5759210528930028,0.7842079675888063
1692875544497434023,32,0,,0.0006740585070837536,-0.7857168040861163,-0.0025386384814681355,-2.3559071741271436,-0.0017456477609358535,1.5759243887908172,0.7842093917424272
1692875544507530199,33,0,,0.0006721849857666698,-0.785721733913087,-0.0025362117478427786,-2.3559070642387447,-0.0017456477609359552,1.5759218536696273,0.7842021692486272
1692875544518144514,34,0,,0.0006721840222986812,-0.785716804122455,-0.0025334276894205267,-2.355909216438351,-0.0017463598377588719,1.5759229263329948,0.7842042662336531
1692875544528474643,35,0,,0.0006725587957250804,-0.7857220937996581,-0.0025334276894205493,-2.3559069238216037,-0.0017469701893213718,1.5759210926293574,0.7842057296329341
1692875544538245646,36,0,,0.0006771163842944765,-0.7857217604040402,-0.0025334276894205493,-2.355912463836446,-0.0017450374093734551,1.575924233261614,0.7842007436414311
1692875544549313903,37,0,,0.0006746893508892922,-0.785719116880809,-0.002538638493495184,-2.3559099581869023,-0.0017456477609359552,1.5759229263511687,0.7841997022499623
1692875544559224714,38,0,,0.0006778663689495999,-0.785724477977468,-0.002528406638608911,-2.355909949029536,-0.0017456477609359552,1.5759203612070851,0.7842050175024948
1692875544569647778,39,0,,0.0006746906144542764,-0.7857170436352343,-0.002530922035472652,-2.3559099578475853,-0.0017463598377588719,1.575925049972193,0.784206543435238
1692875544580488738,40,0,,0.0006767472366357611,-0.7857195881472273,-0.0025334276533394017,-2.355911722093993,-0.0017450374093734551,1.575922618035735,0.7842053764204459
1692875544591524891,41,0,,0.0006768211786582111,-0.7857195884729238,-0.0025334276894203455,-2.3559099581450305,-0.0017463598377588719,1.5759225802256807,0.784201008825558
1692875544601049870,42,0,,0.0006793229601772393,-0.7857246263804646,-0.0025333484552232002,-2.3559124638406845,-0.0017461026613083148,1.575921105220836,0.7842064212811891
1692875544611578460,43,0,,0.0006722892690203785,-0.7857167810296315,-0.002536211639594044,-2.3559071741271436,-0.001746970207361507,1.5759230440716714,0.7842054823414907
1692875544621660578,44,0,,0.0006771690284748395,-0.7857195621451045,-0.002533427689418693,-2.355907164969777,-0.0017488435167408395,1.5759250475674802,0.7841991668702964
1692875544632108639,45,0,,0.0006779844099977394,-0.7857220938358499,-0.002530919113064802,-2.355912454683267,-0.0017457661403021858,1.5759210529109586,0.7842002889204711
1692875544643610182,46,0,,0.0006725854275863798,-0.785722435293119,-0.0025387174029457183,-2.3559099581868503,-0.0017456477616042104,1.575921866695086,0.784201457173823
1692875544654329236,47,0,,0.0006739794789834277,-0.7857271051091514,-0.0025362117491793215,-2.355904142818488,-0.0017482331651780376,1.575922697963029,0.7842033772818109
1692875544665580768,48,0,,0.0006747159747327779,-0.7857143075896998,-0.0025334276894205493,-2.3559099610199294,-0.001745647616610932,1.5759218726714654,0.7842096443306138
1692875544675289624,49,0,,0.0006772255296629561,-0.78571958814603,-0.0025309223603679717,-2.3559099581869503,-0.0017456477609335112,1.5759225792565268,0.7842079676412953
1692875544686522922,50,0,,0.0006746120656663161,-0.785717523593488,-0.002533427689422382,-2.3559099581869023,-0.0017467130128708149,1.5759236427706917,0.7842021692486275
1692875544696575081,51,0,,0.000672186943487648,-0.7857145368630974,-0.0025334267152295983,-2.3559099581869023,-0.0017469570557836682,1.5759210979710792,0.7842062064703139
1692875544707585642,52,0,,0.0006771924072917913,-0.7857135964234186,-0.002536211749173822,-2.3559099581869023,-0.0017463598376847328,1.5759210531085976,0.7841999311340841
1692875544717493778,53,0,,0.000674689784257233,-0.785716804183244,-0.002531297133810687,-2.3559099581869023,-0.0017456477609359541,1.57592505869143,0.7842046699950237
1692875544727471928,54,0,,0.0006746929233111164,-0.7857221729515269,-0.0025312969894861017,-2.3559071741271436,-0.0017456477609359552,1.5759221125851886,0.784201496890289
1692875544737343499,55,0,,0.0006769322983463734,-0.7857217348955737,-0.0025334276533369587,-2.3559071741271436,-0.0017476822661442884,1.5759241100242862,0.7842065429513948
1692875544748419235,56,0,,0.000674926434750345,-0.7857170425168138,-0.0025355015639758303,-2.3559099581869023,-0.0017460028449142418,1.5759245898739118,0.7842050128468272
1692875544759540829,57,0,,0.0006724197735173404,-0.785720303730007,-0.0025362117451703053,-2.3559092164752045,-0.0017463598397633314,1.5759229395966396,0.7842065434265987
1692875544770334575,58,0,,0.0006746900021204844,-0.7857220938400361,-0.0025334276894205267,-2.3559071744378923,-0.0017469701893213833,1.575924362794475,0.7842043053180041
1692875544780311524,59,0,,0.000677116420386644,-0.7857195884729244,-0.0025310516376910322,-2.355907174127149,-0.0017450374093734553,1.5759210660310081,0.7842093917424244
1692875544790187568,60,0,,0.0006746906489021281,-0.7857220937996634,-0.0025287914397891477,-2.3559071741271436,-0.0017456477609359554,1.5759261464317496,0.7842039635842937
1692875544801476390,61,0,,0.0006753998483390025,-0.7857242395668699,-0.0025309103333189665,-2.3559071769965594,-0.001746359837758872,1.575925875448026,0.7842007451131499
1692875544811124160,62,0,,0.0006754700006715873,-0.7857227834184027,-0.0025334276892223693,-2.355907174127192,-0.0017463642215116903,1.5759220019310882,0.784205729633156
1692875544822480145,63,0,,0.0006721054419446903,-0.7857195739231448,-0.002533427689420548,-2.3559070917108444,-0.0017463598377836186,1.575922926333979,0.784207980834258
1692875544833154112,64,0,,0.000674689350891354,-0.7857175997957794,-0.0025334276894205493,-2.3559124535523144,-0.0017450505606319104,1.5759254031888164,0.7842079675888561
1692875544843469391,65,0,,0.0006772216325192491,-0.7857195881593504,-0.0025362205168978805,-2.3559101786176226,-0.001746241473781042,1.575921420862611,0.7842057296331557
1692875544859198384,66,0,,0.0006722102168640068,-0.7857196127290436,-0.0025331909610689473,-2.3559071649710215,-0.0017469701886532038,1.5759261459490876,0.7842076143760716
1692875544867908687,67,0,,0.0006743142148004098,-0.7857195881462913,-0.0025334189176929745,-2.355909215987841,-0.001745647760935944,1.5759225920878361,0.7841999312869162
1692875544874425057,68,0,,0.0006746893874099396,-0.7857169100499292,-0.0025362117490307715,-2.3559102385880446,-0.0017463598377588719,1.5759203553751644,0.7842021692486271
1692875544885152046,69,0,,0.0006747686201739247,-0.785719588182812,-0.002530922035637654,-2.355907174114582,-0.0017469701893213718,1.5759218667495776,0.7842072555120618
1692875544896208983,70,0,,0.000672585423577641,-0.7857196715433206,-0.0025362117491793215,-2.3559099581869023,-0.0017450374093734551,1.5759257971474947,0.7842069022993521
1692875544907400293,71,0,,0.0006746985162298934,-0.7857223332007958,-0.0025334276894205493,-2.3559099581869023,-0.0017456477609359552,1.5759210965540134,0.7842100994526177
1692875544916251422,72,0,,0.0006769615241163897,-0.7857195881499293,-0.0025334276894205493,-2.3559092164402116,-0.0017450374093734551,1.575926122690946,0.784199931292824
1692875544926131948,73,0,,0.0006771954341301009,-0.7857223503694458,-0.0025362118574227604,-2.355912466662547,-0.0017456477609359552,1.5759236531791219,0.7841999312928979
1692875544937688306,74,0,,0.0006764588414897781,-0.7857196705636222,-0.00253342768942116,-2.3559068444619635,-0.0017456477609359552,1.575923422372023,0.7842007450949813
1692875544947596200,75,0,,0.0006779051653590401,-0.7857168041238015,-0.0025361854460236445,-2.3559099580361633,-0.0017450374093734551,1.5759245714052383,0.784203242132233
1692875544958323953,76,0,,0.0006739804651835884,-0.7857195882562371,-0.002536211749173822,-2.3559099663510095,-0.0017456477609359552,1.5759262467254485,0.7842061916944731
1692875544969148360,77,0,,0.0006746906462349506,-0.785721860886401,-0.0025362117491793215,-2.3559099243919053,-0.0017456477609359552,1.575923775064467,0.7842035934552095
1692875544979224590,78,0,,0.0006779055021328356,-0.7857168276841939,-0.0025309217109073376,-2.355912463840113,-0.0017443253325505385,1.5759214061259716,0.7842035935662123
1692875544990047674,79,0,,0.0006775304052276982,-0.7857198265645873,-0.002536448477578584,-2.3559099581869023,-0.0017450374093734551,1.5759210528949965,0.7842032458413813
1692875545000404400,80,0,,0.0006749264482626743,-0.7857168129204716,-0.0025334247708567125,-2.355907146655044,-0.0017450374093734551,1.5759225831325596,0.7842043054615647
1692875545011548700,81,0,,0.000674663374246168,-0.7857195881822636,-0.002536211749162846,-2.355907174126988,-0.0017469687280349453,1.5759220236785372,0.7842007450949813
1692875545022469339,82,0,,0.0006746987679031055,-0.785722096852114,-0.0025327175042172616,-2.3559071741271436,-0.0017456477609112083,1.5759210588713677,0.7842065566807156
1692875545032102716,83,0,,0.0006768192188330341,-0.7857177123029954,-0.0025334276773935002,-2.3559099581869023,-0.001745647760935955,1.5759258012929056,0.7842014571720285
1692875545042663082,84,0,,0.0006721840343036958,-0.7857195881352858,-0.002533427689420481,-2.3559099551694396,-0.0017456872147113204,1.575921872742819,0.7842050173948272
1692875545053264810,85,0,,0.0006721869448020548,-0.785719588145875,-0.0025355015639760337,-2.355912463840668,-0.0017443254951344717,1.575922112531166,0.7842035929181693
1692875545064100821,86,0,,0.0006771953298646518,-0.785719597085209,-0.0025362117451703053,-2.355907174162136,-0.001745647760936873,1.575925332312414,0.7842061902225265
1692875545075173943,87,0,,0.0006771167451055247,-0.7857168040861667,-0.0025362116409358595,-2.3559071741271436,-0.0017450374093734553,1.5759236578148657,0.7842079675867875
1692875545085402591,88,0,,0.0006746896747344198,-0.785722103611122,-0.0025362117491774883,-2.3559124363685857,-0.0017456477609359554,1.5759250501499042,0.784205014830926
1692875545096257903,89,0,,0.0006799881571657857,-0.7857168315582713,-0.002533427364690232,-2.3559043900672294,-0.001746359837758872,1.5759229328114095,0.784197566180578
1692875545106392549,90,0,,0.0006722629304606497,-0.7857169100503945,-0.0025287919129960493,-2.3559071741271436,-0.0017450375717346707,1.5759225792744804,0.7842035933488517
1692875545117107246,91,0,,0.0006767223021455929,-0.7857195891276195,-0.0025362117371547166,-2.3559099581869023,-0.0017463598377597887,1.5759237713795256,0.7841989903342389
1692875545128766099,92,0,,0.0006721840142715988,-0.7857243190397462,-0.002533401386264668,-2.3559078628919274,-0.0017450374093734553,1.575921052952822,0.7842076141607308
1692875545139952872,93,0,,0.0006750644495075681,-0.7857198257145309,-0.0025361075094112243,-2.3559099582218948,-0.001746359837758872,1.5759230540828424,0.7842021692306712
1692875545150313513,94,0,,0.000674717277193957,-0.785722094780854,-0.002533427689398755,-2.3559043890498996,-0.0017456477789760904,1.5759210572597342,0.7842065434352389
1692875545160046329,95,0,,0.0006746896765326869,-0.7857242663848885,-0.002536211749179321,-2.355909958186885,-0.001745647760936261,1.5759236783019912,0.7842057296331556
1692875545171152246,96,0,,0.0006771953298481567,-0.7857168037773882,-0.0025334276894205493,-2.3559099581869023,-0.001743164004344079,1.5759262671362397,0.7842043054795097
1692875545181695052,97,0,,0.0006794300831683654,-0.7857196148568744,-0.0025334276894205493,-2.3559071741271436,-0.0017463597836371526,1.5759258900338913,0.7842057296331556
1692875545191527622,98,0,,0.0006725592665426085,-0.7857196234675984,-0.00252841638185476,-2.3559070917108444,-0.0017463598377579555,1.5759225933634877,0.7842072555120618
1692875545202125731,99,0,,0.0006772225946717394,-0.7857168703136987,-0.0025369219343826088,-2.355909958186437,-0.0017456477609359552,1.575921070389523,0.784204663053597
1692875545212555803,100,0,,0.0006779141618935661,-0.7857220938007795,-0.002533418933729039,-2.3559099581869023,-0.0017456477609359552,1.5759242712150492,0.7842046662802894
1692875545223548545,101,0,,0.0006799793936647538,-0.7857196146368283,-0.002533427581127684,-2.3559074292252116,-0.0017456477609359552,1.5759219074126605,0.7842057296392121
1692875545233524228,102,0,,0.0006768201928700827,-0.7857165701921609,-0.0025387174029603823,-2.3559092164445317,-0.0017456477609359552,1.5759222722362942,0.7842061887689791
1692875545244220358,103,0,,0.0006753218889853698,-0.7857168397331157,-0.0025362117491793215,-2.3559099587883607,-0.0017450374093734551,1.5759219080966396,0.7842035932391792
1692875545254258601,104,0,,0.0006715264526597869,-0.7857217352218858,-0.0025334276894205493,-2.355902163809838,-0.0017466906473316527,1.5759229339233867,0.7842079675887786
1692875545265473842,105,0,,0.0006797426574938303,-0.7857249548347275,-0.0025362117491793215,-2.3559092164276443,-0.0017469702066933376,1.5759218819324508,0.784204187796448
1692875545275146954,106,0,,0.0006771954340805425,-0.7857195873403661,-0.002536185446023644,-2.3559099581743403,-0.0017431654655953126,1.5759225962147698,0.7842079675867885
1692875545286283552,107,0,,0.0006746892791725809,-0.785722173272513,-0.002536211749030839,-2.3559071747327893,-0.0017474294554142256,1.5759230511758373,0.7842035929181702
1692875545297289656,108,0,,0.0006771953298459135,-0.785719624448741,-0.0025334247668476954,-2.3559064323804564,-0.0017450374154114783,1.5759229394178342,0.7842072555120592
1692875545308606710,109,0,,0.0006726644394032723,-0.7857177577606376,-0.00253343645712261,-2.355909956826068,-0.0017463598377589061,1.5759250461538816,0.7842050175563327
1692875545318255413,110,0,,0.0006721839879848038,-0.7857203838717689,-0.0025386910999550204,-2.3559071740140665,-0.0017450768631488203,1.5759213118648452,0.7842014704172808
1692875545328980451,111,0,,0.0006769332724643948,-0.7857195911301449,-0.002530895732333496,-2.3559097109380045,-0.001745647815279078,1.5759218667011419,0.7842028797108829
1692875545339358159,112,0,,0.0006792721224852962,-0.7857168041951831,-0.0025362117487338727,-2.3559125403659187,-0.0017463598377597924,1.5759211057053282,0.7842057296331283
1692875545350280612,113,0,,0.0006746906462459231,-0.7857220939086748,-0.002530895732481975,-2.355909958187334,-0.0017456477609359554,1.5759218654033396,0.7842079675887813
1692875545361046405,114,0,,0.0006721870891294203,-0.7857220937996585,-0.0025309220354891725,-2.3559071741271436,-0.001746359891879277,1.5759248114005304,0.7842021692486271
1692875545372505312,115,0,,0.0006746799341730616,-0.7857168012335239,-0.0025308956242385376,-2.355904142818488,-0.0017450374093737609,1.5759254038368662,0.7842065434352389
1692875545382127990,116,0,,0.0006772442542744621,-0.7857223331993352,-0.002536211748732042,-2.3559071741229562,-0.0017450375717346707,1.5759218672395046,0.7842062034680058
1692875545392269214,117,0,,0.0006746809091752396,-0.7857189508385288,-0.0025362117491793137,-2.3559117220939947,-0.001745647760938705,1.5759218812305977,0.7842057296273983
1692875545403170378,118,0,,0.0006746990930175277,-0.785722341097012,-0.0025334247668476963,-2.3559071740099022,-0.001746359837758872,1.5759261507909679,0.7842043054795097
1692875545413531128,119,0,,0.0006746896762247362,-0.785719587187086,-0.002533427689371055,-2.3559099581869,-0.0017450374093734553,1.57592294561158,0.7842008512223186
1692875545424470582,120,0,,0.000677195329848155,-0.7857242395668643,-0.002536211749179321,-2.3559099581869023,-0.001746359837758872,1.5759219061045189,0.7842010983627984
1692875545434449173,121,0,,0.0006746896760652593,-0.78571958829123,-0.002533340012234958,-2.3559099580738483,-0.0017456477609359554,1.575921866857259,0.7842072556815689
1692875545445503834,122,0,,0.0006771953659286432,-0.7857168053943123,-0.002536211748684381,-2.3559099581869014,-0.0017476822661442887,1.5759213019346123,0.784210103819251
1692875545455467573,123,0,,0.0006771953298487651,-0.7857203959564464,-0.002534081193569451,-2.3559071741271436,-0.001745649222186895,1.5759222199120133,0.7842057302872533
1692875545466297070,124,0,,0.0006772050715802288,-0.7857217342446958,-0.002536185433996595,-2.355904390067385,-0.0017457661222702997,1.5759219059429366,0.7842017767900644
1692875545477352459,125,0,,0.0006747159787968536,-0.7857195881579898,-0.0025334273284605357,-2.355904466596805,-0.0017474250903618848,1.575922926871789,0.7842014576601619
1692875545487285428,126,0,,0.000679979390052365,-0.7857220937996581,-0.00253340236044971,-2.3559071741284394,-0.0017450374274136018,1.5759225531104752,0.7842028813258722
1692875545497666373,127,0,,0.0006746896760652668,-0.785722306217857,-0.002536132839283341,-2.355904466596805,-0.0017450359480873344,1.575924603915819,0.7842065478503978
1692875545507420336,128,0,,0.0006746896760652593,-0.7857220939122714,-0.0025387177263561872,-2.3559071741284394,-0.0017456477609112083,1.575921871277379,0.7842057281796803
1692875545518174818,129,0,,0.0006746916243939307,-0.7857206216201006,-0.002536211749181147,-2.3559071741271436,-0.0017424913812965274,1.575921985078704,0.7842069010630994
1692875545529244309,130,0,,0.0006771953298591525,-0.785719588151709,-0.0025334276894205493,-2.3559124638406854,-0.0017450373915555999,1.5759243627890867,0.7842072687595574
1692875545539215474,131,0,,0.0006724197721808309,-0.7857228384897877,-0.002533401386264872,-2.3559071741271436,-0.0017456477609356536,1.575918806058838,0.7842086801564018
1692875545549119811,132,0,,0.0006771943596496483,-0.7857195969888041,-0.002533427580731664,-2.3559072506565637,-0.0017463598377588719,1.5759218687428265,0.784202207531515
1692875545560245202,133,0,,0.0006721843109201438,-0.7857228179947792,-0.0025334276894199356,-2.355904948887504,-0.0017450374093734551,1.5759243495988073,0.7842056903875151
1692875545570352635,134,0,,0.000674611740776323,-0.7857195969884571,-0.0025362117491793215,-2.355907182592728,-0.0017452926683343118,1.5759214061615423,0.7842014586428592
1692875545581500971,135,0,,0.0006686901016047608,-0.785719597196294,-0.0025334276894205493,-2.355907174127191,-0.0017456477589314471,1.5759230482706326,0.7841992192160834
1692875545591452810,136,0,,0.0006746925865633248,-0.7857195881460283,-0.0025362117491793215,-2.3559071741271436,-0.001746359837758838,1.5759264584682644,0.784199931292898
1692875545601623099,137,0,,0.0006771953298974436,-0.7857244010744715,-0.0025387086352436574,-2.3559071826304123,-0.0017456477609359552,1.5759210923781268,0.784206543435239
1692875545611429563,138,0,,0.0006750689956555253,-0.7857191883109812,-0.002533424766699214,-2.3559071741272875,-0.0017450374093734551,1.5759222433513227,0.7842079675887814
1692875545622407311,139,0,,0.0006723944312128856,-0.7857242941429712,-0.002536211713081676,-2.3559071720194953,-0.0017476822661442884,1.5759211052275315,0.784206543435239
1692875545633216151,140,0,,0.0006772206618970986,-0.785719436705033,-0.00253621174917871,-2.3559099581868663,-0.0017456433770766757,1.5759229655799583,0.784203593402687
1692875545642310033,141,0,,0.000676820518023417,-0.7857196146342635,-0.002530922035637655,-2.3559071741271436,-0.0017450374092992142,1.5759220023783853,0.7842002889207667
1692875545653321007,142,0,,0.000674314875840187,-0.7857175193420031,-0.0025334276894205493,-2.355909957882733,-0.001745037409373455,1.575923397284261,0.7842065434917659
1692875545664444552,143,0,,0.0006722639525945976,-0.7857170691087024,-0.0025387174029622163,-2.3559099636377137,-0.0017463598377588719,1.5759243511686567,0.7842042662336535
1692875545674432790,144,0,,0.000677195331201781,-0.7857203828789602,-0.0025334276894205493,-2.35591177723245,-0.0017450374093734551,1.5759243497623228,0.7842035934020223
1692875545685521104,145,0,,0.0006774408214964461,-0.7857253235439822,-0.0025362117491793215,-2.3559099581971705,-0.0017450374093734551,1.575921053611471,0.7842039920032299
1692875545695185932,146,0,,0.0006749264043120991,-0.7857196767883637,-0.0025362117491793215,-2.355904390067385,-0.0017469701893213718,1.575921300182611,0.7842091596763682
1692875545705315589,147,0,,0.000674689680074273,-0.7857198265659552,-0.002533190961019453,-2.3559071741271436,-0.0017450374093734551,1.5759224788437636,0.7841999313130861
1692875545716037122,148,0,,0.0006799797504118401,-0.7857242237063486,-0.0025334276880842103,-2.3559071996369503,-0.0017463598377588719,1.5759228578616056,0.7842011096104979
1692875545726315523,149,0,,0.0006721840222884747,-0.7857246025419665,-0.0025355582450303886,-2.3559099307152347,-0.0017456477609359552,1.5759225962192382,0.7842028813079189
1692875545737505728,150,0,,0.0006757785184690566,-0.7857217340221206,-0.002536211652962931,-2.3559064324152907,-0.0017463593506633964,1.5759218817152036,0.7842014571718041
1692875545747686107,151,0,,0.0006746870542229836,-0.7857220938359984,-0.002530922035636025,-2.3559043900548238,-0.0017450374093652063,1.5759261239812135,0.7842007450949813
1692875545757248327,152,0,,0.0006799793895625248,-0.7857168305770701,-0.002536211424449004,-2.355907174127143,-0.0017456609121944103,1.5759235750487723,0.7842065434352389
1692875545768157967,153,0,,0.0006771950051178368,-0.7857195912348188,-0.002536445555005731,-2.3559071741271436,-0.0017463598378331113,1.5759250504734732,0.7842065434352389
1692875545778709629,154,0,,0.0006721840222768652,-0.7857191863641749,-0.0025361854499831664,-2.3559071741271436,-0.0017463598377588732,1.5759257971475769,0.7842057428786323
1692875545789195254,155,0,,0.0006725591565358864,-0.7857168075154074,-0.0025362117490308617,-2.3559099581492178,-0.001746970189321372,1.5759242318255584,0.7842057296332304
1692875545800077681,156,0,,0.0006743145631407634,-0.7857195621455143,-0.0025362117491793206,-2.355909958186902,-0.001746970189321372,1.5759210572715985,0.7842039579182034
1692875545811185971,157,0,,0.000672184058363261,-0.7857193629723321,-0.0025369219343826088,-2.35590995913171,-0.001746359837758872,1.5759210535390988,0.7842072554941169
1692875545821115064,158,0,,0.000674689676065463,-0.7857223420647688,-0.0025334276934295655,-2.355907174127149,-0.0017456477609359554,1.5759226965094824,0.7842062133186123
1692875545831681386,159,0,,0.0006771167451055247,-0.7857196981474942,-0.002533427689420617,-2.3559098482985035,-0.0017450374093734553,1.5759226961884616,0.7842007448796489
1692875545842428872,160,0,,0.0006715304788847342,-0.7857198269284625,-0.0025333912113816057,-2.355907174126523,-0.0017456477609359554,1.5759227372633837,0.7842072599272196
1692875545852295390,161,0,,0.0006795626068228077,-0.7857199907163589,-0.0025334276888027904,-2.3559073945580384,-0.001746359837758872,1.575921406592913,0.784205572649804
1692875545862757294,162,0,,0.0006772304401736667,-0.7857220950722372,-0.002533427689420539,-2.3559043076548187,-0.001746970189321372,1.5759229263392054,0.7841999312902395
1692875545873552758,163,0,,0.0006746900009878605,-0.7857217339494328,-0.0025362117491793215,-2.35590971093754,-0.0017456477609359554,1.5759254031888164,0.7842014571718041
1692875545884254611,164,0,,0.0006725854231338334,-0.7857217372320268,-0.0025383423047891833,-2.355907174125748,-0.001746359837758872,1.5759252215090176,0.7842041484960832
1692875545894401688,165,0,,0.0006750384354469066,-0.785716883595371,-0.002530922071718801,-2.3559092164402116,-0.001746359837758872,1.5759210718459697,0.7841999312902395
1692875545905608817,166,0,,0.00067506476206256,-0.785719600029097,-0.0025334247668478997,-2.3559043900631975,-0.001746359837758872,1.5759219078791167,0.784204309733163
1692875545916310254,167,0,,0.0006754024340956988,-0.7857165730262023,-0.0025331909610029554,-2.355909966690171,-0.0017467130128708149,1.5759219076100661,0.7842021692486512
1692875545926337233,168,0,,0.00067468092041732,-0.7857223351577632,-0.0025335065948785644,-2.3559071740142334,-0.001746359855799007,1.575923679110138,0.7842050366294052
1692875545937607667,169,0,,0.0006694087661135232,-0.7857195884742862,-0.0025334276898659725,-2.3559099581869014,-0.0017456477609360571,1.5759218803216015,0.7842035935904371
1692875545948538859,170,0,,0.0006772742018465099,-0.7857221206176618,-0.0025334189217019925,-2.3559071826304123,-0.0017456477609359554,1.5759210528930794,0.7842021707203478
1692875545958106709,171,0,,0.0006721840236180687,-0.7857203034020664,-0.002533427689272067,-2.355909958187046,-0.0017456477609359554,1.5759217724003742,0.7842007450950063
1692875545969226017,172,0,,0.0006771953298481616,-0.7857143075937375,-0.0025334276894205484,-2.3559101877751636,-0.0017456609121944103,1.5759218710597984,0.7842061902225291
1692875545979338103,173,0,,0.0006771954380896216,-0.7857223410487099,-0.0025362117491793215,-2.35590644088761,-0.001745037409596173,1.5759258928665438,0.7842072555060802
1692875545989987448,174,0,,0.0006746896760658703,-0.7857170513364088,-0.0025362117491793215,-2.355907174157997,-0.0017456477609359565,1.5759262330697708,0.7842072555120618
1692875546001197581,175,0,,0.0006793257384094698,-0.7857203031910319,-0.0025334276894205493,-2.355910646951686,-0.0017456477609359554,1.5759210674491335,0.7842072555120618
1692875546011165292,176,0,,0.0006746893874135984,-0.7857244779975583,-0.002530922035637655,-2.3559099581985663,-0.001746359837758872,1.5759219104633455,0.7841972186192869
1692875546022561745,177,0,,0.0006754086880510698,-0.7857198269049618,-0.002533427364690232,-2.3559099581869023,-0.0017456477609359554,1.575926334775278,0.7842050174785707
1692875546033414590,178,0,,0.0006768250677239209,-0.7857221026313234,-0.002533427689418716,-2.3559071741271436,-0.001746359837758872,1.5759227009405736,0.7842126236387212
1692875546044081105,179,0,,0.0006771971819877349,-0.7857242405480661,-0.0025334247668476963,-2.3559071741271436,-0.0017456477609359554,1.5759229470053275,0.7842065434534832
1692875546054439413,180,0,,0.0006721843470381331,-0.7857203034379677,-0.002533418921652496,-2.3559071741271436,-0.0017456521446887736,1.5759214237160568,0.784200705849125
1692875546064540624,181,0,,0.0006744529476696633,-0.7857168051883925,-0.002528416381706277,-2.3559071741271436,-0.0017463598378331113,1.5759209881355436,0.784205729632491
1692875546074535261,182,0,,0.0006721840182733484,-0.785721734894252,-0.0025355015639760316,-2.3559071741271436,-0.0017463598377588732,1.5759236427695924,0.7842042923975575
1692875546085275127,183,0,,0.0006724119786532,-0.785721761397305,-0.0025362117451703053,-2.3559043076510857,-0.0017456477609359554,1.575924004872212,0.7842021692485533
1692875546095904741,184,0,,0.0006746897802977105,-0.7857222552108104,-0.0025309220356358217,-2.355912463803001,-0.001746970189321372,1.5759222205598764,0.7842043054795097
1692875546106433026,185,0,,0.0006721840583628754,-0.785719826461528,-0.0025331821919645555,-2.355907173787982,-0.0017450374093734553,1.57592130069311,0.7842043056430342
1692875546117615447,186,0,,0.000680036018921364,-0.7857196150742386,-0.0025362117477934812,-2.3559099581869005,-0.001746970189321372,1.5759251635683775,0.7842035934026879
1692875546128059724,187,0,,0.0006768143637068503,-0.7857182092537555,-0.0025334539925762184,-2.355907174232122,-0.0017456477609359554,1.5759218843716407,0.7842046631073785
1692875546138023199,188,0,,0.000677056952941203,-0.7857203829601366,-0.002530922036083101,-2.35590995807385,-0.0017460043061651813,1.5759225789337137,0.7842072555181183
1692875546149149051,189,0,,0.0006746896894286066,-0.7857198265689408,-0.0025362029814607646,-2.3559071741271427,-0.0017450374113861635,1.5759248054786674,0.7842072555120619
1692875546160330473,190,0,,0.0006771164203811976,-0.7857168041238008,-0.0025310604053600974,-2.3559077329468305,-0.0017456477609359667,1.5759236558606171,0.7842086796656043
1692875546171034835,191,0,,0.0006721843465613207,-0.7857203034016125,-0.0025362117358159334,-2.355909958174341,-0.001746359837758872,1.575921464415308,0.7842072162662053
1692875546181174215,192,0,,0.0006747715066201792,-0.7857220939207871,-0.0025309220356374285,-2.355909958186902,-0.0017443647863259037,1.5759261459539797,0.784205769368921
1692875546191461214,193,0,,0.0006771963054071692,-0.7857246025058984,-0.002531297133810687,-2.3559071741271436,-0.0017463598384270251,1.5759210529654721,0.7842065434359119
1692875546201533681,194,0,,0.0006746896760817804,-0.7857199035276963,-0.0025362117130981747,-2.3559071740140896,-0.0017464781990849788,1.5759225933074126,0.7842061001402063
1692875546211781168,195,0,,0.0006725854231319994,-0.7857195911418036,-0.0025334276894199382,-2.355907173109656,-0.0017456477629404147,1.5759251652853572,0.784202169303138
1692875546222460459,196,0,,0.0006753998725354307,-0.7857203152844024,-0.002534081193569459,-2.355909958291875,-0.0017463598377588834,1.5759222247715838,0.7842028945713408
1692875546233163499,197,0,,0.0006771953338572339,-0.7857228090595,-0.0025362117371522724,-2.355912254069516,-0.0017456521446887736,1.5759222394519927,0.7842021692487019
1692875546243162790,198,0,,0.000675408615892446,-0.7857168070416685,-0.00253658684735215,-2.3559049489259527,-0.0017450374094476946,1.5759230592586226,0.7842046662862929
1692875546254136594,199,0,,0.0006768231194480728,-0.7857220518045424,-0.0025387173909351673,-2.355909958174341,-0.0017456477609359556,1.5759237561543402,0.7842007452645622
1692875546265259893,200,0,,0.0006799530984945989,-0.7857168050811701,-0.0025309220356375868,-2.3559071826304123,-0.0017452925059691531,1.5759225787785551,0.7841992192160759
1692875546275598505,201,0,,0.0006744529472189212,-0.7857196676187516,-0.002533190961019453,-2.3559071741272875,-0.0017452926623180375,1.5759225966990287,0.784206543435239
1692875546286265935,202,0,,0.0006771956532362152,-0.7857203387233319,-0.002530843124834284,-2.3559092164402116,-0.00174635983575433,1.5759232845526994,0.7842035935662114
1692875546296203488,203,0,,0.0006721586933053713,-0.7857223587219013,-0.002535479334227018,-2.355909710925444,-0.0017450374093734213,1.575921990432374,0.7842040765976768
1692875546307467775,204,0,,0.000672560094485622,-0.7857177665922459,-0.0025334277010021443,-2.3559071741257473,-0.0017463598377588719,1.575925047117558,0.7842072599092758
1692875546318130473,205,0,,0.0006771953178266037,-0.785719615623408,-0.0025362117491793865,-2.3559099608705867,-0.0017463598377588719,1.575922578951368,0.7842060950904941
1692875546329377963,206,0,,0.0006746898203871481,-0.7857195891271765,-0.0025338444651683634,-2.3559099581869174,-0.0017463598377588719,1.5759265845703334,0.7842049782918664
1692875546340280214,207,0,,0.0006772235808542421,-0.7857118722877544,-0.002536211735815934,-2.3559071741271436,-0.001748843516740534,1.5759222201411556,0.7842033645206293
1692875546350176779,208,0,,0.0006721830485698467,-0.7857196676200812,-0.002534081193569233,-2.3559099581869023,-0.0017463603789629237,1.5759218681546219,0.7842079546165184
1692875546360307733,209,0,,0.0006721840222658746,-0.7857196651104114,-0.0025387173668810696,-2.3559071741271436,-0.0017456477609451206,1.575926571488405,0.7842014573351089
1692875546371173346,210,0,,0.000672183012010267,-0.7857195999357826,-0.0025334276894203455,-2.355904390067385,-0.0017450754018623939,1.5759257635184432,0.7842039632612834
1692875546381590370,211,0,,0.0006721840222652554,-0.785722094781004,-0.0025334276894205493,-2.3559099580738483,-0.0017443253331939448,1.5759250981527224,0.7842094050424038
1692875546391087263,212,0,,0.0006725006285747947,-0.7857242398939353,-0.0025334276894205493,-2.355905078832167,-0.00174649183742708,1.575925811522381,0.7842046685417013
1692875546401233723,213,0,,0.0006746633782713374,-0.7857221203269554,-0.0025327175042172616,-2.3559099581985663,-0.0017463603270779446,1.5759219076107454,0.7842021707023771
1692875546412641193,214,0,,0.0006771953296997022,-0.7857228885284047,-0.002533190957010437,-2.3559099581869023,-0.0017456477609387175,1.57592187170199,0.7841999312929061
1692875546422569198,215,0,,0.0006746779857738447,-0.7857195969896515,-0.002533427685411465,-2.3559070917108444,-0.0017456477609359554,1.5759219190229796,0.7842014570102986
1692875546432476105,216,0,,0.0006716316515034864,-0.7857217467771563,-0.0025362029814606944,-2.3559124638392897,-0.0017456477609359554,1.5759218108641382,0.7842065390745855
1692875546442179205,217,0,,0.0006747062274779034,-0.7857195882914478,-0.0025308431260221407,-2.355906432380453,-0.001746359837758872,1.5759227139786998,0.7842065434351652
1692875546453482294,218,0,,0.0006694009367902334,-0.7857196156179754,-0.0025309210610012563,-2.355912463836498,-0.0017456477609359554,1.575921880262318,0.7842054837971096
1692875546463935394,219,0,,0.0006746906502549661,-0.7857175193423188,-0.0025334276894040434,-2.3559099581869023,-0.0017450374093734553,1.5759210574153886,0.7842072554941169
1692875546475585880,220,0,,0.0006708425469760592,-0.7857221830880193,-0.0025362117491793215,-2.3559099581869023,-0.0017456477609359554,1.5759230963986197,0.7842057296876638
1692875546486643325,221,0,,0.0006746117382472124,-0.7857168130256182,-0.002536586847352354,-2.355910034678638,-0.0017488303651626953,1.5759229396507675,0.784207255512062
1692875546497562824,222,0,,0.0006768203006715203,-0.785717043812941,-0.0025334276773935002,-2.3559099490299675,-0.0017463730069832211,1.575923392633884,0.7842057296331557
1692875546507088175,223,0,,0.0006694003233303099,-0.7857221233471264,-0.002535238532419057,-2.35591246384053,-0.0017450374095964772,1.575921997514609,0.784206543435239
1692875546518181591,224,0,,0.000674686645251004,-0.7857193542516377,-0.0025309217054135004,-2.355901606007626,-0.0017456477609359565,1.5759240309231783,0.7842054837971096
1692875546528190785,225,0,,0.0006779152437971533,-0.7857196146328672,-0.0025362029814551697,-2.355903401071797,-0.0017450374093734553,1.575923677680487,0.7842014571538591
1692875546538598007,226,0,,0.0006728669293957938,-0.7857220938001065,-0.002533427689272067,-2.355904412507987,-0.001746970189321372,1.575925203257533,0.7841999357080566
1692875546548948063,227,0,,0.0006771602705390096,-0.7857198651562131,-0.002536211749179319,-2.3559124638410656,-0.0017450374093734553,1.5759219192409055,0.7842021692487019
1692875546559096909,228,0,,0.0006746925983869709,-0.7857168129543365,-0.002533190961019453,-2.355907174089459,-0.0017461026613083148,1.5759218668568882,0.7842028811643584
1692875546570092844,229,0,,0.0006747159787583578,-0.7857175232664892,-0.0025387174016258773,-2.3559091340239124,-0.0017467130188841933,1.5759225836170772,0.7842021692486262
1692875546580417388,230,0,,0.0006744500255367489,-0.7857191922086723,-0.0025334276894205267,-2.3559076187784322,-0.0017456477789761923,1.5759221130157306,0.784207613303455
1692875546590399636,231,0,,0.0006768172662386582,-0.7857196089539172,-0.0025362117491793215,-2.3559099581944323,-0.0017456482480199074,1.5759219103195468,0.7842083284017272
1692875546601347414,232,0,,0.000672262942322479,-0.7857195922159331,-0.002541223056745111,-2.3559071741271436,-0.001745647760938705,1.5759218687949048,0.7842094271242628
1692875546611533088,233,0,,0.0006721840236188823,-0.7857243190397984,-0.002534081193569459,-2.3559099581869023,-0.0017456477609359554,1.5759225787719444,0.7842014571724034
1692875546621724004,234,0,,0.0006721840222823871,-0.7857203034392969,-0.0025387173668810696,-2.355906456361737,-0.0017456477609359554,1.5759250456094742,0.784202881325864
1692875546632559183,235,0,,0.0006747159787418612,-0.7857195910933521,-0.0025334276894203455,-2.3559123810968887,-0.0017456477609359554,1.575924390423818,0.7842028682439117
1692875546642604016,236,0,,0.0006746896800742025,-0.7857195881463243,-0.0025334276894205493,-2.355909949016924,-0.0017456477609359554,1.5759245898894436,0.7842079675867875
1692875546653288194,237,0,,0.0006744525868527027,-0.7857196764490525,-0.0025334247668476963,-2.3559099580738425,-0.0017450375717346707,1.5759264715504657,0.7842053878994449
1692875546664002711,238,0,,0.0006772242289756859,-0.7857196147463429,-0.002538717511189157,-2.3559099581869014,-0.0017469701893222886,1.5759227537084497,0.7842021649061458
1692875546674073528,239,0,,0.0006721840227717738,-0.7857227935516667,-0.002533427689422382,-2.3559099581869023,-0.0017456477609359554,1.5759242318103532,0.7842014571717306
1692875546685575409,240,0,,0.0006750618516654419,-0.785722344991235,-0.002530921061446704,-2.3559071741271436,-0.0017450374093734553,1.5759218861475361,0.784202763588294
1692875546696156320,241,0,,0.0006772217287226767,-0.7857221027767486,-0.0025334276894150498,-2.3559099551344467,-0.001746359837758872,1.5759262294455065,0.7842036034685845
1692875546706348568,242,0,,0.0006746896765123265,-0.785719588146027,-0.0025362117491793215,-2.3559071741270916,-0.0017456477609359554,1.575923639129944,0.7842021687522217
1692875546717710431,243,0,,0.0006793376449728685,-0.7857217378376725,-0.00253342758117711,-2.3559071741271436,-0.0017459984610549623,1.575922028583501,0.784205729687661
1692875546727211976,244,0,,0.0006721840585626593,-0.7857168845765276,-0.0025362117491774883,-2.355907173787982,-0.0017456477668750926,1.5759222435149012,0.7842050175563337
1692875546737577983,245,0,,0.0006746896760658737,-0.7857203298939287,-0.0025334276894205493,-2.355907171074682,-0.0017460028449143425,1.5759218686533163,0.7842086796656043
1692875546747432613,246,0,,0.0006746925985848817,-0.7857169100624908,-0.0025334276894205493,-2.3559071744420277,-0.0017456477669493338,1.5759219117551768,0.784199219216075
1692875546758165416,247,0,,0.0006749276990687842,-0.785714308353412,-0.0025362117491793215,-2.355907865726352,-0.0017469701893214058,1.5759218666953403,0.784206543435239
1692875546769571538,248,0,,0.0006743145765112553,-0.7857203859269836,-0.0025362117491793215,-2.355907091375587,-0.0017443253325505387,1.5759214063210532,0.7842021692486272
1692875546780334122,249,0,,0.0006746900128167027,-0.7857196179118198,-0.0025362107749883705,-2.3559120241766185,-0.001744325819634185,1.575925291447515,0.7842010088275518
1692875546790170386,250,0,,0.0006744530559113339,-0.7857228356558688,-0.002533427689404051,-2.355907174162131,-0.0017456492221951435,1.5759254163365672,0.7842014571159751
1692875546801522385,251,0,,0.0006747159774061335,-0.785720551090762,-0.0025334276894205493,-2.355904390067385,-0.0017469701893296208,1.5759222435321976,0.7842014199979292
1692875546812454250,252,0,,0.0006744500252397823,-0.7857189528022033,-0.0025334247668476963,-2.3559099581869023,-0.0017450374093734553,1.575921092630097,0.7841975661803835
1692875546823126399,253,0,,0.0006724100662901387,-0.7857244881360914,-0.002531632220824444,-2.3559078628919274,-0.0017443253866709437,1.5759237981685703,0.78420322709008
1692875546833013507,254,0,,0.0006746108362343031,-0.7857220948213526,-0.0025309220476647035,-2.3559071731213224,-0.0017482331651789502,1.5759218710626055,0.7842035933964834
1692875546844078648,255,0,,0.0006771953294031008,-0.785719588254897,-0.0025362117852605354,-2.355907732833771,-0.0017450388886645297,1.5759243495449853,0.7841995779186826
1692875546854602885,256,0,,0.0006775080393945165,-0.7857242434914573,-0.0025309210614473145,-2.355907174089457,-0.0017476822661693404,1.5759229134685977,0.7842073747153671
1692875546865337775,257,0,,0.000674452949429418,-0.7857196680646398,-0.002530211850428868,-2.355912463840685,-0.0017456477609359554,1.575921911814888,0.7842075241310006
1692875546875313277,258,0,,0.0006771954340806352,-0.7857195879824006,-0.0025362107629613214,-2.3559099581869023,-0.0017456477609359554,1.5759237958787458,0.784206543489747
1692875546886201598,259,0,,0.0006747948867722553,-0.7857219733128115,-0.002535502538161418,-2.355904390067385,-0.001746970189321372,1.5759251028431562,0.7842046699950267
1692875546897235570,260,0,,0.0006771865627235124,-0.7857219736533255,-0.002538717398958699,-2.355904948887072,-0.0017456477609359554,1.5759219074665962,0.7842072511454294
1692875546908413451,261,0,,0.0006771953297986633,-0.7857228885417211,-0.0025334276894205267,-2.355907174114582,-0.001747420705834452,1.5759225792566556,0.7842065434352142
1692875546919071353,262,0,,0.0006774323786619735,-0.7857191971067113,-0.002536211424449004,-2.355912101010675,-0.0017469701953100032,1.5759230686183445,0.7842065434352389
1692875546930454868,263,0,,0.0006754086172305257,-0.7857243553919943,-0.002534081193567626,-2.3559099551465432,-0.0017463598377589057,1.5759214119226785,0.7842057259266025
1692875546941045533,264,0,,0.0006772216005020536,-0.7857198285576831,-0.0025334275691500613,-2.3559099551344294,-0.0017456477609359554,1.5759250458268417,0.7842079675887604
1692875546952365226,265,0,,0.0006771164205294207,-0.7857165710651995,-0.002533664417820966,-2.3559099666901537,-0.0017456477609359554,1.5759218673590547,0.7842057296331556
1692875546962830866,266,0,,0.000677169133597608,-0.7857222010677198,-0.0025334276934295655,-2.3559071741272875,-0.0017456477609359554,1.5759187315487222,0.7842014571718041
1692875546973211003,267,0,,0.0006721841303759533,-0.7857231272744883,-0.00253092171090736,-2.3559099581869023,-0.0017450374093734553,1.5759229727201627,0.7842007450949813
1692875546982932714,268,0,,0.0006746117407732654,-0.785722099651549,-0.002536211640930383,-2.355904390067385,-0.0017456433770766757,1.5759258797911893,0.7841999332551908
1692875546994079999,269,0,,0.0006744558697438389,-0.7857228124349326,-0.0025309220356370433,-2.3559096834659057,-0.0017456477609112083,1.5759255166322235,0.7842043054795208
1692875547005302575,270,0,,0.0006746896747454158,-0.7857221998765438,-0.002531297133810687,-2.3559099581476666,-0.0017450374093734551,1.575924570131801,0.7842021692486272
1692875547016720560,271,0,,0.0006721931145656268,-0.7857168309410558,-0.0025335065868605324,-2.355907174127143,-0.0017450374093734551,1.5759219888537892,0.7842007450949814
1692875547026119711,272,0,,0.0006693695842997957,-0.7857203063455064,-0.002530843127506758,-2.355909875770603,-0.0017456477609359552,1.5759222349298838,0.7842032389537327
1692875547037298734,273,0,,0.0006746896601776745,-0.7857223336395027,-0.002530922035192216,-2.35590995822143,-0.0017456477609359552,1.5759250601470554,0.7842072555140807
1692875547048511311,274,0,,0.0006746896760651696,-0.7857196944380906,-0.0025334276894205467,-2.3559069268782467,-0.0017456477609359552,1.5759215240228148,0.7842057340483145
1692875547059566866,275,0,,0.0006721051128153326,-0.7857168070301556,-0.002533506598887581,-2.3559152478990484,-0.0017463598377588719,1.5759239974396084,0.7842072555120868
1692875547070472973,276,0,,0.0006724802105429191,-0.7857175193418702,-0.002530922036083101,-2.3559099581869023,-0.0017456477609359552,1.5759250472863735,0.7842065429507222
1692875547080123251,277,0,,0.0006772742004604672,-0.785717169387876,-0.0025334276894205567,-2.3559097449510813,-0.0017474250896937315,1.5759255166136175,0.7842061902225209
1692875547091258001,278,0,,0.0006739794913071988,-0.7857167123957723,-0.0025362117491793215,-2.3559071741259396,-0.0017463598437722505,1.5759237851069976,0.7842057296311618
1692875547102038150,279,0,,0.0006772216285157422,-0.7857224501279317,-0.0025362117491793215,-2.3559071741271436,-0.0017491986007188544,1.575922467253443,0.784206425697669
1692875547112557990,280,0,,0.000674690650683837,-0.7857168307345537,-0.002530922035637655,-2.355909958501838,-0.0017463598978926557,1.5759230511996911,0.784206543433245
1692875547122397810,281,0,,0.0006779051774025939,-0.7857221732729689,-0.0025334276894205493,-2.355907174127149,-0.0017456479232981891,1.5759261189835787,0.7842043054795097
1692875547132544764,282,0,,0.0006793259669157069,-0.7857218251610495,-0.0025334277976639882,-2.3559124638406854,-0.001745647760938705,1.575923279617938,0.7842035934026869
1692875547142439834,283,0,,0.0006771865982121208,-0.7857189597026764,-0.0025340811935712923,-2.3559077329468305,-0.0017456477609359554,1.5759244522360496,0.7842089526991324
1692875547153375087,284,0,,0.000674577565803848,-0.7857195970973775,-0.0025362088145794194,-2.355907172984043,-0.0017449192075341229,1.575922580285276,0.7842046700132207
1692875547164027767,285,0,,0.0006746930450623749,-0.7857170455572015,-0.002533427689403983,-2.355907174127137,-0.0017463598370916192,1.5759254154818163,0.7842050176600404
1692875547174126918,286,0,,0.0006749273743849383,-0.7857168426819646,-0.002533427689420549,-2.355904390067385,-0.001746364221511679,1.575926823212508,0.7842065434352407
1692875547184473745,287,0,,0.0006771952256301569,-0.7857217604046938,-0.0025334276894205493,-2.3559099581869023,-0.001745648248093841,1.5759218667669659,0.7842014571718042
1692875547195562062,288,0,,0.0006743146834084875,-0.7857198275942018,-0.0025362117491793215,-2.355907146315882,-0.001746359837761622,1.5759223523423742,0.7842041921570987
1692875547206013336,289,0,,0.0006746896880929036,-0.785717519670254,-0.0025341375498935197,-2.355909958186745,-0.001745766122262051,1.5759245849690067,0.7842035934020473
1692875547216180604,290,0,,0.0006746984436243302,-0.7857189586957644,-0.0025309220476592044,-2.3559124638406854,-0.001744325334554998,1.5759214296083868,0.7842089090381169
1692875547227459226,291,0,,0.0006715304432966942,-0.7857171232979131,-0.002533427689420617,-2.3559124638406854,-0.001746971596450603,1.575922970161784,0.7842021692665749
1692875547237598180,292,0,,0.0006772219933290374,-0.7857220938050637,-0.0025308957324819774,-2.355909710598844,-0.001745037409397285,1.5759242114014358,0.7842072687575388
1692875547248076984,293,0,,0.0006774582485212503,-0.7857150401790239,-0.002533427689272067,-2.355915247899046,-0.001746359837758872,1.5759212099302926,0.7842065304078697
1692875547258413777,294,0,,0.0006749497847109761,-0.785725035398191,-0.002536211749179319,-2.3559077237894637,-0.0017456477609359554,1.5759237855197348,0.7842021692484066
1692875547269336324,295,0,,0.0006747159802101821,-0.7857223588348119,-0.002533427364690232,-2.35590717411453,-0.0017456482480196019,1.5759215679365244,0.7842050175563327
1692875547279518339,296,0,,0.0006746896765107222,-0.7857150141286241,-0.002538717402956717,-2.355907174127143,-0.0017456477609442043,1.575923402137385,0.784205733886809
1692875547289126259,297,0,,0.0006746896760652668,-0.7857228182248821,-0.002530922035637655,-2.3559071741271436,-0.0017495555935634506,1.5759236432812085,0.7842043053180762
1692875547300467346,298,0,,0.0006721840222823646,-0.7857170527926528,-0.002530922035637655,-2.355902164827313,-0.001746359855799007,1.5759222213673552,0.7842021295182529
1692875547310538722,299,0,,0.0006739804650351794,-0.7857196175844793,-0.002530922035637655,-2.3559043869772442,-0.0017463583764727511,1.575922153721062,0.7842086782113812
1692875547321342555,300,0,,0.0006750644815849472,-0.7857219813075049,-0.0025387174029622163,-2.3559124638406677,-0.0017456477609277064,1.5759204004412108,0.7842079545068209
1692875547331580457,301,0,,0.0006731114362662564,-0.7857195912388589,-0.002530922035637655,-2.355909957169417,-0.0017450374093734551,1.5759218678283575,0.7842072555118403
1692875547341838235,302,0,,0.0006686985181515431,-0.7857168335205611,-0.0025330525912475167,-2.3559071744420623,-0.0017450374093734551,1.5759253050120081,0.7842079690605009
1692875547352448904,303,0,,0.0006725854191723252,-0.7857195920706268,-0.00253621176120637,-2.355909958186904,-0.0017456477609359552,1.5759244580503258,0.7842093917969436
1692875547363429724,304,0,,0.0006772040855284295,-0.7857195885092847,-0.002536211749179389,-2.3559106468386326,-0.0017456478150563604,1.5759219907912234,0.784206541981689
1692875547372999967,305,0,,0.0006747413068967149,-0.7857196146368344,-0.0025362107749883705,-2.355910213296633,-0.001745647760936872,1.5759227095935324,0.784205483797085
1692875547383188770,306,0,,0.0006774330289851514,-0.7857243465122777,-0.002533427689404051,-2.3559099610256453,-0.0017456477609359554,1.575921054833285,0.7842050180289608
1692875547394152702,307,0,,0.0006746893526767609,-0.7857196676314513,-0.0025334276894205493,-2.3559124638407014,-0.0017456477609359554,1.5759218686869991,0.7842079675887841
1692875547405385557,308,0,,0.0006771952216028895,-0.7857146549159799,-0.002533506598887581,-2.3559099581869023,-0.001746359837758872,1.5759250456094853,0.784210815896073
1692875547415557656,309,0,,0.0006772040974051882,-0.7857242395729068,-0.00253621175051566,-2.3559099581869023,-0.0017467149217371585,1.5759227102912885,0.7842024378668929
1692875547425139060,310,0,,0.0006744500252397898,-0.7857220981966475,-0.002536211749179344,-2.3559069268782467,-0.0017456477669493338,1.5759233925762195,0.7842014572263123
1692875547436523162,311,0,,0.0006747681497684731,-0.7857170719754515,-0.0025362117491793215,-2.3559099581855065,-0.0017456477609359893,1.5759218814459293,0.784201470417281
1692875547447055792,312,0,,0.0006746896765082456,-0.7857195881473872,-0.0025355015639760337,-2.3559099581869023,-0.001746359837758872,1.5759232853602094,0.7842007450950561
1692875547457154953,313,0,,0.0006746896760652667,-0.7857219815980488,-0.0025309220236106058,-2.3559071741271436,-0.0017456479232971708,1.575925684574134,0.7842043053180042
1692875547467198961,314,0,,0.0006721840222823646,-0.78572041082317,-0.0025334276894203455,-2.355904142818488,-0.0017463598377616216,1.575921997593046,0.7842075241303249
1692875547478614622,315,0,,0.0006747656615222119,-0.7857223332403662,-0.0025362088266064685,-2.355907174125748,-0.001746359837758872,1.5759237566328639,0.7842028687526543
1692875547489344623,316,0,,0.0006772745630313024,-0.7857169188815986,-0.0025309220356211568,-2.3559071741271436,-0.001746359837758872,1.5759237852007133,0.7842028813257931
1692875547499297182,317,0,,0.000669402886385036,-0.7857198237864833,-0.002536211749179321,-2.355907171074688,-0.0017467130128708149,1.5759256839107356,0.7842072149761794
1692875547510301641,318,0,,0.0006746955210677789,-0.7857192945640993,-0.002533401386264872,-2.355907182630395,-0.0017463598437722505,1.575922337671508,0.7842101038190213
1692875547521076716,319,0,,0.0006772040974400165,-0.7857228120128933,-0.002536211749030839,-2.355904619655694,-0.0017457662846233003,1.5759230934928603,0.7842079674272758
1692875547532508326,320,0,,0.0006721841305733253,-0.785721825163758,-0.0025334276894205484,-2.355907199638246,-0.0017463729896863968,1.5759246147645822,0.7842049783104752
1692875547542238656,321,0,,0.0006729029621113173,-0.7857250612603692,-0.0025341378746238366,-2.3559043900678165,-0.0017456477611586844,1.5759218674152107,0.7842043054788451
1692875547553546506,322,0,,0.0006724236729498405,-0.7857176254314342,-0.0025362120779186545,-2.3559050788321687,-0.0017456492221868962,1.5759233927355019,0.7842016988434287
1692875547563201948,323,0,,0.0006721840263408696,-0.785722095230779,-0.002535975020783793,-2.3559071741388076,-0.0017463598377836186,1.5759252914455228,0.7842022089770907
1692875547573297256,324,0,,0.0006721927898413006,-0.7857228885282791,-0.0025362029774517463,-2.3559099581869023,-0.0017456477609359556,1.5759210666927572,0.7842079677529786
1692875547583029650,325,0,,0.0006772771605460616,-0.7857168040995751,-0.0025362114243004546,-2.3559099581869023,-0.001746359837758872,1.5759257562329805,0.7842050175563355
1692875547594460195,326,0,,0.0006749254264256622,-0.7857205683111447,-0.002533401386263038,-2.3559099581869023,-0.0017450330255141756,1.5759218671975395,0.7842035890420361
1692875547604291244,327,0,,0.0006799881611582463,-0.7857203309993274,-0.0025334276889751027,-2.3559071741271436,-0.0017456872146370795,1.5759255165597623,0.7842022840971922
1692875547615374850,328,0,,0.0006721869448515027,-0.7857175193460469,-0.002536211749179319,-2.355909216327158,-0.0017463554541223096,1.5759251635829885,0.784197565696725
1692875547625132951,329,0,,0.0006746895678713142,-0.7857223325573988,-0.0025309223603679717,-2.35590717411458,-0.0017456477608617182,1.5759212280208874,0.7842079538069634
1692875547636319985,330,0,,0.0006782211703155069,-0.7857244868534532,-0.0025309220356394876,-2.3559043625952847,-0.001745647760935955,1.5759236443867335,0.7842079675887036
1692875547646461179,331,0,,0.0006806993209799506,-0.7857206478245309,-0.002533427364690232,-2.355907174126678,-0.0017450374093734551,1.5759223509068698,0.7842043054795097
1692875547657226259,332,0,,0.0006721840263463982,-0.7857224622567583,-0.0025362117491774883,-2.3559099581869023,-0.0017450374093734551,1.57592222427118,0.7842069217260511
1692875547668023806,333,0,,0.0006746896760671176,-0.7857249914580577,-0.0025362117491793206,-2.3559099581869023,-0.0017463598377588719,1.5759226181812662,0.7842051311294812
1692875547678230669,334,0,,0.0006746926360016853,-0.7857198265690976,-0.0025334276894205493,-2.3559071996369503,-0.0017456477609359552,1.575920592806099,0.7842053783628204
1692875547689455546,335,0,,0.0006746896760819682,-0.7857217339144328,-0.0025362117491793215,-2.355904948849531,-0.0017467130128708149,1.5759229312342147,0.7841997024175325
1692875547700074677,336,0,,0.0006771952216047152,-0.785722095119966,-0.0025383419800588665,-2.3559099581743403,-0.0017456477669493338,1.5759219236048956,0.7842021692306821
1692875547710579401,337,0,,0.0006771954380877884,-0.7857230563043144,-0.002533427725496196,-2.3559043900673844,-0.0017463598377589738,1.5759237692305241,0.7842031499437155
1692875547720510224,338,0,,0.0006746107666000604,-0.7857196677440511,-0.00253342768942116,-2.355907117220651,-0.0017450374093734553,1.5759210545282187,0.7842050177743652
1692875547731467405,339,0,,0.000672262929866724,-0.7857221029938125,-0.0025334276894205493,-2.3559043900670633,-0.0017456479232971708,1.5759243626807573,0.7842035938932613
1692875547741414203,340,0,,0.000669402886379522,-0.7857196952000063,-0.0025334276894205493,-2.3559126934289467,-0.0017450374093762049,1.5759261445495116,0.7842072687575468
1692875547751513464,341,0,,0.0006746896761147751,-0.7857274637486911,-0.002533489063450463,-2.3559071741310316,-0.0017450417931262738,1.575921053449965,0.7842072555122862
1692875547761071487,342,0,,0.0006746896760652601,-0.7857195911378213,-0.002536211858462135,-2.3559100347163224,-0.0017456609122686495,1.5759272112365525,0.7842014179259476
1692875547772268300,343,0,,0.0006746809083467001,-0.7857196942550598,-0.002533427689421166,-2.3559092404219277,-0.0017460028449884815,1.5759218667750716,0.7842065434350174
1692875547783062041,344,0,,0.0006749614703406516,-0.7857201841929217,-0.002530922035637655,-2.3559099581985663,-0.0017456477629404152,1.5759218688484942,0.7842073747213514
1692875547793149387,345,0,,0.000677195334451014,-0.785725632610711,-0.002536211640935882,-2.3559064293279977,-0.0017463600001201213,1.5759222591536888,0.7842021692506459
1692875547803995025,346,0,,0.0006799803637801594,-0.7857168305829018,-0.0025362117491787104,-2.3559099581826977,-0.001745647760936872,1.5759232926300928,0.7842065439258122
1692875547815446392,347,0,,0.0006768172703026602,-0.7857224495323614,-0.0025362117491793215,-2.3559071741271436,-0.0017456477609359554,1.5759257620549971,0.784201776953588
1692875547826101123,348,0,,0.0006721850084659037,-0.7857243544134919,-0.0025334276894205493,-2.3559071741271436,-0.001746359837758872,1.5759266198223603,0.7841991814397234
1692875547836311994,349,0,,0.0006736306565771349,-0.7857228355846321,-0.0025334539925762263,-2.3559071741271436,-0.0017450374093734553,1.5759218803420496,0.7842028827969438
1692875547847514657,350,0,,0.0006771953740949361,-0.7857222031471626,-0.002533427689569031,-2.3559071741271436,-0.0017456477609359554,1.5759222243223587,0.7842021692486355
1692875547857980926,351,0,,0.0006744617152232806,-0.7857248736299732,-0.002538717402962217,-2.355909949029536,-0.0017450417931262736,1.5759237563649677,0.7842014571718042
1692875547869166596,352,0,,0.0006746867522055606,-0.7857243456775854,-0.0025334276894205493,-2.3559064323804013,-0.0017469701893461185,1.5759234017046286,0.7842014571718042
1692875547880330309,353,0,,0.0006795889094829118,-0.7857196676314466,-0.0025334276894205493,-2.355904390025513,-0.001746359837758872,1.5759219844951564,0.7842057252725049
1692875547890426679,354,0,,0.0006746897166007406,-0.7857242398952647,-0.0025362117491793215,-2.3559071731096575,-0.0017450374093734553,1.5759229399016792,0.7842053783630419
1692875547900674215,355,0,,0.0006751524498276516,-0.7857171229950458,-0.0025362117491793215,-2.355909958073831,-0.0017495541322770241,1.5759219888114815,0.7842047692528852
1692875547910610513,356,0,,0.000677195619976204,-0.785721972446083,-0.0025387174029622163,-2.355907174127142,-0.0017456478150316135,1.575925167709763,0.7842007451028354
1692875547921534077,357,0,,0.000674689676066897,-0.7857221733949933,-0.0025330522665172,-2.3559124638406854,-0.0017456477609362607,1.575925177901181,0.7842035541568303
1692875547931035450,358,0,,0.0006713861598934862,-0.785727576253015,-0.0025362117852549683,-2.3559071741271436,-0.0017460028449142418,1.5759229320406942,0.7841999312922333
1692875547942462465,359,0,,0.0006793258421489522,-0.7857221232508546,-0.0025362377276048854,-2.3559064324854315,-0.0017463598397633314,1.5759255734117132,0.784202173663786
1692875547953133285,360,0,,0.0006771875483296068,-0.7857231273103878,-0.0025309220357843036,-2.3559043900255134,-0.0017469716505723227,1.5759222649887779,0.784202169248652
1692875547964273906,361,0,,0.0006724207463278548,-0.7857217339552599,-0.0025362117491793223,-2.355909958186902,-0.001748237548939101,1.5759237697163255,0.7842021692486272
1692875547974150727,362,0,,0.0006746896800742018,-0.7857196949068462,-0.0025334276894205493,-2.3559099581869023,-0.0017450374635680998,1.5759225939736023,0.7842050175563328
1692875547984757033,363,0,,0.000677195329848222,-0.7857175325817783,-0.002530922035637655,-2.355909982679224,-0.001745647760936873,1.5759251633473015,0.7842071377744919
1692875547995506862,364,0,,0.0006714748112522847,-0.7857146550286599,-0.0025362107749883705,-2.355907146655182,-0.0017460028449142418,1.5759222249330784,0.7842025281124896
1692875548006185205,365,0,,0.0006781423304437733,-0.785719219016508,-0.0025334276894150498,-2.3559071741619815,-0.0017450374113779147,1.5759225918558832,0.7842079675867875
1692875548017692380,366,0,,0.0006771164257269682,-0.7857228183354104,-0.002530922035637655,-2.355907196584495,-0.001745038870624406,1.5759227009240384,0.7842083264528944
1692875548027692756,367,0,,0.0006771952202684668,-0.7857199189135036,-0.0025362117491793215,-2.3559099581872824,-0.00174635967541846,1.5759232839086446,0.7842072555060802
1692875548038549380,368,0,,0.0006771954380890029,-0.7857204215771144,-0.0025334276894205493,-2.3559071741271436,-0.001747385634959299,1.5759240051972172,0.7842065434352389
1692875548048420249,369,0,,0.0006746896760670923,-0.7857196146509424,-0.0025334276894205493,-2.3559041424793263,-0.001745647778307921,1.5759257578719592,0.7842021699027247
1692875548059039557,370,0,,0.0006669021021086142,-0.7857205696194894,-0.002533401386264872,-2.3559099581855043,-0.0017443384838090918,1.5759251783850095,0.7842042923975613
1692875548070407611,371,0,,0.000674689676109253,-0.7857206222797379,-0.002533427689272067,-2.355907137497677,-0.0017450374094476946,1.575926112532757,0.784204899818689
1692875548080930599,372,0,,0.0006743158379847294,-0.7857198540423914,-0.0025334276894205484,-2.3559099581866954,-0.0017463598377588723,1.5759261198030543,0.7842065304071303
1692875548091110574,373,0,,0.0006757749826090297,-0.7857217693478772,-0.002530924958210508,-2.355909958501838,-0.001746359837758872,1.5759219845046826,0.7842018184689399
1692875548102166123,374,0,,0.0006747160068044486,-0.7857220518168386,-0.0025386384935116822,-2.355909958186904,-0.0017450388706243948,1.5759218584589663,0.7842043054855691
1692875548113269843,375,0,,0.0006768299347507266,-0.7857245175722619,-0.0025309220351922086,-2.3559071741271436,-0.0017463642215199391,1.5759230910675712,0.7841992148554243
1692875548123320353,376,0,,0.0006771953660936228,-0.785716553474893,-0.0025387174029622085,-2.355909957169417,-0.0017443209487654984,1.5759223480149476,0.7842028813257902
1692875548133309496,377,0,,0.0006772040974076352,-0.7857189794349263,-0.0025334276894205493,-2.3559124647854754,-0.0017456477608617156,1.5759230486148745,0.7842007450949813
1692875548144486579,378,0,,0.0006799628282328165,-0.7857203398616647,-0.0025334276894205493,-2.355909240421501,-0.0017456521446887734,1.5759234162401554,0.784206543489747
1692875548154320460,379,0,,0.0006721840220018962,-0.7857217617249658,-0.002538954131363312,-2.3559099582218948,-0.0017456609122686495,1.5759258759346253,0.7842072555120628
1692875548165293490,380,0,,0.0006739794908619703,-0.7857189538265225,-0.002538717404298555,-2.3559099581869023,-0.00174568721478556,1.575922342024629,0.7842079675887814
1692875548176185830,381,0,,0.0006749263961456602,-0.7857223411697064,-0.002536211749179329,-2.3559099581492178,-0.00174564824824232,1.5759257759649519,0.7842046662862929
1692875548186151919,382,0,,0.0006721840262912398,-0.7857175223984983,-0.0025362117491793215,-2.355904390067384,-0.001742451927529415,1.5759237610727612,0.7842057693877549
1692875548197423835,383,0,,0.0006775109619673996,-0.7857198353988267,-0.0025362117491793215,-2.3559099581869023,-0.0017463642034711172,1.575925047231204,0.7842050175565571
1692875548206983616,384,0,,0.0006825639567648841,-0.7857199304588501,-0.0025334276894205493,-2.3559100347163224,-0.0017450330255881095,1.5759264585141761,0.7842057296331557
1692875548217113925,385,0,,0.0006746983367170925,-0.7857219724936276,-0.002531632220840942,-2.3559124638419813,-0.0017463598376846322,1.5759190604518407,0.7842086796656043
1692875548227541341,386,0,,0.0006747695584149414,-0.785719303106417,-0.0025309220476647035,-2.355907164969777,-0.0017460028449142405,1.5759247614981786,0.7842072555120619
1692875548238394421,387,0,,0.0006737349693664628,-0.7857146429741875,-0.002536211749179389,-2.3559099581868503,-0.0017456477629404147,1.5759229265694914,0.7842057296331557
1692875548248155344,388,0,,0.0006746896598972175,-0.785722421617412,-0.0025334276894205493,-2.355901608842049,-0.0017456477609359893,1.5759250587093754,0.7842079675887814
1692875548258275328,389,0,,0.0006728941945503423,-0.7857220087486513,-0.0025334276894205493,-2.3559126934289947,-0.0017450378964571018,1.5759210980071172,0.784199925478697
1692875548269043110,390,0,,0.0006721840262913077,-0.7857229003156763,-0.0025334276894205493,-2.3559124638419813,-0.0017450374093762049,1.5759218725633768,0.7842039637457664
1692875548279183770,391,0,,0.0006746896760653272,-0.7857143867491693,-0.0025362117491793215,-2.3559071741271436,-0.0017450374093734553,1.5759229437759177,0.78420725556657
1692875548290557807,392,0,,0.0006771953298481541,-0.7857198308165871,-0.0025362117491793215,-2.3559124638406854,-0.0017465176528603328,1.5759265768499857,0.7841999312928983
1692875548300119597,393,0,,0.0006746896760652593,-0.7857224593114468,-0.0025362117491793215,-2.3559099581869023,-0.0017457661249346635,1.575921053457286,0.7841992236312338
1692875548310180499,394,0,,0.0006747016908681515,-0.7857225287993236,-0.0025362117491793215,-2.3559071741271436,-0.00174503741137796,1.5759241143670006,0.7842065831717436
1692875548321257207,395,0,,0.0006721552656680172,-0.7857230489077859,-0.0025334276894205493,-2.3559099551344467,-0.001745041793126285,1.5759254032453385,0.7842007450952057
1692875548332462347,396,0,,0.0006771865258861166,-0.7857199329697236,-0.002530922035637655,-2.3559071741271262,-0.0017482331652027801,1.5759230441445844,0.7842021697937085
1692875548343289896,397,0,,0.0006746809082970016,-0.7857217339513721,-0.0025334277976639882,-2.3559099550213927,-0.0017469745911143253,1.5759262627221935,0.7842007496736677
1692875548353069016,398,0,,0.0006779055019679228,-0.7857242517040149,-0.002536211749181154,-2.3559124638406317,-0.0017450505607064552,1.57592152827838,0.7842028945714181
1692875548364466437,399,0,,0.0006747218277368179,-0.7857196176287876,-0.0025308957324819774,-2.3559099581869023,-0.0017463603249167582,1.57592222012582,0.784201457171879
1692875548375231266,400,0,,0.0006747656617037091,-0.7857151206331964,-0.002536211749030839,-2.3559097109380054,-0.0017456493845508603,1.575922939470998,0.7842043053180042
1692875548385043505,401,0,,0.0006771985783790024,-0.785719029776177,-0.0025334276894205467,-2.3559071741229562,-0.0017456477609634515,1.5759226285596368,0.7842007450949786
1692875548395947924,402,0,,0.000679979389625264,-0.7857249551985588,-0.0025334276894205493,-2.3559099581869023,-0.001745766122262051,1.5759223507362126,0.7842035934026869
1692875548406668891,403,0,,0.0006746896760652596,-0.7857192265850755,-0.002533348779953517,-2.3559071741271436,-0.0017456609141988698,1.5759218686413503,0.7842007450949813
1692875548417328949,404,0,,0.0006754261870906019,-0.7857203421160627,-0.0025362117848150216,-2.355904948887072,-0.0017456521447630244,1.5759218671796138,0.7842035934026869
1692875548428471643,405,0,,0.0006746896802228856,-0.7857225315893793,-0.0025334276894207505,-2.355909958174341,-0.0017456477609607021,1.5759230691566966,0.7842058486809397
1692875548438110363,406,0,,0.0006768026572732744,-0.7857170468061773,-0.0025362118574227604,-2.355904945834616,-0.0017443253325505389,1.5759214584418257,0.7842028813278801
1692875548449460197,407,0,,0.0006721840702906944,-0.785726745658088,-0.002536211749179932,-2.355904390054806,-0.0017467149217371585,1.5759222433529434,0.7842050175563328
1692875548459484648,408,0,,0.000676820192870827,-0.7857231280733429,-0.0025334276894205493,-2.355907174127143,-0.0017456477669493338,1.575921867361269,0.784206543435239
1692875548470275319,409,0,,0.0006765834764957479,-0.7857198368178219,-0.0025362117491793215,-2.3559078628919274,-0.001746359837758906,1.5759261590289664,0.7842014967467285
1692875548480452600,410,0,,0.0006725000111976665,-0.7857181984652041,-0.0025334286636115003,-2.3559071741388076,-0.0017456477609359554,1.5759250505273326,0.7842028945720108
1692875548491342240,411,0,,0.0006746809101304669,-0.7857203839567899,-0.0025362117491848205,-2.355907249639079,-0.001746359837758872,1.5759226971734739,0.7841999312929727
1692875548502144065,412,0,,0.00067719532979867,-0.7857204095152727,-0.0025310006203743698,-2.35590717412757,-0.0017456478150563604,1.5759254380687089,0.7842041877419398
1692875548512545923,413,0,,0.0006722190925178329,-0.7857223322321469,-0.0025362117505101606,-2.3559099581869023,-0.0017463598377597887,1.5759261183900373,0.7842065439238183
1692875548523064244,414,0,,0.0006747159789398337,-0.785717401254712,-0.002536211749179329,-2.355907146617359,-0.0017450374093734553,1.5759221576151905,0.7842028813258668
1692875548533179952,415,0,,0.0006747159791873026,-0.7857219992022146,-0.00252841638185476,-2.3559124628227344,-0.0017451557706995508,1.57592233782558,0.784199931292898
1692875548544459124,416,0,,0.0006800098241554325,-0.7857142984459439,-0.0025355016000571805,-2.3559071741621307,-0.0017453924940198948,1.5759261200011063,0.7842018179785873
1692875548554161117,417,0,,0.00067219283750494,-0.7857218251597038,-0.0025362117371528835,-2.355907174127144,-0.0017463598437722618,1.57592297889456,0.7842028813440334
1692875548565004008,418,0,,0.000677274237927722,-0.7857205432500308,-0.0025387174390432946,-2.3559097109380054,-0.0017450374093734892,1.5759233977742901,0.7842079675887815
1692875548575215471,419,0,,0.0006725587970613956,-0.785722060978067,-0.002536211749179932,-2.3559077328295897,-0.00174672616412927,1.5759214235742443,0.7842050175563328
1692875548585480279,420,0,,0.0006746899647030387,-0.7857270632629855,-0.0025362118574227604,-2.355911747566115,-0.0017461212245031901,1.5759213037419992,0.7842072555120619
1692875548595501805,421,0,,0.0006747684758565141,-0.7857220086758082,-0.002530948338795165,-2.355912381412256,-0.0017463598457770192,1.575922939594703,0.7842069010631076
1692875548605941391,422,0,,0.0006771982528126036,-0.7857267747777253,-0.002533427689569031,-2.355907146315417,-0.0017460028449142872,1.5759210151067526,0.7842079675908001
1692875548616073652,423,0,,0.0006729029621589841,-0.7857189531606555,-0.002536211749179324,-2.355909958186431,-0.0017469701953347504,1.575925167707055,0.784203593402687
1692875548626792768,424,0,,0.0006746984557994365,-0.7857144142440052,-0.0025334364571391083,-2.3559071741271436,-0.001745653605939815,1.5759223814692815,0.7842057296331557
1692875548637458427,425,0,,0.0006721853212295363,-0.7857220942007109,-0.0025362380523844927,-2.355907853734561,-0.0017456477609689505,1.575921866697992,0.7842057311048752
1692875548647418421,426,0,,0.0006774320539595691,-0.7857249814225834,-0.0025362117496247685,-2.3559071741386526,-0.0017456477609359559,1.5759271837805942,0.7842080073252361
1692875548658581856,427,0,,0.0006746896774015739,-0.7857146438485113,-0.0025309220356376574,-2.355909875770603,-0.0017456477609359554,1.5759262188120238,0.7842058488426695
1692875548669344893,428,0,,0.000679562895466736,-0.7857245074217912,-0.0025334277255016956,-2.355907174126678,-0.0017476822661442887,1.5759203699350093,0.7842072599278938
1692875548679479150,429,0,,0.0006771954781845532,-0.7857232087192708,-0.00253342768942116,-2.3559099581869023,-0.0017456477609359554,1.5759225238880674,0.7842089880204782
1692875548690041339,430,0,,0.0006772040974078587,-0.7857168071670598,-0.0025359759949691763,-2.3559099581869023,-0.0017450374093734553,1.5759230883316189,0.7842021692670208
1692875548701605763,431,0,,0.0006779055021658987,-0.7857196146368456,-0.002536211639605043,-2.355909949029536,-0.0017456477609359554,1.5759230484383322,0.7842065434352391
1692875548711416390,432,0,,0.0006754261630369433,-0.7857244900867033,-0.0025387174029603606,-2.35590436259513,-0.0017456477609359554,1.5759218686531657,0.7842021692486272
1692875548722107527,433,0,,0.0006739791702891454,-0.785722806428663,-0.0025362117491793215,-2.3559099490293804,-0.0017456477609359554,1.5759202784982924,0.7842053764204459
1692875548733428205,434,0,,0.0006771955423182916,-0.7857223424839336,-0.0025362117852604678,-2.3559092404214437,-0.001746386627040045,1.5759218666953083,0.784207255510068
1692875548743691217,435,0,,0.0006721840222859627,-0.7857177607080834,-0.0025309220356382655,-2.355912463875678,-0.0017456477613896342,1.5759251633470441,0.7842057296331556
1692875548754052732,436,0,,0.0006794047546827145,-0.785719059747127,-0.0025334276894205493,-2.3559071741271436,-0.0017456477609359578,1.575923638428648,0.7842065434352389
1692875548765148474,437,0,,0.0006722103374312342,-0.7857226789333432,-0.002533401386264872,-2.3559071741271436,-0.0017456477609359554,1.575921985892188,0.7842079675887813
1692875548775498650,438,0,,0.0006693298210610774,-0.7857198354471145,-0.0025334276889751027,-2.3559099307148026,-0.001746970189321372,1.5759227110469998,0.7842050175563327
1692875548786437539,439,0,,0.0006746925981889311,-0.7857219753855175,-0.002536211749179319,-2.3559124363684307,-0.0017450374093734553,1.5759211727308917,0.7842072555120618
1692875548796714455,440,0,,0.0006771953298976405,-0.7857195894944983,-0.0025327175042172616,-2.355907174126678,-0.0017452926683343118,1.5759222347928876,0.7842035934026869
1692875548807357609,441,0,,0.0006746984436241269,-0.7857177581965054,-0.0025387173989532,-2.3559097109380054,-0.0017463583744679373,1.5759219248976029,0.7842040765976739
1692875548817200196,442,0,,0.0006771953299966334,-0.7857221733976918,-0.0025334273646901643,-2.355912463836498,-0.0017456872146865395,1.5759243950905206,0.784205500697381
1692875548827968464,443,0,,0.0006771954741701115,-0.7857230478014724,-0.0025362117491774883,-2.3559100347163224,-0.0017463598379815896,1.5759211052396782,0.7842028813079186
1692875548839113298,444,0,,0.0006743116165150809,-0.7857167965148709,-0.0025334364571391083,-2.355909958187334,-0.0017463598377588732,1.575922025616875,0.7842079675887813
1692875548849470048,445,0,,0.0006749268691515416,-0.7857243456395707,-0.0025408479587205606,-2.3559071741271436,-0.0017456521446887736,1.5759220252962598,0.7842065434352389
1692875548859977067,446,0,,0.0006746897134847103,-0.7857189796274812,-0.002536211761206371,-2.355909949029536,-0.0017456479233219173,1.5759237472411476,0.7842049784740005
1692875548871529752,447,0,,0.0006721840222825758,-0.7857224611002173,-0.0025309304786259646,-2.3559098754313896,-0.001745647760936872,1.5759262366074798,0.7842076163731324
1692875548881503308,448,0,,0.0006779025795435526,-0.7857189598224623,-0.002539427588308486,-2.3559099581855008,-0.0017450374093734553,1.5759218842116938,0.784207254076682
1692875548892082076,449,0,,0.0006774291714376526,-0.7857170699889642,-0.0025327175082262786,-2.3559072509714998,-0.0017456477609359554,1.5759261245194098,0.7842076163188368
1692875548902547716,450,0,,0.0006799910836455435,-0.7857168310176377,-0.002530922023610674,-2.3559124638419866,-0.0017467130128708149,1.575921092844929,0.7842079530714483
1692875548913155505,451,0,,0.0006728941946166293,-0.7857203077987538,-0.002532717504217194,-2.3559071741271436,-0.001745649228200273,1.5759237605084844,0.7842065434351569
1692875548924116630,452,0,,0.0006771954420985651,-0.7857177931221049,-0.002533427685411533,-2.3559092164402116,-0.001745037409381738,1.5759270356414774,0.7842065434352389
1692875548935394674,453,0,,0.0006779844462273342,-0.7857175193837754,-0.0025309220356376323,-2.355912489346305,-0.0017456478150563606,1.575926954481033,0.7842072555120618
1692875548945150452,454,0,,0.0006749264135184317,-0.7857224491809378,-0.0025362117491793215,-2.3559071744425113,-0.001745037409374372,1.5759230892036538,0.7842014570102986
1692875548956288958,455,0,,0.0006746896774016491,-0.7857199456627086,-0.0025362117491793215,-2.3559064323804546,-0.0017450374093734553,1.5759219235479327,0.7842006273574105
1692875548966385800,456,0,,0.0006779318047930302,-0.7857220881129977,-0.0025362127233702725,-2.355907174114582,-0.0017450374093734553,1.575923051822724,0.784199931290904
1692875548976967909,457,0,,0.0006721781812408504,-0.7857223617030806,-0.0025334276894260484,-2.3559099581869023,-0.001746359837758872,1.5759234110679752,0.7842007450949813
1692875548987298555,458,0,,0.0006747695581693539,-0.7857222118688135,-0.0025362117491793215,-2.3559071741271436,-0.0017456477609359554,1.5759230881879636,0.7842014571718041
1692875548998238325,459,0,,0.0006746896765161962,-0.785722779961188,-0.0025362117852604678,-2.3559070906933592,-0.0017456477609359554,1.5759229662319896,0.7842007450949813
1692875549008532348,460,0,,0.0006770569169594388,-0.7857243574675097,-0.002536211749179932,-2.3559074037139918,-0.001746970189321372,1.5759261241610854,0.7841999312928979
1692875549018125167,461,0,,0.0006753209789559113,-0.7857167189588772,-0.0025334276894205493,-2.3559049397335934,-0.001745649222186895,1.5759245174338516,0.7842007450949813
1692875549028812118,462,0,,0.0006747160749623901,-0.7857203832433984,-0.0025362117491793215,-2.3559099578463454,-0.0017456477611586731,1.575925771420336,0.7842080867980709
1692875549039314847,463,0,,0.0006747159787584192,-0.7857277107176764,-0.002534129106905277,-2.3559092164402116,-0.0017467149217371587,1.5759242361760257,0.7842002889208414
1692875549049014595,464,0,,0.0006746896765106977,-0.7857221743063535,-0.0025305869604859664,-2.3559106467049413,-0.0017467150901117523,1.5759255749171783,0.7842014571778606
1692875549060131929,465,0,,0.0006800586223611367,-0.7857203063818448,-0.002536448461544419,-2.355909958190789,-0.0017463466881864433,1.5759238144720566,0.784199931292898
1692875549071121625,466,0,,0.0006722104336477051,-0.7857224884187354,-0.002530922036973903,-2.35591246078823,-0.0017463598376846422,1.5759250899228145,0.7842050180469059
1692875549081102293,467,0,,0.0006746633733568608,-0.7857150501486206,-0.002536211749179344,-2.355904392901756,-0.0017456477609359541,1.575926223524276,0.7841989772522953
1692875549091736949,468,0,,0.0006749263997092378,-0.7857175294930969,-0.0025334276894205493,-2.3559077329468785,-0.0017463598377588719,1.5759268306416674,0.7841999312388412
1692875549102085284,469,0,,0.0006746896774015712,-0.7857225307715962,-0.0025362117491793215,-2.355910264292022,-0.0017463598377588719,1.5759224794958182,0.7842007436414308
1692875549112475970,470,0,,0.0006746887018743309,-0.7857222001403533,-0.0025361581686770157,-2.3559071741323274,-0.0017463598377588719,1.5759266287113574,0.7842021692486025
1692875549122264539,471,0,,0.0006693999625070946,-0.7857242660596239,-0.002536211748271931,-2.3559092133877564,-0.0017463598377588719,1.5759233978486569,0.7841999182109457
1692875549133550232,472,0,,0.0006771953659286431,-0.7857228090676577,-0.002533436457139103,-2.3559044154599333,-0.0017456477609359552,1.5759271749602655,0.7841996980507515
1692875549143219999,473,0,,0.0006771979276380705,-0.7857190677120275,-0.002533427689569031,-2.355909958187332,-0.0017450520218828499,1.57592520477031,0.7842007465127919
1692875549153006819,474,0,,0.0006772216325687498,-0.785717868123231,-0.0025341378746238387,-2.3559120244812544,-0.0017456477611834196,1.5759219996707112,0.7842007450950054
1692875549164193231,475,0,,0.0006746925987333613,-0.7857242405540227,-0.002530922039646671,-2.355907174101123,-0.001747425089693733,1.5759220387531176,0.7842077323492201
1692875549175203430,476,0,,0.0006746906502549652,-0.7857256418064407,-0.0025355582450304337,-2.3559099581869023,-0.0017463598437722505,1.5759218687956298,0.7842066626472203
1692875549185414520,477,0,,0.0006778278915634817,-0.7857222087204572,-0.0025334277255016956,-2.3559124638406854,-0.0017463598377589738,1.5759241550664334,0.7842065429527411
1692875549196199255,478,0,,0.0006721837011228769,-0.7857224495328605,-0.0025309220356378582,-2.3559099581869023,-0.0017456477609359554,1.5759236777186283,0.784207255458224
1692875549206120245,479,0,,0.0006744617151740811,-0.7857199094168735,-0.0025362117491793215,-2.3559099581869023,-0.001746359837758872,1.5759227504583346,0.7842035934026788
1692875549217426238,480,0,,0.0006793261471800118,-0.7857198266131072,-0.0025334274127984274,-2.3559099581869023,-0.0017473252732996584,1.575922339745046,0.7842065434352389
1692875549228183513,481,0,,0.0006746896880937855,-0.7857221736009126,-0.002536211785258906,-2.355909966690171,-0.0017474250916981909,1.575922165076952,0.7842057296331556
1692875549239141233,482,0,,0.0006793343977229945,-0.7857242410208706,-0.002536211749179525,-2.3559071742321698,-0.0017488829765292886,1.5759257635606114,0.7842014573353286
1692875549250360933,483,0,,0.0006746909870379699,-0.7857223587213114,-0.002530922035637655,-2.3559043900673853,-0.0017469702075842586,1.5759237619797875,0.7842035929181711
1692875549261592475,484,0,,0.0006749528471606355,-0.7857227233462348,-0.002528416490098199,-2.3559124638406854,-0.0017463642215117935,1.5759261052542828,0.784204305479507
1692875549272187276,485,0,,0.0006799852360785488,-0.7857226890223131,-0.002533348779954128,-2.355907403715405,-0.001745647760960702,1.5759246025404654,0.7842093917424271
1692875549282088983,486,0,,0.0006779058269398186,-0.7857220518570392,-0.002536211856086422,-2.355909957173305,-0.0017467130128708153,1.5759261101528848,0.7842014571718041
1692875549292092255,487,0,,0.0006747685961273957,-0.7857175291950409,-0.002530912293729955,-2.3559071744420623,-0.001745648266059737,1.5759248074347616,0.7842021692486271
1692875549303324401,488,0,,0.000673979491307478,-0.7857190657417148,-0.002533427689365556,-2.3559071737879838,-0.001746478199087819,1.5759223523503607,0.7841992192160749
1692875549314503854,489,0,,0.0006740087120491826,-0.7857197723938407,-0.002536211749179321,-2.3559077295552115,-0.001746970189989525,1.57592202809574,0.7842032389537326
1692875549325108205,490,0,,0.0006771953260040922,-0.785722715112598,-0.0025334276894205493,-2.3559099581743213,-0.0017456477609359591,1.5759214077216792,0.7842079676453083
1692875549336318692,491,0,,0.0006793259548943546,-0.7857218400399067,-0.0025364484775804172,-2.3559124638406854,-0.0017453924933517417,1.5759218710577396,0.7842072555120623
1692875549347429246,492,0,,0.0006771878730546457,-0.7857223414973319,-0.002533427726838034,-2.3559071826304123,-0.0017456477629404147,1.5759241231421524,0.7842014571718042
1692875549357328646,493,0,,0.000672184022156083,-0.7857192014670705,-0.0025387963124298817,-2.355909958187046,-0.0017450417931263076,1.5759232989527492,0.7842057296331557
1692875549368226108,494,0,,0.0006729817618958494,-0.785723048904719,-0.0025387174034076625,-2.355909966690171,-0.001745647760960702,1.5759272143132341,0.7842042923975575
1692875549378739281,495,0,,0.0006721844687580248,-0.785724275885462,-0.0025316322208409495,-2.3559100347164663,-0.0017456477609359556,1.5759235123281323,0.7842007450947598
1692875549389317349,496,0,,0.000674692598587402,-0.7857224127935772,-0.0025362120779186545,-2.355907174127575,-0.0017450242577956166,1.5759243932059792,0.7842021561666749
1692875549400065075,497,0,,0.0006774586813550733,-0.7857278059507454,-0.002533427689422405,-2.35590995913171,-0.0017495555934892097,1.5759252074569243,0.7842065434351652
1692875549411331712,498,0,,0.000677195331334781,-0.7857228885826945,-0.0025334276894205493,-2.355906926878252,-0.001744919063213042,1.5759271749166455,0.7842028813258639
1692875549421404461,499,0,,0.0006798926865945675,-0.7857217457003036,-0.002533506274157264,-2.355912463836498,-0.0017463596733895109,1.5759262230630096,0.7842014586435238
1692875549432379780,500,0,,0.0006771427586487721,-0.7857220816871627,-0.0025309187887780976,-2.3559069268782467,-0.001746002844913314,1.575922235006242,0.7841992192160834
1692875549442063698,501,0,,0.0006821099055213828,-0.785722094168935,-0.0025334276893655633,-2.355909241362116,-0.0017456477669493338,1.5759210708263596,0.7842031480056488
1692875549452984617,502,0,,0.0006747161350906426,-0.7857206520356409,-0.002533427689420549,-2.355907174138813,-0.0017456477609359893,1.5759229334921052,0.7842007451131398
1692875549462998382,503,0,,0.0006775110706569304,-0.7857175207770821,-0.0025334276894205493,-2.3559099581869023,-0.0017456477609359554,1.5759219059469498,0.7842043054795101
1692875549474091279,504,0,,0.0006728680014187724,-0.7857191884213081,-0.002541223056745111,-2.3559099581869023,-0.001746970189321372,1.5759229326859898,0.784203593457195
1692875549484283090,505,0,,0.0006747608021329601,-0.7857196661305909,-0.0025362906586463532,-2.35591246078823,-0.0017467149217371585,1.5759251808076997,0.7842035934026879
1692875549495411520,506,0,,0.0006719483045364742,-0.7857177620645622,-0.002536185554712529,-2.3559064563617196,-0.0017455293987398669,1.5759234109225075,0.7842072555120619
1692875549505964904,507,0,,0.0006746925972542482,-0.785727569534405,-0.0025334276892726806,-2.355909216451876,-0.0017443253318823806,1.5759219233922628,0.7842057301237289
1692875549517085099,508,0,,0.000677224663302336,-0.7857244814180582,-0.0025387174029622155,-2.355909958182715,-0.0017467193054899733,1.575925875424187,0.7842018147996757
1692875549528492126,509,0,,0.0006747685842606532,-0.7857199922076877,-0.0025387183771531673,-2.3559074006629492,-0.0017463600021492933,1.5759229278592104,0.7842021692506459
